"GeneName"	"padj"	"pvalue"	"lfcSE"	"stat"	"log2FoldChange"	"baseMean"
"ENSG00000243649"	8.80090583307228e-36	4.32944993756015e-40	0.442598930066722	13.2530997081138	5.86580775087875	11375.8061933314
"LRG_136"	1.38728802685898e-35	1.36490360769282e-39	0.447298924924507	13.1666675826286	5.88943625454813	11107.2693644848
"ENSG00000108950"	1.50148543203043e-32	2.21588759154432e-36	0.289721852257237	12.5961913438579	3.64939188752909	3505.99959928754
"ENSG00000153898"	2.9942620888731e-32	7.36487133233251e-36	0.343566645597541	12.5010748466535	4.29495235142854	2330.47216296603
"ENSG00000244255"	2.9942620888731e-32	6.50104593486398e-36	0.394646725596332	12.5109881153548	4.93742049369939	17331.7469136704
"ENSG00000228863"	1.57493106671357e-29	4.64855686751349e-33	0.433045810421127	11.9777341472992	5.18690759082597	127.433973883746
"ENSG00000148154"	2.00454620781707e-24	6.90270732719378e-28	0.19766697687281	10.9465497042289	2.16377138722289	3381.16394874494
"ENSG00000134955"	5.8840308831084e-24	2.31563592408831e-27	0.297709052426864	-10.8363347240372	-3.22607494247343	3180.99771432335
"ENSG00000162825"	6.65457198210564e-24	3.21556622803969e-27	0.155549540628522	10.8062473431433	1.68090681014412	838.058992037386
"ENSG00000160293"	6.65457198210564e-24	3.27359896797798e-27	0.203144098998945	10.8046058437119	2.1948919191596	1606.39322120271
"ENSG00000175354"	1.24358505243687e-23	6.72935634435538e-27	0.174560922600643	10.7382699596459	1.87448231129055	1972.22821679967
"ENSG00000106605"	2.10135397557043e-23	1.24046869868384e-26	0.194641549470756	10.681650082704	2.07909292300194	2557.13479902023
"ENSG00000164136"	2.51825934952567e-23	1.61045708106226e-26	0.201098081115958	10.6573946668458	2.14318161719814	433.20386642687
"ENSG00000269713"	1.25267570739032e-22	8.6272431638452e-26	0.260189239325322	10.5001177622602	2.73201765338878	2479.19115495922
"ENSG00000275688"	2.03673114892933e-22	1.50290078876131e-25	0.638627863066283	10.4475936557671	6.67212441056739	887.958979592989
"ENSG00000197381"	3.17429721293816e-22	2.49846297751922e-25	0.242183442387005	10.3992675323603	2.51853040929043	460.879450033149
"ENSG00000105711"	6.38556605648932e-22	5.34015264464377e-25	0.391672972773749	10.326634322834	4.04466356397181	841.609395007002
"ENSG00000148459"	6.55468694356292e-22	5.80403212239928e-25	0.29285256401541	10.3186385030132	3.02183974275555	613.509546269817
"ENSG00000148175"	4.20598716324132e-21	3.93121586489498e-24	0.232665668147757	10.1333076683717	2.3576727992085	9177.4977769899
"ENSG00000206418"	4.77920763770087e-21	4.70209330745855e-24	0.166143219898245	10.1157897503402	1.68066988093518	1125.49038098162
"ENSG00000121380"	2.60773310238125e-20	2.69393915535254e-23	0.55889529867359	9.94342789841046	5.55733510512142	280.736871741669
"ENSG00000253785"	2.76152803861346e-20	2.98866670845613e-23	0.330814015838462	9.93308381716492	3.28600334721637	259.645501481603
"ENSG00000173926"	3.86778821170298e-20	4.37618697703505e-23	0.309755521703433	9.89499810700979	3.0650303008913	124.712574354443
"ENSG00000076554"	4.03367607035488e-20	4.76230941010021e-23	0.382429046970918	9.88653406702171	3.78089780109662	118.53054014419
"ENSG00000146278"	4.31185912652082e-20	5.30285705249019e-23	0.24437176248868	9.87576162556352	2.41335727435703	5736.53382644439
"ENSG00000166793"	5.76051590505751e-20	7.36783813122271e-23	0.309856708694385	-9.84273734405937	-3.04983819797354	485.598371292392
"ENSG00000275718"	6.03780924340529e-20	8.22757139642856e-23	0.688337938550233	9.83163053744989	6.76748429673578	1023.87247209984
"ENSG00000180817"	6.03780924340529e-20	8.31654165758305e-23	0.338209127438981	9.83054748081497	3.3247808857339	892.562730112482
"ENSG00000121594"	7.15566204106419e-20	1.02082939389444e-22	0.400531783818428	9.80988687240604	3.92917148806177	1857.82790719835
"ENSG00000151014"	1.5747854755395e-19	2.32406357074897e-22	0.285998428842638	9.72652073163929	2.78176964735419	147.104342219883
"ENSG00000083290"	1.99297070567872e-19	3.03926071802639e-22	0.237167798219197	9.69918178493331	2.30033358846037	835.079429019674
"ENSG00000155324"	3.25149608471083e-19	5.1184511368923e-22	0.282443641772782	9.64585171250133	2.72440948567911	99.7101638338144
"ENSG00000100644"	4.35351184144361e-19	7.06738935299287e-22	0.272791355650789	9.61269587964572	2.62226034046731	9702.96948782606
"ENSG00000166507"	7.93098946665434e-19	1.32651338973951e-21	0.13564948210233	9.54766575332937	1.29513591472528	1879.98246373913
"ENSG00000179299"	7.98328708468537e-19	1.41380526883448e-21	0.360328777490077	9.54105943399887	3.43791828181298	85.0374208601388
"ENSG00000180616"	7.98328708468537e-19	1.40461480340114e-21	0.631201076644828	9.54173568088016	6.02275383483193	666.98410026553
"ENSG00000182220"	1.38775300552186e-18	2.55284301082398e-21	0.151444067285616	-9.47958992992862	-1.43562765518816	5642.66544648435
"ENSG00000272916"	1.38775300552186e-18	2.59418605912194e-21	0.136079329502377	9.47791333561698	1.2897480917924	1911.60959309429
"ENSG00000196943"	1.69529158246159e-18	3.25247794746173e-21	0.111836587169695	-9.45428155703205	-1.05733458347986	1412.78770147866
"ENSG00000126003"	1.72951812960373e-18	3.48639972023991e-21	0.19714325167101	9.44701225567454	1.86241471465957	2295.57128617863
"ENSG00000213383"	1.72951812960373e-18	3.48830398040895e-21	0.37036810699588	9.44695508143415	3.49885087038587	72.8999831042618
"ENSG00000113583"	1.84335441159717e-18	3.80858349503548e-21	0.144560411899838	9.43775315258814	1.36432548314714	1810.81999228536
"ENSG00000276409"	2.04536313119497e-18	4.32657490364934e-21	0.612256873784738	9.4243791577747	5.77014092050117	91.9321505151562
"ENSG00000152492"	2.31846892079606e-18	5.01833099739408e-21	0.150050401822045	9.40880004287082	1.41179422709604	893.370320647305
"ENSG00000112763"	3.38729083055929e-18	7.49843011487446e-21	0.129276951015005	9.36649057744496	1.21087134356286	2277.05521799869
"ENSG00000174502"	3.805802127092e-18	8.6121063482011e-21	0.641783510131283	9.35185834127945	6.00186847251685	67.5683845197048
"ENSG00000248360"	4.66547539962278e-18	1.07869610282502e-20	0.410258193524456	9.32801749568204	3.82689560694303	101.758598389087
"ENSG00000285779"	5.73270251905575e-18	1.35364876483017e-20	0.113893492805338	9.30391692098126	1.05965559490124	6537.71216517353
"ENSG00000131203"	6.20351629618535e-18	1.49533795018242e-20	0.566021596021882	9.29333094791219	5.26022601549681	46008.8975676568
"ENSG00000182923"	9.22839103798264e-18	2.26987186097566e-20	0.234339331969422	-9.24881877655934	-2.16736201360516	756.412474168933
"LRG_474"	9.45157557223148e-18	2.37126305678771e-20	0.163545373162779	-9.24414616595369	-1.51183733428217	9414.47878339962
"ENSG00000064886"	1.01349674941979e-17	2.67678164854203e-20	0.278585381842994	9.23117540815556	2.57167052594068	341.640742945896
"ENSG00000185338"	1.01349674941979e-17	2.69228770507027e-20	0.377136334814886	9.23055677125924	3.48117834901344	695.995462521724
"ENSG00000159166"	1.02861051281196e-17	2.78303710176395e-20	0.549533480041127	9.22700535300782	5.07054836199649	796.509848539596
"ENSG00000267618"	2.09263678999609e-17	5.86778320689577e-20	0.157973433746118	9.14673943211448	1.44494183567214	759.051079879316
"ENSG00000143570"	2.11651639459396e-17	6.0388602364448e-20	0.133992746794617	9.14363327314258	1.22518053795103	5411.00554220419
"ENSG00000145287"	2.2412764015169e-17	6.50508203903468e-20	0.430281400385523	9.13559044319398	3.93087464924611	389.611115430397
"ENSG00000167986"	2.30512658152604e-17	6.80379746613352e-20	0.165993975222728	-9.13073153091857	-1.51564642350868	9711.60860057415
"ENSG00000272150"	2.5592260156557e-17	7.80558898911124e-20	0.131724633874012	9.11585038567859	1.20078205450378	697.092074788538
"ENSG00000162643"	2.88333158503785e-17	8.93594499495201e-20	0.466472806006912	9.10117538341786	4.24545081906397	64.2286424882436
"ENSG00000178719"	3.61161414921802e-17	1.13706860266604e-19	0.148583922551622	9.07497187848843	1.34839491875148	16265.8264782021
"ENSG00000110436"	4.0832395970835e-17	1.3056403670328e-19	0.576294714671495	9.05990515332473	5.22117545528608	1188.12002259531
"ENSG00000062598"	4.65064803805495e-17	1.50995066170615e-19	0.153290582941248	9.0440334301658	1.38636515665025	2258.29350784752
"ENSG00000109265"	4.79575064485934e-17	1.58065374461617e-19	0.363642745854737	9.03903193830188	3.28697839391276	83.4826518856887
"ENSG00000086062"	5.41808595183558e-17	1.8124254463047e-19	0.166723199344085	9.02406127896517	1.50452036750615	6569.54693046494
"ENSG00000126353"	5.45557817591824e-17	1.8518048708105e-19	0.431716955448707	9.02170727005431	3.89482399557731	6787.2874300052
"ENSG00000232702"	5.53883990132082e-17	1.90731401560634e-19	0.246387288991335	9.01847173398652	2.22203680138192	1017.23998970997
"ENSG00000258964"	5.98681133150945e-17	2.09102520925409e-19	0.273277187400633	9.00839055477743	2.46178763381601	806.653760319445
"ENSG00000178567"	1.00066891687467e-16	3.54428187795044e-19	0.144568656084479	8.95032782648248	1.29393686539009	640.637245042584
"ENSG00000196954"	1.07487733610524e-16	3.85999830458887e-19	0.205061915901879	8.94090393282316	1.83343889035936	4136.33876140979
"ENSG00000273136"	1.08886701379688e-16	3.96380160473086e-19	0.13754869961841	8.9379712539019	1.22940632320094	1964.73611630641
"ENSG00000173744"	1.19853864000703e-16	4.42199911454778e-19	0.126219703525901	8.92587242858098	1.1266209716455	2249.60564057957
"ENSG00000087085"	1.22167793451912e-16	4.56746964893022e-19	0.531933628510315	8.92228937270256	4.74606576064069	222.210669319143
"ENSG00000131378"	1.39975703300841e-16	5.30210997351672e-19	0.223659109557244	8.90576089641743	1.99185455202244	4796.14893738317
"ENSG00000253838"	1.46136371362473e-16	5.60735781497094e-19	0.510559947021374	8.89954997204632	4.54375376224205	143.59472774378
"ENSG00000075420"	1.55454798710279e-16	6.04138582158207e-19	0.228455814849232	8.89127095546603	2.0312625511763	5935.36892928521
"ENSG00000053747"	1.58301001629877e-16	6.22987019401326e-19	0.577129765861216	8.88785715444049	5.12944691855017	431.475485879295
"ENSG00000188676"	1.95804571192461e-16	7.80213019804672e-19	0.550674287833848	8.86281169089875	4.88052251609117	628.715387648222
"ENSG00000123094"	2.1464537014388e-16	8.65846140879483e-19	0.273258168291107	8.85119822759245	2.4186622148534	100.927086372571
"ENSG00000107968"	2.20050843299035e-16	8.98475993399248e-19	0.197149993998374	8.84706930474125	1.74419966033294	1181.71267173369
"ENSG00000139146"	2.37912478727741e-16	9.83109416230336e-19	0.160037845020871	8.83701386758409	1.41425665578771	1021.31125082049
"ENSG00000286600"	2.67078328285054e-16	1.11676790162483e-18	0.55852574221545	8.82275572031974	4.9277361870772	320.208407129063
"ENSG00000113368"	3.19978220882978e-16	1.35370557831248e-18	0.288526630544423	8.80119196916889	2.53937826363893	1370.75704716219
"ENSG00000092871"	3.71432748609807e-16	1.58966199965826e-18	0.171811356825633	8.78314488062812	1.50904403913683	1908.03807228408
"ENSG00000076641"	3.76356103444295e-16	1.62924720105755e-18	0.213635572251474	8.78037899159835	1.87580129045493	2558.64852335112
"ENSG00000146457"	5.37606296998152e-16	2.35374657776641e-18	0.246636683751713	8.73890789881535	2.15533526377547	5672.79321132032
"ENSG00000128791"	5.46579618334647e-16	2.41992156877795e-18	0.214542782962193	8.73577456556227	1.87419738662608	358.778688644776
"ENSG00000233621"	5.56206177440859e-16	2.51726526586772e-18	0.178624821296724	8.73131589143192	1.55962974079227	373.141007235025
"ENSG00000155287"	5.56206177440859e-16	2.49839650702577e-18	0.187001439666227	8.73216668816834	1.63292774209295	1076.93402251955
"ENSG00000274736"	6.92617366424847e-16	3.23684818036012e-18	0.666312097088188	8.70283835067069	5.79880647205489	1690.98660185134
"ENSG00000137809"	6.92617366424847e-16	3.22708803996055e-18	0.461789598681148	-8.70318093223982	-4.01903842994845	223.393589016779
"ENSG00000172403"	7.07367036571737e-16	3.34736294458873e-18	0.54299003802556	8.69902889396555	4.7234860299198	183.787524709596
"ENSG00000107021"	7.07367036571737e-16	3.3753739938734e-18	0.178782110794167	8.69808307674304	1.55506165232314	2388.00372031009
"ENSG00000102897"	7.86172099525572e-16	3.79008587925551e-18	0.154112619901855	8.68492013162675	1.33845579512336	381.483590693487
"ENSG00000173039"	1.09531169794343e-15	5.33431021725696e-18	0.167410376366829	8.64598504335638	1.44742761017026	3950.7763123401
"ENSG00000236739"	1.10045678616216e-15	5.41350248997523e-18	0.188450951425265	8.64430236874846	1.62902700579832	178.943821646226
"ENSG00000120910"	1.12573801990535e-15	5.59324773762496e-18	0.248013192400635	8.64057159374796	2.14297574513167	1033.93649548984
"ENSG00000058085"	1.1385871435198e-15	5.713099598535e-18	0.619459959746931	8.63814916166287	5.35098753197167	20.0049081050588
"ENSG00000137216"	1.15408677341556e-15	5.84764549694029e-18	0.134121872850256	8.63548879383065	1.15820793000597	1229.02391026843
"ENSG00000152229"	1.56321173058871e-15	8.02911933801964e-18	0.253094012005881	8.59917497474977	2.17639969429999	6221.69388468233
"ENSG00000136048"	1.636311549549e-15	8.61301337080592e-18	0.19801677313424	8.59111398609591	1.70118466915515	7557.05760969859
"ENSG00000101333"	1.82419479985062e-15	9.7814459456768e-18	0.641674209030999	8.57648730840753	5.50331070988681	29.0160525024223
"ENSG00000133116"	1.82419479985062e-15	9.74973363437223e-18	0.465784622488678	8.57686098444695	3.99496995577849	66.3627771158363
"ENSG00000116514"	1.85787003341856e-15	1.00534092717455e-17	0.273562252460505	8.57333091535696	2.34533971629433	8979.25578372479
"ENSG00000110911"	2.00221782284592e-15	1.09562796216499e-17	0.163878447845721	8.56342537133324	1.40336085809676	5711.85824453013
"ENSG00000103257"	2.00221782284592e-15	1.10315031561758e-17	0.398511269257484	8.56263679603693	3.41230725777952	1667.85816468454
"ENSG00000205464"	2.03013862033737e-15	1.12852058293056e-17	0.288911890498422	8.56001579593974	2.47309034630131	100.964830755611
"ENSG00000123728"	2.0496979213131e-15	1.14947640215316e-17	0.151762795334241	8.55789433809139	1.29876996692382	1698.22956270476
"ENSG00000169504"	2.07655901563069e-15	1.17475544469465e-17	0.17290802317586	8.55538543758754	1.4792947835208	3773.04112612094
"ENSG00000125629"	2.09696250972723e-15	1.19661378949409e-17	0.226785527879306	8.55325862032841	1.9397552712994	1512.46350593292
"ENSG00000077585"	2.19141372866955e-15	1.26129184501347e-17	0.186658633007253	8.54718294258108	1.59540548412509	3136.88476346714
"ENSG00000238045"	2.76144097011791e-15	1.6029616020952e-17	0.294539230100712	8.51946202281584	2.50931578507244	137.004712677386
"ENSG00000144736"	2.7787937530557e-15	1.62670433202296e-17	0.138167770701297	-8.51775888126935	-1.17687975599616	177.16929875437
"ENSG00000157654"	2.83126223473581e-15	1.67134724600697e-17	0.393420896120233	8.51462190165806	3.34983017867527	3436.80821374808
"ENSG00000100285"	3.33379418640355e-15	1.98440130143068e-17	0.314124195892896	8.49470273726542	2.66839166669269	234.394860674581
"ENSG00000115159"	3.35212436127788e-15	2.01180230261659e-17	0.184682290481549	8.49310970664149	1.56852695393363	3448.19961352919
"ENSG00000243927"	3.57084399900768e-15	2.16063465111149e-17	0.261420402739268	8.48481431983216	2.21810357665843	2334.80493495057
"ENSG00000134470"	3.6233577948928e-15	2.21023399531045e-17	0.461917697372069	8.482174683226	3.91806659838341	1938.5726935018
"ENSG00000163602"	4.19431514178287e-15	2.593571618924e-17	0.180302419118561	8.46355088976988	1.52599869975856	1574.54790641625
"ENSG00000180263"	4.19431514178287e-15	2.59978211267534e-17	0.204200636181985	-8.46327208627016	-1.7282055441976	713.975985178082
"ENSG00000198743"	4.60754020382786e-15	2.87857932844421e-17	0.338395524927083	8.45138879153569	2.85991214647458	4996.33821666637
"ENSG00000228196"	4.89907938205261e-15	3.08481976044242e-17	0.215682113320308	8.44330758119971	1.82107042252653	177.408739560793
"ENSG00000266338"	5.2231086150814e-15	3.31454649422225e-17	0.182129136503226	8.43491110390794	1.53624307583622	537.048596218494
"ENSG00000111817"	6.25191940105284e-15	3.99817749968944e-17	0.205932809659885	8.41295225219339	1.73250289482864	5172.2934155665
"ENSG00000070087"	7.14836559426408e-15	4.64179584043122e-17	0.398631413332299	8.39543321450326	3.34668340783436	30.1799518379888
"ENSG00000288700"	7.50346827694732e-15	4.90929398285121e-17	0.210140181397209	-8.38884789092005	-1.76283401751153	580.607962369968
"ENSG00000165891"	7.74656736490333e-15	5.10645428422396e-17	0.547855431604438	8.38421693692646	4.59333878864509	64.4604188132286
"ENSG00000143384"	7.76574026528345e-15	5.15729504040371e-17	0.164635556074003	8.38305137884013	1.38014832535228	9436.68828420348
"ENSG00000135074"	1.17783027448392e-14	7.88001364274954e-17	0.701143703142408	8.33302857018181	5.84265051008876	1505.08216901346
"ENSG00000128039"	1.21855151780906e-14	8.21239462513978e-17	0.208178238299537	-8.32813771967303	-1.73373703879745	484.801864124401
"ENSG00000124813"	1.26691002138115e-14	8.60062883464182e-17	0.280361833930691	8.32266635591483	2.33335800273754	422.726727252972
"ENSG00000089351"	1.53924980546017e-14	1.06008939769984e-16	0.323319996192097	8.29785388972603	2.6828620880288	11074.8024715403
"ENSG00000104998"	1.59465891332409e-14	1.1060945827366e-16	0.20099215405291	-8.2928040659508	-1.66678855235418	2374.30606959478
"ENSG00000078081"	1.65667461709964e-14	1.15725991552612e-16	0.465109340217997	8.2874255514967	3.8545590303624	6242.79506716956
"ENSG00000109756"	1.77253818884389e-14	1.24691539258499e-16	0.2287962840156	8.27854293733705	1.8940998611263	3162.91565021515
"ENSG00000134453"	1.82614083769054e-14	1.30258963727434e-16	0.14999038341021	8.2733387183408	1.24092124644647	1617.21857248643
"ENSG00000160285"	1.82614083769054e-14	1.29590997753323e-16	0.247089272025334	8.27395140426016	2.04440462925163	6650.81129348685
"ENSG00000270231"	1.99624000289746e-14	1.43374183600467e-16	0.29683402161067	8.26189801171951	2.4524124129559	3159.74346230666
"ENSG00000127884"	2.11612420864517e-14	1.53025510955746e-16	0.153471580383571	-8.25412002510151	-1.26677284492801	1205.06116871469
"ENSG00000196428"	2.2205702240371e-14	1.6167079553202e-16	0.126798211494374	8.24755300564861	1.04577497032129	735.606093676137
"ENSG00000186260"	2.3073845258629e-14	1.6912647301927e-16	0.15576220795422	-8.24216191906034	-1.28381733882903	536.807989702525
"ENSG00000006118"	2.31619067438053e-14	1.70911354366922e-16	0.532189975388157	8.24090608011164	4.38572760395073	440.636448478138
"ENSG00000288695"	2.59409230284407e-14	1.92693790697291e-16	0.210881715155184	-8.22654308503354	-1.73482751556989	441.700956642116
"ENSG00000109436"	3.01294178515429e-14	2.26771002129381e-16	0.240518760927253	8.20700665528041	1.97393907164977	5394.36962199844
"ENSG00000172724"	3.04846436610987e-14	2.30944270159838e-16	0.88768742748049	8.20481602004526	7.28331202578469	863.099758517404
"ENSG00000146426"	3.30148313993556e-14	2.51736465313859e-16	0.136053082602208	8.19445244730933	1.11488051569365	649.765047239668
"ENSG00000137449"	3.30465730533568e-14	2.53604161566493e-16	0.222664068313521	8.19356321727679	1.82441211994287	766.237629307292
"ENSG00000230943"	3.6033022665933e-14	2.80067767671065e-16	0.355404631945211	8.18161365406978	2.90778338944259	195.441059810034
"ENSG00000104312"	3.77146477362705e-14	2.95262891408552e-16	0.228855983733942	8.17524597325031	1.87095395947515	2232.52849385919
"ENSG00000157617"	3.77146477362705e-14	2.96848860576706e-16	0.206349987331663	-8.17460007112417	-1.68682862111789	307.395981684818
"ENSG00000086300"	3.77913421258967e-14	2.99311593972323e-16	0.330160293278314	8.17360380875414	2.69859943063901	8806.05190473953
"ENSG00000100243"	3.88469585303479e-14	3.09583199622017e-16	0.146230402489722	8.16953389556225	1.19463422970149	3414.26386043643
"ENSG00000178127"	4.15177551014794e-14	3.32909980398521e-16	0.135306575787061	8.16076475842877	1.10420513526672	1212.84520830104
"ENSG00000285816"	4.24266301452491e-14	3.42284894914446e-16	0.198639432465811	8.1574100154559	1.62038329586109	1067.02473179737
"ENSG00000234575"	4.90637279722022e-14	4.05485355142167e-16	0.394162356908042	8.13691255781366	3.20726463174248	82.0721303901381
"ENSG00000265257"	4.90637279722022e-14	4.03670851494223e-16	0.136355289764206	8.1374557506417	1.10958513682215	1298.87622115888
"ENSG00000053254"	5.00814977948344e-14	4.16360346680786e-16	0.153709473461369	-8.13370636924046	-1.25022772330533	2955.0001171351
"ENSG00000176788"	5.06379065179717e-14	4.23477179656395e-16	0.237481871681687	8.13165254425423	1.93112006607465	6038.40974907444
"ENSG00000127334"	5.17420250451759e-14	4.40346828650897e-16	0.214766995013294	-8.12691695807998	-1.74539353380942	1342.94391402286
"ENSG00000275385"	6.00410590352856e-14	5.13928781588926e-16	0.688021243987143	8.1081580105185	5.57858496084126	34804.6461660109
"ENSG00000188029"	6.97909694278494e-14	6.00817574275563e-16	0.400014791336987	8.08915159013841	3.23578028542247	171.124750408791
"ENSG00000148344"	6.98272161998198e-14	6.04564642422682e-16	0.578712101850354	8.08839420952712	4.68085161358967	1197.47017950472
"ENSG00000101460"	7.06094014537516e-14	6.14810313720682e-16	0.47369589604837	8.08634666901616	3.83046923113736	419.362628836282
"ENSG00000264860"	7.54059772909746e-14	6.60284531571895e-16	0.264815040029088	8.07764692357176	2.13908239340649	36.5942579552271
"ENSG00000130066"	7.73472316407386e-14	6.88547002776981e-16	0.182894898439039	8.07253274035506	1.47642505569306	21166.5026461635
"ENSG00000272657"	7.73472316407386e-14	6.88697802389497e-16	0.25759070411198	8.07250601129465	2.07940250739758	815.137340805871
"ENSG00000087157"	7.8240210600036e-14	7.04346642060536e-16	0.191680077839482	8.06976315898332	1.54681283046011	1644.1264760913
"ENSG00000145779"	7.8240210600036e-14	7.03534900925454e-16	0.221668623044208	8.06990395374071	1.78884449752471	2856.64315375623
"LRG_1191"	7.88811943461612e-14	7.13997430130542e-16	0.231442402441092	8.06810139248208	1.86730076941437	1473.82757558765
"ENSG00000114784"	8.09079984585423e-14	7.36323283885789e-16	0.177694963311506	8.06434040199579	1.43299267186414	1296.50697614531
"ENSG00000102921"	8.16224508696356e-14	7.46840607130668e-16	0.215029267001889	8.06260743236956	1.73369656630641	5583.95878311384
"ENSG00000104320"	9.4723099384805e-14	8.73717791616824e-16	0.234777165580628	8.04341084668811	1.88840920018591	4000.7128482263
"LRG_158"	9.4723099384805e-14	8.76030238308901e-16	0.234922595854261	8.04308708650507	1.88950289704366	3982.33691411642
"ENSG00000117298"	9.56501430362141e-14	8.9401452070448e-16	0.282762449144704	8.04059751530388	2.27357904601415	1497.21375072506
"ENSG00000091073"	1.11609187099181e-13	1.0486695560775e-15	0.216489197595109	8.02102432639828	1.73646512031281	2540.73790937672
"ENSG00000099814"	1.11793424247841e-13	1.05590011095954e-15	0.31308462539252	8.02018035795599	2.5109951629511	52.6230390971384
"ENSG00000101384"	1.1320809514056e-13	1.07483089148603e-15	0.232327389950204	8.01799739136236	1.86280040656276	1506.78117641272
"ENSG00000172331"	1.17542442602382e-13	1.12176475132143e-15	0.189962989941709	8.01274455835461	1.5221249139442	673.225259277494
"ENSG00000123700"	1.21367824475221e-13	1.16424270821862e-15	0.348958874175099	8.00817382580978	2.79452332245308	607.744590245731
"ENSG00000186583"	1.23445598057263e-13	1.1902468132243e-15	0.454086974028746	8.00545610688179	3.6351733392939	190.6677121292
"LRG_328"	1.26270081262402e-13	1.22369175564213e-15	0.349223238411826	8.00204547245752	2.79450023381031	607.385508604858
"ENSG00000106608"	1.30926432794368e-13	1.28169815653676e-15	0.127874601011179	7.99634223430578	1.02252907276069	589.922000978717
"ENSG00000140406"	1.30926432794368e-13	1.27875423908459e-15	0.184796786746791	7.99662550085081	1.47775069737468	700.732669089538
"ENSG00000157827"	1.32938053864075e-13	1.30793047878861e-15	0.193233513515693	7.9938460677231	1.54467896216974	2011.84605759143
"ENSG00000155755"	1.38285413498234e-13	1.37414667092892e-15	0.280021576379962	7.98775817382732	2.23674463557705	55.9511073285766
"ENSG00000001561"	1.44055120238753e-13	1.43856697208122e-15	0.243390749869911	7.98210660659146	1.94277091251987	343.600557850095
"ENSG00000135047"	1.57857765929315e-13	1.58416884344649e-15	0.381620885245416	7.97020069940642	3.04159504649111	42798.3027862673
"ENSG00000137571"	1.64278046078479e-13	1.65668041352264e-15	0.585726882997032	7.96466794247052	4.66512012804964	205.727917047023
"ENSG00000168405"	1.64786661973963e-13	1.66991599599746e-15	0.314064367016681	7.96368384456071	2.50110932576293	298.600002203128
"ENSG00000156127"	1.65973955789396e-13	1.69011259584833e-15	0.225179785082718	7.96219688554856	1.79292578347411	642.728035868045
"ENSG00000137757"	1.69147279586689e-13	1.73074744952929e-15	0.3913064656498	7.95925748017619	3.11450891376447	211.174797622564
"ENSG00000161638"	1.76988910035181e-13	1.81969117460414e-15	0.208743969072964	7.95305390583106	1.66015203855441	9808.14245180553
"ENSG00000267742"	1.76994870943596e-13	1.82845941057434e-15	0.185752043362314	7.95245860255735	1.47718543517924	94.1331344326093
"ENSG00000267712"	1.77875810387509e-13	1.84634977292679e-15	0.757900781890622	7.9512526409621	6.02626059359505	108.21965052898
"ENSG00000118689"	1.81597925974649e-13	1.90281179814051e-15	0.183769381346321	7.94752072605576	1.46051096706433	2190.47863770438
"LRG_89"	1.8537668415833e-13	1.96064478030504e-15	0.259952610336304	7.9438095976853	2.06501404093288	18531.2213694809
"ENSG00000085511"	2.04388961373749e-13	2.18183808629002e-15	0.210675634640511	7.93054637780987	1.6707728911911	1031.06664193371
"LRG_531"	2.19399744357981e-13	2.36366312546231e-15	0.195504895451779	7.92060046092652	1.54851616502875	711.090739556202
"ENSG00000128274"	2.32112820606457e-13	2.52346189266169e-15	0.4225565459874	7.91246284837606	3.34346297146341	163.388015596373
"ENSG00000100348"	2.32501061883756e-13	2.5391202153775e-15	0.145393786103378	-7.91169294914932	-1.15031099236422	1176.8052430824
"ENSG00000100906"	2.3935197207098e-13	2.62571279869286e-15	0.260347341344169	7.90751795227681	2.05870127550656	18820.5349402204
"ENSG00000181577"	2.40664360441355e-13	2.65194887538683e-15	0.519697835745815	7.90627973689632	4.10887646806601	111.585198967376
"ENSG00000099860"	2.80260848975231e-13	3.10206075459598e-15	0.25131516938937	7.88673059736914	1.98205503600615	2021.53157064416
"ENSG00000159199"	2.85323980339285e-13	3.17213791601133e-15	0.172667888514664	-7.88394112383398	-1.36130346702634	581.660170453906
"ENSG00000152147"	2.90884655154609e-13	3.26257877682265e-15	0.193972561298398	-7.88042941757177	-1.52858707825764	196.436280914724
"ENSG00000102445"	2.90884655154609e-13	3.24966954674677e-15	0.466143612608209	7.88092475928955	3.67364273798871	740.747556643099
"ENSG00000139178"	3.08666601673339e-13	3.47720640413196e-15	0.266974842707693	7.87246511812176	2.10175013663236	2201.59314384602
"ENSG00000285446"	3.09401053991895e-13	3.50070063056551e-15	0.226955865564461	7.87162288107087	1.78651098437045	2318.15330890567
"ENSG00000147650"	3.11450155012139e-13	3.53920630695612e-15	0.319433420946011	7.87025446533995	2.51402230757916	2228.52239765153
"ENSG00000092847"	3.30991987788063e-13	3.79383771913709e-15	0.160352009083931	-7.86155830283274	-1.26061666838969	1921.35014137821
"ENSG00000148734"	3.30991987788063e-13	3.79129146283053e-15	1.02391852362309	7.8616423833065	8.0496812623679	21.4375499677598
"ENSG00000130695"	3.34652845776853e-13	3.85226121171703e-15	0.169804153585284	-7.85964419856442	-1.33460023061872	615.219101731698
"ENSG00000138316"	3.38544793453259e-13	3.91371637453344e-15	0.449926499381751	7.8576613695036	3.53537007330797	505.784663070341
"ENSG00000248099"	3.58994325246056e-13	4.16778142257326e-15	0.299720903675573	7.84977685947159	2.35274221397242	16.3928657408642
"ENSG00000178980"	3.70371768607358e-13	4.31808880165013e-15	0.129516660498382	7.84533219880721	1.01610122688994	879.687761487138
"ENSG00000133639"	3.93294945246012e-13	4.60469288511172e-15	0.226784985009238	7.83726399726467	1.77737379813311	5247.24498528499
"ENSG00000113916"	4.63174061960378e-13	5.4456218422142e-15	0.192446718247168	7.81616676741996	1.50419564366255	4196.5460575533
"ENSG00000175066"	4.81061991672243e-13	5.69712275804666e-15	0.260143016387037	7.81047861006307	2.03184146504824	313.160818219038
"ENSG00000177200"	4.81061991672243e-13	5.70326347860146e-15	0.1683416597425	-7.81034283899789	-1.31480607667486	1349.96241524106
"ENSG00000150977"	4.82189983567429e-13	5.74035694723129e-15	0.210137826527353	7.80952575138879	1.64107676760624	2611.11258313369
"ENSG00000137752"	4.90705993632114e-13	5.86587743273336e-15	0.228439892747918	7.80679885359082	1.78338429281886	3533.17527845312
"ENSG00000106462"	5.07385254197571e-13	6.11518040527376e-15	0.195020122072901	7.80154910168936	1.52145905816919	815.519910408641
"ENSG00000113719"	5.10853604583996e-13	6.18211268829511e-15	0.187896244567365	7.80017552497884	1.4656236881098	4008.74462868521
"ENSG00000159450"	5.98049549071091e-13	7.29615742668391e-15	0.381736560786823	7.77923992374055	2.96962029402427	31.4776726870671
"ENSG00000135926"	6.33428592440967e-13	7.75893937021846e-15	0.132233832290702	7.77145540889336	1.02764933119427	12466.5922629893
"ENSG00000183735"	6.3351123557527e-13	7.82228060455494e-15	0.15731340855649	7.77042566792046	1.2223921477554	1753.76261221955
"ENSG00000166669"	6.3351123557527e-13	7.80978521762889e-15	0.253599153271241	7.77062815455957	1.97062472038197	184.642259875971
"ENSG00000089006"	6.60503418647915e-13	8.22055120611583e-15	0.193749126012256	-7.76413313670477	-1.50429400947935	1650.8634337839
"ENSG00000121316"	6.68929394747977e-13	8.3583267545251e-15	0.312952755396279	-7.76202599566919	-2.42914742280222	2728.32457219953
"ENSG00000137393"	7.04912579371276e-13	8.84261647676483e-15	0.232491044193171	7.75488127447247	1.80294044509617	4192.37334763239
"ENSG00000287091"	7.24136218739076e-13	9.11938567479356e-15	0.362184734780907	-7.75096912954839	-2.80728269848048	22.7814877565658
"ENSG00000103415"	7.33821419871911e-13	9.27745498362264e-15	0.151130039831753	-7.74878691216463	-1.17107447468321	826.588042693528
"ENSG00000280913"	8.22051876214252e-13	1.0433362065293e-14	0.488688766236987	7.73386017949921	3.77945058936883	16.2211551824113
"ENSG00000265479"	8.87104826002086e-13	1.13026441329467e-14	0.182820050229872	7.72367089212873	1.41204190045797	666.32896810189
"ENSG00000121964"	9.11898358155452e-13	1.1663398913834e-14	0.152136806259242	7.71966702765557	1.1744454869723	735.033419923604
"ENSG00000167535"	9.54015913650486e-13	1.22490236847096e-14	0.334784375304982	7.71341990760872	2.5823324652338	74.6073854906035
"LRG_1306"	1.02767807089209e-12	1.32959136483973e-14	0.157180349549154	7.70295120989374	1.21075256373118	1640.71230354645
"ENSG00000100678"	1.03669656067637e-12	1.34635916970957e-14	0.866714120511106	7.70135022765463	6.67486898930969	34.9218668366709
"ENSG00000104112"	1.37810834538496e-12	1.81008917856053e-14	0.543831846683982	7.66344633866576	4.1676261743202	146.882286909752
"ENSG00000110917"	1.4073633987308e-12	1.85543777479268e-14	0.201828409535266	-7.66026918041196	-1.54605994529456	3046.52111982131
"ENSG00000145391"	1.49543052914805e-12	1.9789001000631e-14	0.175437287012369	-7.65199170276122	-1.34244466457358	1216.98554168544
"ENSG00000259075"	1.55866659665677e-12	2.07024784089595e-14	0.149392575242178	7.64618808770979	1.14228372920903	397.956671698536
"ENSG00000276758"	1.65113153151221e-12	2.2093062601895e-14	0.474071759458867	7.63781988471389	3.62087471117623	218.30190266197
"ENSG00000154548"	1.67462196075884e-12	2.24897577374638e-14	0.365961436266971	7.63552756731145	2.79430863518935	77.5823941111915
"ENSG00000052802"	1.71574729937011e-12	2.31264639919033e-14	0.319532078028089	7.63193020516468	2.43864651782161	1099.88247809596
"ENSG00000271538"	1.75654979783862e-12	2.37628489967346e-14	0.422821675343442	7.62843071800315	3.22546585642747	23.3085294039289
"ENSG00000156110"	1.76588580969506e-12	2.43234960013093e-14	0.265176900517881	-7.62542326791614	-2.02208610732293	513.784873934118
"ENSG00000138448"	1.7801215521274e-12	2.46947204692998e-14	0.261062550045194	7.62346922005621	1.99020231477892	3158.24046613751
"ENSG00000155393"	1.7824315076396e-12	2.4814448871606e-14	0.208272432727765	-7.62284515294134	-1.58762850431015	675.139357185328
"ENSG00000158615"	1.78636227349623e-12	2.4957048685209e-14	0.193185371503089	7.62210572484475	1.47247932608995	4983.12047186582
"ENSG00000133069"	1.82076735672778e-12	2.56168567504991e-14	0.501344706443341	7.61873762009358	3.81961377561465	140.106290434865
"ENSG00000197442"	2.00770113138034e-12	2.87407039173395e-14	0.209985694270988	7.60386861678502	1.59670363064098	1502.82171677337
"ENSG00000186704"	2.00770113138034e-12	2.86982031871692e-14	0.187774226007725	7.60406002877436	1.42784648641938	401.60878929352
"ENSG00000125445"	2.00770113138034e-12	2.86962008454727e-14	0.157412665471905	-7.6040690536647	-1.19697677816978	1047.28199684674
"ENSG00000112972"	2.00770113138034e-12	2.86817408707813e-14	0.213065406785228	7.60413424559169	1.62017795628648	2153.68119405462
"ENSG00000204397"	2.04585715584293e-12	2.94384967436771e-14	0.239584711775154	7.60076513280286	1.82102712361321	965.561486468582
"ENSG00000196792"	2.04585715584293e-12	2.94882008393338e-14	0.187403434641905	7.60054683871769	1.42436858273237	504.497766860736
"ENSG00000188215"	2.22014908117183e-12	3.2437243069069e-14	0.34400541338596	7.58820301107114	2.61038291368011	963.31280436374
"ENSG00000104419"	2.42265831438212e-12	3.56430035985848e-14	0.199654515879039	7.57597879230017	1.51257837808656	4819.56803954155
"ENSG00000105639"	2.450547010363e-12	3.62856478807193e-14	0.259828634102687	7.57365886968106	1.96785343926893	2785.42610394873
"LRG_77"	2.52367640911341e-12	3.74926345706538e-14	0.260036343936306	7.569408876599	1.96832141002983	2654.48805517861
"ENSG00000155893"	2.53658183584988e-12	3.78091448377859e-14	0.266304455861141	7.568316659527	2.01547644980015	183.222313274727
"ENSG00000164088"	2.53761289849496e-12	3.79493467700938e-14	0.147016175245477	-7.56783571975052	-1.11259426240382	2922.80019243014
"ENSG00000288706"	2.54728623432846e-12	3.82193182541411e-14	0.194203551891411	7.56691452845345	1.46952167828438	3259.62323262635
"ENSG00000134602"	2.59227488365026e-12	3.91108256432883e-14	0.331506386648194	7.56391736342135	2.50748691405335	949.468767414224
"ENSG00000276584"	2.59227488365026e-12	3.91691944910169e-14	0.16279499150241	7.56372348288764	1.23133630012327	68.8388924590478
"ENSG00000143862"	2.59227488365026e-12	3.93427074879348e-14	0.134245109815857	7.56314880761863	1.01531574223243	2184.83894159775
"ENSG00000166165"	2.70190970199761e-12	4.12038571241272e-14	0.472109976713115	7.55713679461738	3.56779967612464	343.419116709675
"ENSG00000114686"	2.98362414991339e-12	4.5646748850013e-14	0.177051770846717	-7.54380100977022	-1.33564332769507	552.870064609088
"LRG_258"	3.01379466093781e-12	4.64048469536371e-14	0.200170653273502	7.54165376558819	1.50961776102036	4652.59976112024
"ENSG00000160584"	3.11317156930215e-12	4.83944419470425e-14	0.194416363156286	7.53617839789534	1.46515639621578	2535.25603102949
"ENSG00000267809"	3.15061994781776e-12	4.91315684503261e-14	0.133304616928159	7.5342058508697	1.00434442480808	488.45191647109
"ENSG00000130222"	3.16749390174312e-12	4.95505244369496e-14	0.251989214336213	7.53309765611236	1.89825935988172	280.012789854656
"ENSG00000120833"	3.25528501273093e-12	5.10840180569247e-14	0.576376998861141	7.52911847373842	4.33961070996332	54.6160947604266
"ENSG00000240859"	3.42124722068309e-12	5.4193309969498e-14	0.273731871130247	-7.52139869647465	-2.05884653870261	172.804704301855
"ENSG00000225370"	3.42124722068309e-12	5.40832461355546e-14	0.276444501223082	7.52166444465307	2.07932277576951	92.0520363742092
"ENSG00000004468"	3.44462761755473e-12	5.50231892055994e-14	0.517521046339843	7.51941187947752	3.89145390372745	1983.05680897745
"ENSG00000042286"	3.44462761755473e-12	5.50720176950653e-14	0.22769576494113	7.51929589856819	1.71211183144318	1391.79924378931
"ENSG00000213672"	3.56606553458525e-12	5.75398216914582e-14	0.164454418884748	-7.51356211619741	-1.2356384915737	656.638843148585
"ENSG00000065183"	3.63493867028348e-12	5.90087446474592e-14	0.151751478338943	-7.51026288570233	-1.13969349561942	349.231384976681
"ENSG00000160013"	3.85342620526609e-12	6.29347451863608e-14	0.261030343867098	7.5018262805467	1.95820429364233	1795.60491588753
"ENSG00000090339"	4.13009539461514e-12	6.78596941067227e-14	0.205982411650623	7.49194628945664	1.54320916465922	18273.6002852062
"ENSG00000164211"	4.23790936839964e-12	6.98396122793133e-14	0.258634945717986	7.48817172496539	1.93670288761338	884.819308339685
"ENSG00000154099"	4.27026490248164e-12	7.05828909501098e-14	0.658223909142737	7.48678181945206	4.92797879609851	211.7713212969
"ENSG00000185433"	4.28425547960987e-12	7.10248965283611e-14	0.678153702408682	7.48596209051406	5.07663290777315	37.4627965729771
"ENSG00000072736"	4.51864765492775e-12	7.51329647464373e-14	0.137658019434684	-7.47857474515804	-1.0294857876127	1651.55973393421
"ENSG00000118985"	4.85903965451392e-12	8.10318006139424e-14	0.213974744566377	7.46863363034279	1.59809897331245	2043.54472927402
"ENSG00000091436"	4.93369310566677e-12	8.25194635934033e-14	0.233907994019838	7.4662389115723	1.74641296667873	1801.76223226129
"ENSG00000286185"	5.44457803755988e-12	9.1600043725181e-14	0.150863902136967	7.45248245335666	1.12431058352066	3499.66254155425
"ENSG00000258790"	5.48078433268977e-12	9.24787990019968e-14	0.144031358180131	7.45122313218262	1.07320978783147	5091.78386742377
"ENSG00000121060"	5.71114645002708e-12	9.69276625963863e-14	0.159853311489992	7.44502282023169	1.1901115519326	6472.40556876809
"ENSG00000197520"	5.80662418639872e-12	9.88337253292974e-14	0.317033340400166	7.44245153325066	2.3595052703528	239.339734179842
"ENSG00000234394"	6.1691522696187e-12	1.05611225394889e-13	0.666381076868141	7.43368760564467	4.95366875175084	40.3646058342913
"ENSG00000197312"	6.24082506785818e-12	1.07215594234043e-13	0.141506067627847	-7.43169401367338	-1.05162979568833	2507.46468096582
"ENSG00000271383"	6.56184508885591e-12	1.13625023183652e-13	0.157000864195924	7.42401180846529	1.1655762697298	3224.70739520449
"ENSG00000130779"	6.82598184927883e-12	1.18870404104915e-13	0.14988049743041	7.4180353210633	1.11181882387732	4198.70501612201
"ENSG00000272666"	7.5540768527899e-12	1.31921353932527e-13	0.431053537254843	7.40422222238224	3.19161617957878	163.360977968141
"ENSG00000227295"	7.64063068122364e-12	1.33808762422059e-13	0.223946962680166	7.40233663359074	1.65773080582877	138.716639837915
"ENSG00000174799"	7.88592634848858e-12	1.38492508186266e-13	0.194350968548091	7.39776802412342	1.43776338058248	780.298952531676
"ENSG00000159063"	8.49376728447983e-12	1.50003072369552e-13	0.22039296636898	-7.38715555758821	-1.62807712636596	449.154008629111
"ENSG00000180233"	8.68201278718689e-12	1.54608846367653e-13	0.218813703450564	7.38313179111832	1.6155304102782	1622.76400280148
"ENSG00000136286"	8.68201278718689e-12	1.54602244013769e-13	0.320188677915103	7.38313747443493	2.36399702680478	7069.69420912443
"ENSG00000227456"	8.69704415927119e-12	1.55304359986985e-13	0.413386975376289	7.38253442369096	3.05184357602094	9.84581644993155
"ENSG00000240445"	8.92885800882625e-12	1.60322371764147e-13	0.182971620353735	7.37830085055498	1.35001966208338	434.492971119829
"ENSG00000132436"	9.2459973128764e-12	1.66926456799766e-13	0.239423639991612	7.37292336296732	1.76525214894083	294.141220948879
"ENSG00000141527"	9.32856756317157e-12	1.68876075523767e-13	0.479998894941253	-7.37137578145492	-3.53825222929508	150.608573551217
"ENSG00000280832"	9.3317482207737e-12	1.69392714161034e-13	0.329880878661457	7.37096862262546	2.43154160581772	38.9472571525628
"ENSG00000158669"	9.40106906865542e-12	1.71113516105987e-13	0.151669193698813	7.36962121800509	1.1177445080005	3525.88531253234
"ENSG00000075651"	9.49680745633525e-12	1.73790455222192e-13	0.234086247722323	7.36755138735177	1.72464245916657	2622.37706574844
"ENSG00000122687"	9.80261402856232e-12	1.79868901645698e-13	0.177369520197978	-7.36296547713772	-1.30596565391419	850.955975398532
"LRG_1330"	9.99307945426804e-12	1.83855357924845e-13	0.481182683717503	-7.36003983315071	-3.54152371918318	150.377389410971
"ENSG00000257594"	1.01274402142538e-11	1.86825564755273e-13	0.161367915968344	7.35790024850568	1.18732902900432	379.798134915851
"ENSG00000275835"	1.02494218948885e-11	1.89580019307265e-13	0.166048190003691	-7.35594573916028	-1.22144147575293	264.667406347287
"ENSG00000281593"	1.03227410481145e-11	1.91443987364186e-13	0.222959514527376	7.35463886719407	1.63978671135376	1078.72822349355
"ENSG00000175866"	1.04261581517936e-11	1.93874841665583e-13	0.232208133236947	-7.35295319444142	-1.70741553505989	379.832984981915
"ENSG00000067064"	1.06509293308414e-11	1.99102378282159e-13	0.226051225373551	7.34939742433367	1.66134029352785	1537.18395865971
"ENSG00000136732"	1.06587690017376e-11	1.99773267889711e-13	0.291779596586203	7.3489477411854	2.14427300725616	1171.86857187662
"ENSG00000105993"	1.15017977203426e-11	2.16705456852184e-13	0.184086894803794	7.33806405544955	1.35084142583904	3911.00557436825
"ENSG00000003402"	1.17909446302522e-11	2.23313345269929e-13	0.185453472388692	7.33404183068039	1.3601235241436	15855.6515492107
"ENSG00000136052"	1.18634539460956e-11	2.25270229397526e-13	0.289935247287639	7.33287309809504	2.12605837502506	1640.62415600638
"ENSG00000058804"	1.20539110990191e-11	2.30002353937864e-13	0.221856304113006	-7.33008759229316	-1.62622614205077	300.276832149469
"LRG_456"	1.23366608085609e-11	2.37290160180406e-13	0.370945442485861	-7.32590595539065	-2.71751142623219	2608.02840000488
"ENSG00000245848"	1.23366608085609e-11	2.37290160180406e-13	0.370945442485861	-7.32590595539065	-2.71751142623219	2608.02840000488
"ENSG00000061794"	1.31311575379106e-11	2.53217913954199e-13	0.187741971172888	-7.31718962902199	-1.3737436043984	689.167353800336
"ENSG00000110218"	1.34955014066451e-11	2.60907716096592e-13	0.209340825034401	7.31317250193173	1.53094556517328	839.415703691925
"ENSG00000129534"	1.36181838685693e-11	2.63949451210955e-13	0.202550519003595	-7.31161552487949	-1.48097151931908	670.688512831339
"ENSG00000139977"	1.38022103701336e-11	2.68195252666409e-13	0.147668587163899	7.30947143794561	1.0793793201563	282.194150580155
"ENSG00000276462"	1.44041743743658e-11	2.82017975255686e-13	0.601838685780242	7.3027150813795	4.39505644720499	142.718002838133
"ENSG00000185033"	1.45335891051744e-11	2.85266728304043e-13	0.341169598838768	7.30117438462926	2.49093873585585	871.204064660835
"ENSG00000138166"	1.47708067521324e-11	2.90649483513035e-13	0.510768030670958	7.2986591920424	3.72792178205798	2505.63858779986
"ENSG00000100902"	1.48531341068929e-11	2.93730810260278e-13	0.16144728510697	7.29723989757248	1.17811957023734	5027.45643260558
"ENSG00000166446"	1.50452418315118e-11	2.99750243101254e-13	0.255159591612799	7.29450897647847	1.86126393145414	809.819183216221
"ENSG00000120885"	1.50452418315118e-11	2.98980890867539e-13	0.481550481873942	7.29485500165707	3.5128409412485	3754.12882126245
"ENSG00000126767"	1.60131836151307e-11	3.23545576804628e-13	0.201443138175658	7.28421629174793	1.46735538895996	1281.92680896103
"ENSG00000068489"	1.60131836151307e-11	3.23761238971799e-13	0.302993747848805	-7.28412644911305	-2.20704477262137	298.114755367666
"ENSG00000174307"	1.61689915749123e-11	3.28502239297461e-13	0.313542258484425	-7.28216610524008	-2.2832668072957	893.431826054229
"ENSG00000137312"	1.70499797235366e-11	3.48078590381133e-13	0.168950771224305	7.27435536264678	1.22900794867883	4693.48833580841
"ENSG00000140511"	1.70499797235366e-11	3.47850606635693e-13	0.436625627212986	7.27444381723133	3.17620859432425	938.730742997126
"ENSG00000155096"	1.7977512703986e-11	3.69667469021357e-13	0.149687163390278	7.26622689573091	1.08766089257211	3920.3286298468
"ENSG00000183484"	1.80466143681179e-11	3.71976161955992e-13	0.282432394746161	7.26538540497351	2.05198019868047	1035.08581027505
"ENSG00000081913"	1.85982743901451e-11	3.8426186756498e-13	0.175511103012511	7.26099193266495	1.27438470306697	214.44631376774
"ENSG00000099992"	1.91585091832939e-11	3.97721904533158e-13	0.163606703952526	7.25633413330164	1.18718491032769	570.501394146857
"ENSG00000269609"	1.92407633231587e-11	4.00375978241644e-13	0.193228405373722	7.25543399694122	1.40195594152324	144.100132014105
"ENSG00000272886"	1.93328036210925e-11	4.0419330671804e-13	0.168688420313549	7.25414956135016	1.22369103022238	1369.75660560811
"ENSG00000104549"	1.93328036210925e-11	4.04006829769848e-13	0.288151316001101	7.2542120289089	2.09031074268112	1298.47964639593
"ENSG00000181788"	2.01205535776982e-11	4.21652687135942e-13	0.165296860835396	7.24842278714252	1.19814153272241	579.320784182637
"ENSG00000204257"	2.04502722859218e-11	4.30574406649672e-13	0.312775263388263	-7.2455857027002	-2.26623997656428	11474.0992317811
"ENSG00000177426"	2.04502722859218e-11	4.30442748381812e-13	0.163719342630923	7.24562714848389	1.18624931369855	1585.77316376535
"ENSG00000086758"	2.07969925061737e-11	4.38897569123796e-13	0.144012322062658	7.24299052956572	1.0430798848406	8917.09725202127
"ENSG00000179051"	2.1064761124485e-11	4.45584773884717e-13	0.150833897824844	-7.24094022479423	-1.09217923802242	3245.74260989179
"ENSG00000254612"	2.17732372304038e-11	4.61642328133808e-13	0.175295938113726	7.23613778670608	1.26846556164083	1855.24699611417
"ENSG00000243509"	2.20140941359975e-11	4.67831988722497e-13	0.364387700385572	7.2343302784319	2.63610097398751	83.1076121489289
"ENSG00000101246"	2.20261160592122e-11	4.69171008148312e-13	0.143159125815074	7.23394234767347	1.03560486268958	808.620742274049
"ENSG00000131238"	2.26126321289242e-11	4.83888969701004e-13	0.241597488417395	-7.22974859596009	-1.74668910267315	14250.7453386837
"ENSG00000251136"	2.26126321289242e-11	4.8306600647733e-13	0.288973199206072	7.22997976510486	2.08927038291752	441.391234147014
"LRG_690"	2.36416190257356e-11	5.08234332656753e-13	0.241794009780437	-7.22307909371636	-1.74649725703092	14193.7031149387
"ENSG00000055130"	2.48525723021338e-11	5.35489308753178e-13	0.180433994484028	7.21597490966377	1.30200717704716	3157.47724773578
"ENSG00000164038"	2.53670101278702e-11	5.49069483287235e-13	0.272456358090964	7.21256662929992	1.96510963630747	119.305899556079
"ENSG00000183044"	2.57349829755219e-11	5.60832224427204e-13	0.194488671962602	-7.20968071475216	-1.40220122748653	556.90467529673
"ENSG00000075336"	2.60417131225171e-11	5.68797748248603e-13	0.186907071399385	-7.20775997649765	-1.34718130855688	250.423924992757
"LRG_619"	2.65451878846679e-11	5.83712071253766e-13	0.399182863845171	7.20423363524774	2.8758066143279	9309.55995943632
"ENSG00000184557"	2.65451878846679e-11	5.83712071253766e-13	0.399182863845171	7.20423363524774	2.8758066143279	9309.55995943632
"ENSG00000242616"	2.66420002691013e-11	5.87151521082123e-13	0.153830840802813	7.20343297010745	1.10811015045833	1194.63033450028
"ENSG00000143367"	2.77600944346947e-11	6.14523932291057e-13	0.215148141262032	7.1972203902981	1.54846858922583	89.4585002230622
"ENSG00000134987"	2.83052436092553e-11	6.29376727242394e-13	0.148216611160813	-7.19396210029073	-1.06626468332442	739.217104929874
"ENSG00000254719"	2.85888210748605e-11	6.37088545204241e-13	0.143337295764025	7.19229999427871	1.03092483150352	320.464085789709
"ENSG00000227502"	2.96346796421063e-11	6.61852841278839e-13	0.428507213213877	7.18709309711588	3.07972123415382	70.3219773328919
"ENSG00000109929"	2.98251911770161e-11	6.67574871386379e-13	0.223530276563742	7.18591721435437	1.60627006228879	839.346450114393
"LRG_776"	3.01910464158581e-11	6.77248975090088e-13	0.167545926126548	-7.18395150035019	-1.20364180737438	1838.6779902125
"ENSG00000187098"	3.05950474705125e-11	6.87816641776082e-13	0.167541279281272	-7.18183547550834	-1.20325390315429	2053.46628441209
"ENSG00000116954"	3.07745271458246e-11	6.93365477803408e-13	0.154798140991071	7.18073714379276	1.11156476080465	2015.67050085965
"ENSG00000112511"	3.11246372159819e-11	7.02784754138906e-13	0.186439283438909	7.1788923065181	1.33842753751233	2105.37811130259
"ENSG00000138386"	3.1156560333322e-11	7.05038260199139e-13	0.214370277954521	7.1784545388116	1.53884729476894	1093.39341535597
"ENSG00000069020"	3.26702794030356e-11	7.45720663272753e-13	0.3931064329101	7.17077925108678	2.81887945258048	66.4923559606522
"ENSG00000244115"	3.40692060913782e-11	7.81004035742929e-13	0.153679587135283	7.16444835526648	1.10102946528941	1196.84678648844
"ENSG00000197183"	3.43731943953433e-11	7.89663605992981e-13	0.244264186861013	7.16293749573822	1.74964910293276	669.881573763662
"ENSG00000115525"	3.58125785071897e-11	8.26254393933096e-13	0.209164119788023	-7.15672794656965	-1.49693070150658	1753.6741308497
"ENSG00000247077"	3.58241764313685e-11	8.2883393783527e-13	0.16260142256896	-7.15630043326506	-1.16362463077976	480.332017227457
"ENSG00000149231"	3.76029247445047e-11	8.76809638375405e-13	0.151109470126684	7.1485787203121	1.08021794258525	748.194568244662
"ENSG00000197818"	3.76684449813036e-11	8.80190445007833e-13	0.142498289652285	7.14805032773232	1.01858494605031	1620.44483018359
"ENSG00000267416"	3.84790590455737e-11	9.01024798587813e-13	0.38718825877875	7.14483740222105	2.76639715302325	55.2894292487938
"ENSG00000188677"	3.98334933118888e-11	9.3469973975654e-13	0.182315134158575	-7.13979535169184	-1.30169274740847	1132.95840591139
"LRG_1318"	4.1236024351207e-11	9.69638903968759e-13	0.309997492805909	-7.13474906373254	-2.21175432155639	1968.1426555567
"ENSG00000105281"	4.35316829440536e-11	1.02576132084817e-12	0.271890788237341	-7.127005316124	-1.93776709317268	4123.15406086504
"ENSG00000171522"	4.52306254758278e-11	1.07024453236291e-12	0.178824072703202	7.12115743773739	1.2734343753769	2486.62871936965
"ENSG00000078804"	4.76479663434977e-11	1.1344753891309e-12	0.311975424987655	7.11312123616048	2.21911902063988	1415.12218682194
"ENSG00000166016"	4.87349269806023e-11	1.16515026134262e-12	0.512341740034952	7.10943966033639	3.64246268625025	763.383141317906
"ENSG00000263001"	4.99833791907664e-11	1.19946954970572e-12	0.14845546322895	-7.10543176661909	-1.05484016435513	2275.92387426714
"ENSG00000264813"	4.99833791907664e-11	1.19991583260006e-12	0.498448931139642	-7.10538039319208	-3.54166926232716	2163.95643169568
"ENSG00000196116"	5.19820718123025e-11	1.25301137288608e-12	0.195823427067402	7.09939838124402	1.39022852113197	1703.60796179338
"ENSG00000143162"	5.30099544179662e-11	1.28039588839145e-12	0.19277920448818	7.09640964607451	1.36804020629249	14466.1511172445
"ENSG00000174837"	5.31762538282737e-11	1.28702857553673e-12	0.486014361662354	7.09569519503799	3.44860977076702	3144.95216808614
"ENSG00000163528"	5.38559165695088e-11	1.30612784675167e-12	0.15788292095814	-7.09365788670394	-1.11996742743057	225.9990814987
"ENSG00000118257"	5.4458002614702e-11	1.32340876090431e-12	0.153362996461834	7.09183957508563	1.08762576766175	12359.5897659667
"ENSG00000184154"	5.48786453413677e-11	1.33633064954629e-12	0.182350046667814	7.09049508309896	1.292952109301	48.8198867529064
"ENSG00000125703"	5.54914226137851e-11	1.35398197640877e-12	0.204458664356684	-7.08867897366356	-1.44934183500856	298.723020818944
"ENSG00000198246"	5.58042903902575e-11	1.36686814174818e-12	0.312546117579363	-7.0873677528919	-2.21512927502353	2103.41136626043
"LRG_1347"	5.58042903902575e-11	1.36710628760076e-12	0.213040496587159	7.08734363488072	1.50989120745883	6028.77233782776
"ENSG00000197713"	5.70197702667817e-11	1.39968837874479e-12	0.164033209723562	-7.08408217503933	-1.16202473711717	618.046456303554
"ENSG00000077150"	5.95578985840604e-11	1.46785257726359e-12	0.212489663985171	7.07749332769406	1.503894179059	6184.50690171671
"ENSG00000102794"	6.02609034592829e-11	1.48814312950413e-12	0.829607111365023	7.07558993309627	5.86995972559944	2919.32153637822
"ENSG00000157557"	6.05439662756285e-11	1.50109007294947e-12	0.394915887904889	7.07438868166843	2.79378848760538	6101.02013665646
"ENSG00000241697"	6.12141490279244e-11	1.52071749602036e-12	0.33932259179816	7.07258684610788	2.3998884993389	101.573145954834
"ENSG00000052795"	6.41336363542416e-11	1.60270992069829e-12	0.206839781062392	7.06529859006083	1.46138481350861	7476.30136715277
"ENSG00000075223"	6.42959471886863e-11	1.61108640313234e-12	0.22625676293197	7.06457471596794	1.59840780672595	1581.05272867354
"ENSG00000164105"	6.42959471886863e-11	1.61309194540683e-12	0.214588160725731	-7.06440195004292	-1.51593702108698	131.973177694411
"ENSG00000254416"	6.71903817739667e-11	1.68901441787175e-12	0.582419319561757	7.05801202903228	4.11072256340767	334.574601685419
"ENSG00000121900"	6.76576531945989e-11	1.70408886440548e-12	0.499028032601638	7.05677689873114	3.52152949228249	41.1315054993042
"ENSG00000164163"	6.79713743884809e-11	1.71533427101981e-12	0.20267667662982	-7.05586246291653	-1.43005875474102	1028.89799580509
"ENSG00000116667"	6.8376850863038e-11	1.73229428347425e-12	0.38073983695762	7.05449439954002	2.68592704749931	299.663492301839
"ENSG00000152234"	6.88229692002261e-11	1.74698209894317e-12	0.149584258072702	-7.05332019633983	-1.0550656685187	6957.38419112393
"ENSG00000277443"	7.18536693783393e-11	1.8309819331946e-12	0.262449276707441	7.04678553122967	1.84942376578369	9957.80844043193
"ENSG00000224818"	7.24160944187752e-11	1.8488760824156e-12	0.421283171879211	-7.04543153141386	-2.96812174281184	63.4082815813846
"ENSG00000107104"	7.36748858516163e-11	1.8858004790569e-12	0.452635681095473	7.04267773574541	3.18776723365505	763.977969832481
"ENSG00000106701"	7.56648541912484e-11	1.95415429212935e-12	0.33207335071447	7.03771674057046	2.33703817942055	352.725044922478
"ENSG00000237861"	8.04175169194867e-11	2.08085467825905e-12	0.255943061795999	-7.02895540364522	-1.79901236723649	16.0707130578097
"ENSG00000159640"	8.15059610925122e-11	2.11755973411023e-12	0.504374654864009	-7.02651490245026	-3.54399602882017	4420.61672465339
"ENSG00000266315"	8.15059610925122e-11	2.12104749202769e-12	0.317054822230638	7.02628516589772	2.22771759421547	14.7208064833041
"ENSG00000155629"	8.27509948485827e-11	2.16158885599161e-12	0.215110597579662	7.02364158563491	1.51085973867129	16309.2557543331
"ENSG00000124370"	8.37867032360105e-11	2.19276496072204e-12	0.174636179567985	-7.0216415571338	-1.22623265583364	93.4120674578684
"ENSG00000101337"	8.59815811437258e-11	2.2544363808346e-12	0.144340399395229	7.01776603142382	1.01294715183799	3109.78642121232
"ENSG00000251301"	8.69664032528919e-11	2.29309288388184e-12	0.527464966676863	7.01538946786833	3.70037217189439	209.988394920113
"ENSG00000071051"	8.75032094495479e-11	2.31585629102011e-12	0.179699945603607	7.01400831168989	1.26041691207392	539.125544184186
"ENSG00000275210"	9.25447782166512e-11	2.45839139300431e-12	0.376556899654568	7.00565150694975	2.63802641151735	681.118294650875
"ENSG00000137509"	9.4516750543447e-11	2.51542513006714e-12	0.24979495116812	-7.00244006118613	-1.74917417314168	4543.45287505194
"ENSG00000054148"	9.67617606444146e-11	2.58469283893729e-12	0.18801904663006	-6.99863443335955	-1.31587657387257	1284.20032743076
"ENSG00000178860"	9.79340222529268e-11	2.6208238934274e-12	0.368760177752225	6.99668887363723	2.58010023271948	3192.90680072562
"ENSG00000075391"	9.97420225952398e-11	2.67411463569489e-12	0.1828257569353	-6.99386679716197	-1.2786589910958	1791.16714975564
"ENSG00000043462"	1.0161783521924e-10	2.72940466497959e-12	0.217979094835687	6.99099655398928	1.52389110083799	6538.71335543297
"ENSG00000269220"	1.03587121223321e-10	2.79249028091204e-12	0.290689741197542	6.98779046013786	2.03127900040013	71.0976895070749
"ENSG00000119979"	1.06431854667676e-10	2.87934512235987e-12	0.172712039313042	6.98349070182301	1.20613292063552	408.942283155966
"ENSG00000138095"	1.07381364209043e-10	2.91062237697672e-12	0.180031913448223	-6.98197340512302	-1.2569780317689	1851.5171455301
"ENSG00000122644"	1.08987437714741e-10	2.9648786430663e-12	0.206131352134264	6.97937890175249	1.43866881007559	285.893062093463
"ENSG00000156234"	1.08987437714741e-10	2.96113353605184e-12	0.934677182490426	6.9795564886938	6.52363219388509	131.8368094451
"LRG_1251"	1.12819900468249e-10	3.07468638623622e-12	0.219923634514479	6.97426746640529	1.53380624928794	644.265734801764
"ENSG00000226212"	1.14359405936991e-10	3.12226831439541e-12	0.294287890387518	6.97210794333878	2.05180693819922	54.5988300085755
"ENSG00000159202"	1.16068102642778e-10	3.17462933241757e-12	0.163823197195382	6.96976850324762	1.14180975991369	7707.75745352604
"ENSG00000117090"	1.20192204692616e-10	3.29334209040669e-12	0.633056511924256	6.96460167928181	4.40898644602796	2724.81481597409
"LRG_403"	1.24260959284044e-10	3.41094132627394e-12	0.605443131140184	6.95966032944614	4.213678541532	8.44957531188621
"ENSG00000172575"	1.28391183699482e-10	3.53063123219257e-12	0.350480896839586	6.95479977337265	2.4375244619114	1055.77474305861
"ENSG00000174007"	1.32894877391942e-10	3.67409096292165e-12	0.216636975954157	6.94918246482179	1.50544987453265	134.102088106963
"ENSG00000214182"	1.33660184043487e-10	3.7018242629124e-12	0.168716446348984	-6.94812138862314	-1.17226234948986	619.292920319648
"ENSG00000177337"	1.37489168761032e-10	3.81463455240172e-12	0.258645532193306	6.94388411704503	1.79600460294176	189.597532660303
"ENSG00000171517"	1.40032099534189e-10	3.89207675309015e-12	0.628709323215843	6.94104584266951	4.36390023415489	12.18252082357
"ENSG00000163217"	1.41729648777616e-10	3.95320301342523e-12	0.50495406508319	6.93884438138858	3.50379767736182	23.1629243065805
"ENSG00000165507"	1.41791799129921e-10	3.96191174270931e-12	0.341785084291917	6.93853345593965	2.37148724210062	114.881854397735
"ENSG00000162889"	1.42990430094366e-10	4.00947191823045e-12	0.235561830645658	6.93684716092613	1.63405641613689	4082.50524672024
"ENSG00000122417"	1.44898577419209e-10	4.0701046687509e-12	0.255369323413995	6.93472557716782	1.77091617870307	152.417449000596
"ENSG00000112096"	1.45071476420827e-10	4.08209782136527e-12	0.312222623485249	6.93430960092748	2.16504833566053	167022.315511215
"ENSG00000174705"	1.50327242012802e-10	4.24477749485186e-12	0.40627075614293	6.92878252538283	2.8149617157372	2607.92506038977
"ENSG00000143545"	1.54342476662817e-10	4.38093314809355e-12	0.144891869671784	6.92431396986553	1.00327679728827	2428.62507482975
"ENSG00000269385"	1.54342476662817e-10	4.377736960317e-12	0.560599249929846	6.92441729741029	3.88182314312946	16.5278838754103
"ENSG00000185215"	1.57180733209541e-10	4.48469230920570e-12	0.202133321508504	6.92099913410845	1.39896454313482	28252.2958728564
"ENSG00000112667"	1.59264355835778e-10	4.55981184063472e-12	0.243052969413889	-6.9186458503948	-1.68159741826154	359.749140683114
"ENSG00000196547"	1.61536695994847e-10	4.6328164976877e-12	0.200638695246607	-6.91639495555627	-1.38769645969303	3881.68967473448
"ENSG00000205189"	1.64438822540136e-10	4.72413775892559e-12	0.253727976402491	6.91362777206422	1.75418078420592	439.577245204855
"ENSG00000119900"	1.69947661126142e-10	4.89076061387214e-12	0.24309066513563	6.90871131446304	1.67944322866287	5757.89277899497
"ENSG00000006530"	1.70458219816884e-10	4.91383888295424e-12	0.222462403214039	6.90804333680558	1.5367799222125	673.634566435616
"ENSG00000259053"	1.73344750084335e-10	5.01440439115568e-12	0.153280108547527	-6.90516801537543	-1.05842490293565	156.564893146525
"ENSG00000248751"	1.73344750084335e-10	5.02263172961792e-12	0.171439829434837	6.90493529045831	1.18378092845476	346.594279712021
"ENSG00000164400"	1.7343969019841e-10	5.03391466042219e-12	1.34486297381399	6.90461673956194	9.28576340141314	141.094972956933
"ENSG00000258555"	1.73877745494832e-10	5.05518238820571e-12	0.348166659195616	6.90401818635	2.40374894696725	3724.17236192996
"ENSG00000132823"	1.77522311896742e-10	5.17860738659818e-12	0.157142270170532	6.90059253798239	1.08437477694039	1355.71975443381
"ENSG00000108510"	1.83985954003913e-10	5.39431466874912e-12	0.214060354085767	6.8947933877901	1.47590191393855	4344.9392717738
"ENSG00000144843"	1.89297506820231e-10	5.55935712178659e-12	0.180026572778811	6.89050781788006	1.24047450715855	1013.02100327986
"ENSG00000163874"	1.92213315585115e-10	5.6544452341548e-12	0.315686254969959	6.88809498906697	2.17447691097589	4205.10743640332
"ENSG00000224557"	1.95848229878446e-10	5.77100992213641e-12	0.321878936925515	-6.88519088257932	-2.21619792181388	189.674447937152
"ENSG00000283724"	1.97246523388151e-10	5.82912696839918e-12	0.333801485903644	6.88376435764663	2.29781077119299	47.7781951167718
"ENSG00000165935"	2.02228600981488e-10	5.9888635276887e-12	0.353711195537894	6.87991416431564	2.43350266425818	23.9683962388139
"ENSG00000170832"	2.02812637405683e-10	6.0161363811308e-12	0.15093458571176	6.87926687110249	1.03831929519049	3299.99107319596
"ENSG00000171914"	2.03037698835261e-10	6.04278865581133e-12	0.463887484382999	-6.87863707923901	-3.1909136506718	99.1794042975726
"ENSG00000137547"	2.12673345542187e-10	6.35048803345667e-12	0.169877862602732	-6.87155705932191	-1.16732542599032	588.813384495547
"ENSG00000168404"	2.13848876747028e-10	6.39610965477139e-12	0.221572792312802	6.87053605132865	1.52232385757866	1759.53003372606
"ENSG00000198355"	2.17873631309486e-10	6.53792380454477e-12	0.227709762780359	6.86740723577684	1.56377567257487	4336.26458491764
"ENSG00000160741"	2.18363410634093e-10	6.56336304099917e-12	0.151367281432963	6.86685301908933	1.03941687349928	2824.30629009018
"ENSG00000116717"	2.25359595819859e-10	6.79582016123445e-12	0.278442493724201	6.86188407996312	1.91064011487133	626.790031789746
"ENSG00000175764"	2.2931036840126e-10	6.92623800661027e-12	0.234889570529424	-6.85916875688221	-1.6111472034929	120.596896701447
"ENSG00000120217"	2.30481709937164e-10	6.97295610051927e-12	0.361424318656346	6.85820825178877	2.47872324460609	12121.968515133
"ENSG00000220201"	2.3400703476368e-10	7.12565695192434e-12	0.23474975717348	-6.85511220094862	-1.60923592456964	57.4728191621785
"ENSG00000196396"	2.3906910989278e-10	7.33860313720458e-12	0.177975120624532	6.85090150796824	1.21929002226744	5399.44114733295
"ENSG00000165997"	2.4325715671064e-10	7.47912844077872e-12	0.242208786590721	6.8481879109132	1.65869128424753	538.479954203447
"ENSG00000158859"	2.48030437628219e-10	7.65028947229896e-12	0.689202617008235	6.84494942384548	4.71755705620331	24.3184903998318
"ENSG00000187796"	2.49770859971422e-10	7.71625836590185e-12	0.255994513538338	-6.84372016666712	-1.75195481485846	724.534447278307
"ENSG00000116809"	2.53160698486452e-10	7.83343562317878e-12	0.20484158686215	6.84156187455668	1.40143639099978	1087.8839399674
"ENSG00000096070"	2.64690711996356e-10	8.22267992664594e-12	0.186618509132527	6.83461282669688	1.27546525621622	1042.09932527484
"ENSG00000256235"	2.64690711996356e-10	8.22926652802524e-12	0.25936483714262	6.83449803295791	1.77262846926969	1209.32074323958
"ENSG00000113580"	2.64917431253075e-10	8.24934740177077e-12	0.217968632063449	6.83414861083087	1.48963002402112	4546.88628096917
"ENSG00000132669"	2.75864566104826e-10	8.61737502344375e-12	0.169828004553908	6.82788811371013	1.15956661366874	3563.90788635359
"ENSG00000103047"	3.00481127814818e-10	9.44546638496991e-12	0.152223422158981	-6.81470915168715	-1.03735834808794	449.778386927309
"ENSG00000187514"	3.02631235957309e-10	9.5577161297025e-12	0.155372720437318	-6.81301050155459	-1.05855597599455	9604.50341385067
"ENSG00000136478"	3.04879949622665e-10	9.65873118639298e-12	0.216909685935634	-6.81149848965218	-1.4774799981415	1463.25553349897
"ENSG00000155545"	3.27743460282079e-10	1.04475483206802e-11	0.153063733754081	6.80019797015357	1.04086369157863	384.084056943039
"ENSG00000100364"	3.27845168615377e-10	1.0466918262071e-11	0.184523092665269	-6.79993112014305	-1.2547443201996	14279.2988951462
"ENSG00000152133"	3.29763706155141e-10	1.05443924144452e-11	0.157063322394585	-6.79886861257636	-1.06785289281551	346.046354488643
"ENSG00000106603"	3.37043718608225e-10	1.08103357208069e-11	0.223789593030305	6.79527867726099	1.52071264971174	645.400199390354
"ENSG00000061273"	3.40417439975526e-10	1.09520368823295e-11	0.194790126269438	6.79340104598322	1.323287447546	924.530606831301
"ENSG00000136630"	3.4313142351791e-10	1.10579981807698e-11	0.196925090566044	6.79201247783751	1.33751767232385	921.590070741571
"ENSG00000116670"	3.4313142351791e-10	1.10872062680834e-11	0.159869471554093	6.79163201230763	1.08577462079748	706.45057366115
"ENSG00000079459"	3.45467017151601e-10	1.1186653419947e-11	0.208531523470818	6.79034393286401	1.41600076521096	2341.71545526527
"ENSG00000154153"	3.45671193128041e-10	1.12230906859754e-11	0.308118852844412	6.78987478888573	2.09208843090867	52.3000099329322
"ENSG00000197249"	3.6299254180834e-10	1.18390424645282e-11	0.319574996149151	6.78216222366049	2.16740946650922	19660.2792484613
"ENSG00000197324"	3.78398089047426e-10	1.23787253648435e-11	0.192537136095523	6.77572112335891	1.30457794007346	10605.980732334
"ENSG00000151327"	3.80943233005355e-10	1.24807257566689e-11	0.178224625688146	6.7745347234356	1.20738891529566	499.160348803383
"ENSG00000086061"	3.81635193944863e-10	1.25221701279626e-11	0.155313069604232	6.7740553816453	1.0520993349924	7391.62613365829
"ENSG00000140379"	3.93861448110422e-10	1.29427118918616e-11	0.312382941382374	6.76927746576897	2.11460680579033	4831.35001241162
"ENSG00000251349"	3.94835872251208e-10	1.30330022766903e-11	0.333502352553667	6.76827149470922	2.25723446620745	389.089497709497
"ENSG00000126091"	4.00959157372677e-10	1.32548481776091e-11	0.272401295287875	6.76582849926	1.84302044689404	140.737475940853
"ENSG00000133392"	4.02173184708262e-10	1.33147655110518e-11	0.575977016610228	6.76517555002873	3.89658563015001	700.824564737181
"LRG_309"	4.10375866286457e-10	1.36267074844234e-11	0.544701871248427	6.76182198407657	3.68317708777526	38.2048251632971
"ENSG00000116285"	4.31465169611754e-10	1.43906623866966e-11	0.241488708296878	6.75391646673917	1.63099456349786	120.370982738888
"ENSG00000118557"	4.47594722199674e-10	1.49726687866873e-11	0.45216672290307	-6.74816493892707	-3.05129562604405	224.042745857459
"LRG_570"	4.59962036490204e-10	1.54089997466464e-11	0.789782688964593	6.7439948556137	5.32629039142997	108.229809292991
"ENSG00000120306"	4.62260132436023e-10	1.55087273869229e-11	0.19375460864041	6.74305798886094	1.30649856167134	1408.20070601872
"ENSG00000101350"	4.68725911900513e-10	1.57643636547328e-11	0.193875545550684	6.74068316131743	1.30685362528473	1095.50751658138
"ENSG00000105443"	4.69377956600875e-10	1.58167995017513e-11	0.176285323888248	6.74020070312634	1.18819846402242	1242.5719515238
"LRG_1337"	4.69808683568164e-10	1.58544252719284e-11	0.425336201431326	6.73985547556064	2.86670452617108	663.232912416595
"ENSG00000239961"	4.73995654492318e-10	1.60423558781343e-11	0.392529144596518	6.73814308013762	2.64491753941536	615.380327662863
"ENSG00000185862"	4.77450329958187e-10	1.61827664965167e-11	0.209929612328976	-6.73687645332264	-1.41426986215423	4521.16149092597
"ENSG00000171103"	4.85336121833803e-10	1.64739238520919e-11	0.172235269845731	-6.73428390359232	-1.15988120535298	101.549950621863
"ENSG00000187764"	4.91093464451294e-10	1.67176641775037e-11	0.294166034045531	6.73214784313456	1.98036923162307	2596.29963691019
"ENSG00000234431"	4.96064007443032e-10	1.6935675972327e-11	0.188913012411216	6.7302629410806	1.27143424651911	788.452035781343
"ENSG00000286231"	4.96131959090949e-10	1.69624021826156e-11	0.181519057151846	6.73003350655015	1.22162933670932	506.796179710246
"ENSG00000185499"	5.00161924791629e-10	1.71247884521337e-11	0.385711048353784	6.72864704501913	2.59531350573692	209.914762811249
"LRG_1178"	5.05144933522025e-10	1.73293581278156e-11	0.182171050018317	-6.7269186308651	-1.22544983037247	4529.15722754898
"ENSG00000280434"	5.05144933522025e-10	1.73450985634776e-11	0.164094970125165	-6.72678646852483	-1.10383182459095	269.816601479737
"ENSG00000105220"	5.15316807633983e-10	1.77197190346396e-11	0.179194971472933	-6.72367519940673	-1.20484878555095	4613.76206742191
"ENSG00000273269"	5.1605005300426e-10	1.77703186296233e-11	0.179242006022786	-6.723259909541	-1.2050905931987	1554.59984039542
"ENSG00000056972"	5.26226374273375e-10	1.81725164669377e-11	0.425490303908682	6.71999951645117	2.85929463652101	667.116078654837
"ENSG00000118503"	5.41495297154243e-10	1.87797217873741e-11	0.278808500880672	6.71520871575779	1.87225727514125	12688.753503154
"ENSG00000224117"	5.41800348855487e-10	1.88417896440886e-11	0.282832856914856	6.71472757880745	1.89914558451908	28.4039829685777
"ENSG00000185262"	5.47165975765137e-10	1.90571384711588e-11	0.183413262199444	6.71307018980972	1.23126610288684	1122.26319254369
"ENSG00000116396"	5.48572139252658e-10	1.91330995046308e-11	0.259003458299354	-6.71248994302789	-1.73855810904386	250.829890078347
"ENSG00000110925"	5.53165832139762e-10	1.9347742357899e-11	0.158185911144177	6.71086245202792	1.06156389153728	963.223413422383
"ENSG00000275097"	5.54454521948588e-10	1.942009148108e-11	0.197053765019793	6.7103178591929	1.32229339863352	72.6940656366994
"ENSG00000135842"	5.75756159090668e-10	2.02228402986392e-11	0.263945496618875	6.70440519021644	1.76959755746584	5550.52356850235
"ENSG00000029153"	5.8047511153098e-10	2.0474254966928e-11	0.256657473487939	6.70260058222582	1.72027253123287	1556.91577435536
"ENSG00000105364"	5.8047511153098e-10	2.044616163829e-11	0.180381627829954	-6.70280115096539	-1.20906218263163	503.891499779364
"ENSG00000130202"	5.8047511153098e-10	2.04634937276251e-11	0.221126744100046	6.70267737886524	1.4821412255415	3584.33515149073
"ENSG00000169919"	5.81299345362751e-10	2.05319229619468e-11	0.162596231076952	-6.70218971179937	-1.0897507871013	3479.41614158619
"ENSG00000158156"	5.83918112638915e-10	2.06531445782851e-11	0.155794818101826	6.70132970854	1.04403244298235	251.680556197849
"ENSG00000150347"	5.84403590405536e-10	2.06990645952374e-11	0.23837005438171	6.70100522035114	1.59731897878723	2112.28229099858
"ENSG00000135617"	5.8459853331448e-10	2.07347275934544e-11	0.293167723539167	-6.70075369800175	-1.96444470763983	210.858375515051
"ENSG00000133026"	5.86216620289597e-10	2.08497941986117e-11	0.610502961363003	6.69994503983604	4.09033628778926	40.6066785960559
"ENSG00000135185"	5.94437237632798e-10	2.12006590556759e-11	0.17450109361644	-6.6975059568596	-1.16872211397462	204.25661994593
"ENSG00000215414"	6.13589802512094e-10	2.19139215182891e-11	0.187213355119246	6.69266714642399	1.25295667117838	589.338191651318
"ENSG00000214900"	6.24410217883322e-10	2.23310816804986e-11	0.2554537208284	6.68990808225909	1.70896191161307	168.112390868592
"ENSG00000279406"	6.24852127933958e-10	2.23776244163676e-11	0.348551064493778	-6.68960338698301	-2.33166838157411	190.294397485198
"ENSG00000197763"	6.27593192176986e-10	2.25711477683082e-11	0.408636761740526	-6.68834309046751	-2.73310286189827	45.4566301961354
"ENSG00000198718"	6.27593192176986e-10	2.2556649898134e-11	0.155493053773251	6.68843713876151	1.04000551567645	507.674356031582
"ENSG00000231312"	6.28666557364148e-10	2.26688600230185e-11	0.327474003415576	-6.68771076523876	-2.19005141797818	234.028039181527
"ENSG00000221968"	6.39693306525953e-10	2.31608753248279e-11	0.264676490772437	6.68456679021156	1.76924768036717	736.752041643882
"ENSG00000103569"	6.45328610049629e-10	2.34283999516247e-11	0.340351034863113	6.68288464239685	2.27452670391057	18057.6395931905
"ENSG00000101336"	6.62957616879324e-10	2.41010270992631e-11	0.158101534832014	6.67873697275377	1.05591856613169	15997.9971440373
"ENSG00000154518"	6.71816341847401e-10	2.44561242112887e-11	0.166364175457783	-6.67659279245228	-1.1107458547837	2546.65649529305
"ENSG00000136404"	6.92169582711479e-10	2.52651431705981e-11	0.238129537333482	-6.67181936477431	-1.58875725850627	546.260572990396
"ENSG00000146112"	7.05724699864268e-10	2.5794640495826e-11	0.176626574095481	6.66877553777604	1.17788297664913	12467.4619386973
"ENSG00000214160"	7.35331746769264e-10	2.69491416441904e-11	0.169296311617948	-6.66234558090309	-1.12791053357103	576.319596846458
"ENSG00000155846"	7.35586196108617e-10	2.69946528087873e-11	0.358176051237918	-6.66209766699044	-2.38620383532398	1200.81832763933
"ENSG00000100731"	7.36712622795811e-10	2.7072231858937e-11	0.244636832782358	6.66167601060104	1.62969132025565	4520.28558684128
"ENSG00000185905"	7.51489605540116e-10	2.76522149224718e-11	0.244575425872928	-6.65856066608172	-1.62852031060767	436.492886162566
"ENSG00000197744"	7.68838103650891e-10	2.83662228324561e-11	0.160517609270877	-6.65481209136808	-1.06821452705333	1339.96111362563
"ENSG00000149476"	7.83554668647045e-10	2.89477349544437e-11	0.286196724304803	-6.65182674543873	-1.90373102518765	857.248034716779
"ENSG00000235859"	7.91644154325357e-10	2.94023679907342e-11	0.207511001417344	6.64953337174216	1.37985132892826	473.435852835344
"ENSG00000023909"	8.02073269024902e-10	2.98686277376943e-11	0.259351116174464	6.64721712020816	1.72396317957999	637.851230633241
"ENSG00000106477"	8.02209024732852e-10	2.99526096897007e-11	0.157337750329772	-6.64680368501565	-1.045793138684	129.811980792173
"ENSG00000125457"	8.02209024732852e-10	2.99372583970951e-11	0.205891218667566	-6.64687917316461	-1.36853405329893	629.191964812682
"ENSG00000284542"	8.24579435003616e-10	3.08284322413788e-11	0.176207407683012	6.64255846088068	1.17046800677464	182.968719747075
"ENSG00000205300"	8.26947692516146e-10	3.09576541718215e-11	0.685006810417178	6.64194211974005	4.54977558641864	9.22493184125715
"ENSG00000108439"	8.3688625444404e-10	3.14120529388431e-11	0.190311870947522	-6.6397946216894	-1.263631737161	651.707039386278
"ENSG00000116663"	8.40130101208576e-10	3.16164663235223e-11	0.224054907903195	6.63883845690382	1.48746433904578	1670.49966658409
"ENSG00000125850"	8.41564364923701e-10	3.1711840984433e-11	0.233270089754205	-6.63839440025621	-1.54853885757158	69.4885276305122
"ENSG00000163214"	8.73816088698478e-10	3.30131225954561e-11	0.177557966415605	-6.63246294896043	-1.17764663354426	448.779498251686
"ENSG00000179454"	8.75426866451599e-10	3.31601085777121e-11	0.16756478006182	6.63180740165914	1.11125734867136	531.746054974547
"ENSG00000223865"	8.8352907518289e-10	3.35104740734951e-11	0.344242204300614	-6.63025619338088	-2.28241400708723	23690.9217373161
"ENSG00000165271"	8.87113836438854e-10	3.36900768265838e-11	0.181666816532943	-6.62946716300276	-1.20435419481239	879.79122377086
"ENSG00000256751"	9.16858155724373e-10	3.49098884558572e-11	0.284353358726198	-6.6242147728622	-1.88361771958707	95.4613397719111
"ENSG00000184014"	9.17825465033696e-10	3.4991870100409e-11	0.220167243936627	6.62386823793655	1.45835881414585	6942.83276268885
"ENSG00000164305"	9.23154268977117e-10	3.52858553224724e-11	0.213959341162383	6.62263206742881	1.41697399390794	2409.26957606244
"ENSG00000266953"	9.34563664789842e-10	3.57679324678521e-11	0.180960045193665	-6.62062664470089	-1.19806889683546	862.930050022452
"ENSG00000196781"	9.45481409655649e-10	3.62788026137055e-11	0.292391029620253	6.61853010803754	1.93519883286174	488.441497426488
"ENSG00000277089"	9.66380549116323e-10	3.72233357909328e-11	0.569065852520177	6.61472886482548	3.76421632065173	410.460571692382
"ENSG00000270008"	9.87074643479166e-10	3.81175519053102e-11	0.221989288876461	6.61121611787922	1.4676191646166	130.809514949032
"ENSG00000182541"	9.98226849498235e-10	3.85973191512009e-11	0.442674904211077	6.60936454707996	2.92579981777471	6745.18873022961
"ENSG00000134853"	1.0110383428572e-09	3.91424230533558e-11	0.543004015951602	6.60728795750429	3.58778389547349	43.5715669293297
"ENSG00000231389"	1.02138594621498e-09	3.96435218203276e-11	0.321719160426327	-6.60540382001405	-2.12508497125177	38701.6779525591
"ENSG00000160271"	1.02138594621498e-09	3.96026269282011e-11	0.182492057434411	6.60555670950922	1.20546163441802	4422.92312490998
"ENSG00000142512"	1.02640819749531e-09	3.99394374369731e-11	0.360022405649491	6.60430208779355	2.37769672528339	4271.17709925502
"ENSG00000148200"	1.07124776097924e-09	4.17896238910141e-11	0.243524269756123	6.59758956462635	1.60667318087625	146.863314346396
"ENSG00000090924"	1.07992777052895e-09	4.21813582152688e-11	0.327873741674935	6.59620570019808	2.16272264378148	1470.34067161402
"ENSG00000178826"	1.09545761226552e-09	4.29496122085605e-11	0.837437352221478	6.59352785657623	5.52166651000976	30.8457372332974
"ENSG00000257365"	1.09947397864759e-09	4.31611685832731e-11	0.2373004339405	-6.59279867919524	-1.56447398745539	222.52928122844
"ENSG00000258539"	1.1650792915056e-09	4.59830370041255e-11	0.155877951330281	-6.58339338154488	-1.02620587311654	306.601663476496
"ENSG00000241886"	1.16855620486487e-09	4.62754695452685e-11	0.223410503466197	6.58245120664463	1.47058873811815	107.569162842131
"ENSG00000091972"	1.17111083578743e-09	4.64342450631968e-11	0.62454737492748	6.58194209222096	4.11073465562128	58.5751907381969
"ENSG00000172197"	1.19957996856352e-09	4.78580949677793e-11	0.290679871900722	-6.57745116919205	-1.911932663294	363.048088932464
"ENSG00000283648"	1.19957996856352e-09	4.78058423577721e-11	0.638511799915455	6.57761365353115	4.19988393306464	9.94808384752895
"ENSG00000136371"	1.2229731331671e-09	4.89117058867005e-11	0.214810223445966	6.5742113784324	1.41220781518208	461.647020626411
"ENSG00000249173"	1.24545265397221e-09	4.99332896983153e-11	0.622459394616898	6.57113461499975	4.09026447439889	201.488532158473
"ENSG00000253729"	1.24707227577985e-09	5.00595718730992e-11	0.179675604642286	-6.57075856816079	-1.18060501869277	2583.57333928327
"LRG_40"	1.25339122217166e-09	5.04365417028935e-11	0.239070213782187	6.56964151123452	1.57060560056317	3899.62621788443
"ENSG00000101017"	1.26140377156368e-09	5.09369444534367e-11	0.239294120570678	6.56817124248125	1.57172476122717	3981.09199755075
"ENSG00000140526"	1.26140377156368e-09	5.09636824670272e-11	0.280760431818656	-6.56809307983758	-1.84406064932032	6380.94125451534
"ENSG00000267737"	1.26293439544315e-09	5.11311987135829e-11	0.471539271445935	6.56760429439493	3.09688334412418	41.0881897019089
"LRG_162"	1.26424190994966e-09	5.1246326928302e-11	0.179723328401446	-6.56726927624771	-1.1802914928358	2581.35352794267
"ENSG00000160447"	1.26499777276726e-09	5.13391953233468e-11	0.26842897388853	6.56699956928798	1.76277295591039	129.727513295438
"ENSG00000141458"	1.29471346034227e-09	5.26088802756156e-11	0.172617108916051	6.56335928591535	1.13294810471202	10647.8397511322
"ENSG00000164885"	1.30913767881893e-09	5.32593890389242e-11	0.208092885449976	-6.5615273919003	-1.36540716793959	313.779512045579
"ENSG00000136147"	1.3359751657972e-09	5.46140969489114e-11	0.188699915544776	6.55778164693862	1.2374528429384	1034.94497355191
"ENSG00000135124"	1.36728496898162e-09	5.59612895608375e-11	0.201756258331671	6.55414575197965	1.32233992347983	4349.01790629039
"ENSG00000221930"	1.4111069210642e-09	5.79631188060118e-11	0.174120238925045	6.54889821432161	1.14029572177348	435.36429687457
"ENSG00000170858"	1.41672223740408e-09	5.826346863783e-11	0.306791819523538	6.54812621899003	2.00891155719373	248.777136236629
"ENSG00000072415"	1.422901432277e-09	5.85875884895635e-11	0.188775608165272	6.54729748193961	1.2359700639921	393.496661134107
"ENSG00000112715"	1.45532493035097e-09	6.00658016806603e-11	0.318712202656223	6.54357385034541	2.08551683508725	2552.74097510087
"ENSG00000105223"	1.4935038803321e-09	6.19346574984302e-11	0.284832613379965	-6.53899243522718	-1.86251830419758	21957.116235006
"ENSG00000198814"	1.51257286900622e-09	6.30238695419258e-11	0.197072720390103	6.53638425519355	1.28814302668603	3448.00061660764
"ENSG00000177453"	1.52161836341242e-09	6.34756184658469e-11	0.512862817500769	6.53531542863071	3.35172028398379	22.0133008797172
"ENSG00000178694"	1.55861728439749e-09	6.51724071102845e-11	0.171156972216721	6.53136625192835	1.11788887211853	612.45754971408
"ENSG00000001630"	1.59814910774699e-09	6.6904018629117e-11	0.242744211596518	6.52743837706128	1.58449788258459	1859.4302303481
"ENSG00000248993"	1.61226887322055e-09	6.75744332931873e-11	0.389827438264628	-6.5259442939954	-2.54399214638589	7027.51388287489
"ENSG00000264050"	1.64945219841986e-09	6.94574518815132e-11	0.667789850660402	6.52182408170987	4.35520792955844	14.9122977084252
"ENSG00000285772"	1.70709978857792e-09	7.19689354000037e-11	0.245457917136393	6.51649556743575	1.59952542901132	1770.45780146876
"ENSG00000114023"	1.75193004415126e-09	7.40312823655023e-11	0.205042811167658	-6.51225422747671	-1.33529091384029	474.507556811819
"ENSG00000001460"	1.79856162667154e-09	7.60902695266392e-11	0.195354167561238	6.50813352935003	1.27139100800356	64.2525898627276
"ENSG00000065833"	1.80000567981024e-09	7.62399099919628e-11	0.399456378894519	-6.50783831512874	-2.59959752779233	990.93655872915
"ENSG00000144827"	1.82482244034585e-09	7.75603398494105e-11	0.251310600130193	-6.50525763071481	-1.63484019917645	473.69183304603
"LRG_779"	1.82672111908458e-09	7.79723140565851e-11	0.198327527036563	-6.50446124524965	-1.29001371347552	2786.69872694426
"ENSG00000104635"	1.82672111908458e-09	7.7745804153237e-11	0.284514524372671	6.50489859984681	1.85073813122787	137.455659295806
"ENSG00000261040"	1.82782209684709e-09	7.82273329524287e-11	0.5123170606603	6.50397032865437	3.33209496139801	266.152766724501
"ENSG00000163513"	1.83900588182643e-09	7.87964444643261e-11	0.1982633299685	-6.50288039665306	-1.28928272182732	2788.43625732909
"ENSG00000131368"	1.86903801911425e-09	8.01751846058452e-11	0.187718219706477	-6.50027149621009	-1.22021939287731	826.274992105105
"ENSG00000173418"	1.89732556488924e-09	8.15752923904564e-11	0.156895431046282	-6.49766667854208	-1.01945421432492	889.800853741226
"ENSG00000149798"	1.9015885780431e-09	8.18521254322958e-11	0.366947624767998	6.49715682709679	2.38411626544835	600.484446922964
"ENSG00000221949"	1.90200447787095e-09	8.1963593202231e-11	0.344187674217288	6.49695200966788	2.23617080170892	23.2011847480122
"ENSG00000171812"	1.92596548677155e-09	8.30908959021374e-11	0.380601124493309	-6.49489580936703	-2.47196464851197	607.78818228626
"ENSG00000123836"	1.98501512361318e-09	8.58337413250682e-11	0.268864364985239	-6.49000462120915	-1.74493097123267	380.48088368844
"ENSG00000163626"	1.99203655470866e-09	8.62353486886864e-11	0.163701268404035	-6.48930131147494	-1.06230685574442	359.704478185667
"ENSG00000066697"	2.01776800435428e-09	8.75477853128924e-11	0.342617642997087	6.48702505359681	2.22256923392639	1709.40763116498
"ENSG00000215105"	2.06132663353305e-09	8.97419357869316e-11	0.189981584108763	-6.48329306714617	-1.23170628713779	180.248463202629
"ENSG00000179431"	2.07313166012546e-09	9.03578635808324e-11	0.432866131990771	6.48226147978298	2.80595145330643	33.3121222247404
"ENSG00000176076"	2.11251951124599e-09	9.22824343755628e-11	0.628244269173863	6.47908185293179	4.07044604361277	129.700176432155
"ENSG00000172548"	2.15059009159319e-09	9.40512884408867e-11	0.781637054018143	6.47621615557065	5.06205051702494	288.644335898914
"ENSG00000175183"	2.15236603167197e-09	9.423483708127e-11	0.662763662598637	6.47592181431746	4.29200566035945	14.2167601118613
"ENSG00000205885"	2.16566619641021e-09	9.49236806868111e-11	0.272397562306355	6.47482215151387	1.76372577043957	213.326851109101
"ENSG00000118804"	2.16895887910055e-09	9.52138981453771e-11	0.233765933876769	6.47436118551298	1.51348508878695	188.056817941691
"ENSG00000105246"	2.16957531624555e-09	9.55219356572102e-11	0.573234490154119	6.47387341546212	3.71104752663473	2422.36676096972
"ENSG00000226239"	2.18445796363555e-09	9.63921090801400e-11	0.531673772849817	6.47250377964452	3.4412605043083	40.7369336497054
"ENSG00000174125"	2.22031132734891e-09	9.80834106630912e-11	0.205057560376371	6.46987594215086	1.32669697663523	1982.59486473241
"ENSG00000152284"	2.28376231108058e-09	1.01426551878422e-10	0.412894115862966	6.46480942618406	2.66928177224684	63.1283026339429
"ENSG00000154710"	2.28953263627237e-09	1.01929704635306e-10	0.212448383646025	6.46406106934948	1.3732793259725	1414.25295282014
"ENSG00000226723"	2.32170120261597e-09	1.03476057141385e-10	0.220243835822211	-6.46178352471339	-1.42316798973564	84.0707121345291
"ENSG00000282221"	2.33059622074542e-09	1.04101798919561e-10	0.693914339262596	6.46087134410922	4.48329126980819	6.84294194872215
"LRG_785"	2.33059622074542e-09	1.04059316593541e-10	0.24886025192338	-6.46093310327587	-1.60786943974134	644.948005435539
"ENSG00000026652"	2.36032038261114e-09	1.0566172511689e-10	0.305451932473551	6.45862048030871	1.97279810682355	1365.35741196944
"ENSG00000123685"	2.52762102539269e-09	1.13648446340462e-10	0.334872336446402	6.44758232039489	2.15911695606115	329.135216538049
"ENSG00000238035"	2.53190058925137e-09	1.14089971455837e-10	0.268667535924803	6.44699443997185	1.73209811030814	58.5488353773857
"ENSG00000143933"	2.60326943353992e-09	1.17690112624124e-10	0.181113067271224	-6.44228229636954	-1.16678150692259	7000.84472473878
"ENSG00000233785"	2.60617420454214e-09	1.17949639324025e-10	0.326317165863193	6.44194807320027	2.10211823788457	29.4525574976182
"ENSG00000138821"	2.63090216462088e-09	1.19327616872317e-10	0.570406110885303	6.44018544208917	3.67352113140223	9520.56983450777
"ENSG00000068654"	2.65275288633927e-09	1.20840671622893e-10	0.155616208211494	-6.43827279956915	-1.00189960050015	1084.94163147886
"ENSG00000260170"	2.67007111626972e-09	1.2176091719707e-10	0.197176440963898	6.43712093838842	1.26924859668561	5877.78248800187
"ENSG00000158470"	2.6986431415026e-09	1.23196617242936e-10	0.21726165566712	6.43534077249715	1.39815279101486	8476.92209205724
"ENSG00000099377"	2.70383932586715e-09	1.23566840502292e-10	0.290773704999346	-6.43488501067328	-1.87109535579822	2200.75535337699
"ENSG00000272414"	2.74208727143628e-09	1.25449683315414e-10	0.234222593846981	6.43258760426318	1.50665735381846	183.406601419118
"ENSG00000273824"	2.75047266862789e-09	1.2596861739928e-10	0.536752705200368	6.43196033497638	3.45237210954004	31.4959567290292
"ENSG00000253320"	2.77424490068608e-09	1.27330307572812e-10	0.443379095857101	6.43032630404446	2.85107226275336	421.036781211781
"ENSG00000215244"	2.85380803949875e-09	1.3134148328749e-10	0.309373638301582	6.42561030486619	1.98791443832459	43.3317325961374
"ENSG00000197329"	2.85913942800566e-09	1.31857184127105e-10	0.217851226079886	6.42501422741685	1.39969722702347	1024.85987456556
"ENSG00000138378"	2.85913942800566e-09	1.32070637686802e-10	0.39843785056287	6.42476817165928	2.55987082068067	1108.11882651479
"ENSG00000062822"	2.8596496081042e-09	1.32234879556176e-10	0.247347849039343	-6.42457910846867	-1.58910582346283	678.832803413872
"ENSG00000101331"	2.88975775072056e-09	1.3391144240352e-10	0.577796065494132	6.42266219511579	3.71098894633581	198.49533088968
"ENSG00000063241"	2.89248075020479e-09	1.34179916737658e-10	0.266498129828424	-6.42235741311441	-1.71154623968471	277.016752715541
"ENSG00000165474"	2.89998827098373e-09	1.34670844539977e-10	0.423827289861235	6.42180163187128	2.72173478166246	4071.51482067757
"ENSG00000242590"	2.90937445532932e-09	1.35249845547334e-10	0.210241708018933	6.42114868183425	1.34999326631235	257.883963381371
"ENSG00000262519"	2.91544561276817e-09	1.35675499295489e-10	0.305918420689269	6.42067040437124	1.96420134987158	188.40217906538
"ENSG00000139618"	2.91955170782984e-09	1.36010205987547e-10	0.266391591917679	6.42029534660426	1.71031269796357	637.94687288172
"ENSG00000103319"	2.93033157521548e-09	1.36800701735512e-10	0.301440765207624	-6.41941312023424	-1.93507280314727	772.177360130766
"ENSG00000257354"	3.01699138046112e-09	1.40994776241542e-10	0.237243458945696	6.41481413146057	1.52187269304144	257.22288101747
"ENSG00000162512"	3.02080654657627e-09	1.41321675806475e-10	0.347884966316134	-6.41446130834965	-2.23149465619136	897.203923200662
"ENSG00000188897"	3.0485682098983e-09	1.42770412033805e-10	0.310361995785167	6.4129072247896	1.99032268507082	230.638780307329
"ENSG00000272669"	3.06777850533907e-09	1.43971895616562e-10	0.288826728914321	6.41163001947585	1.85185012553408	54.7211893435366
"ENSG00000137767"	3.13138377811848e-09	1.47110955731166e-10	0.202052836539989	6.40834165572268	1.29482360905614	9573.51914414855
"ENSG00000099810"	3.14271998149487e-09	1.4779812585149e-10	0.24935143629014	-6.40763095543245	-1.59775198195424	299.612054539257
"ENSG00000259332"	3.14830518090199e-09	1.48215665984022e-10	0.214539425380078	6.40720069329481	1.3745971550343	486.6785579823
"ENSG00000285245"	3.25097302398457e-09	1.53368906434534e-10	0.177293155204609	6.40198582769213	1.13502826696673	3949.63011489246
"ENSG00000259471"	3.27616123378971e-09	1.54879523104679e-10	0.764766638408393	6.40048957794489	4.89488089869287	32.2107174522973
"ENSG00000197872"	3.31673614701843e-09	1.56960850719782e-10	0.191200506755263	6.39845123882449	1.22338711931209	1925.88533599067
"ENSG00000119508"	3.32944262787441e-09	1.57725956839977e-10	0.658224197356346	6.39770856840329	4.21112658735707	2999.84632819247
"ENSG00000075426"	3.36965060660846e-09	1.60128024694204e-10	0.265551792359114	6.39539960492531	1.69830982794068	7849.13213139178
"ENSG00000020181"	3.36965060660846e-09	1.60048415735115e-10	0.45211891736002	6.3954755843942	2.89151549721875	101.823398490749
"ENSG00000188786"	3.70310685210922e-09	1.76702757110682e-10	0.30893827848195	6.38033349273105	1.97112924538506	5749.03046859522
"ENSG00000132832"	3.72597113403906e-09	1.78160367093957e-10	0.49491908213001	6.37907535171011	3.15712611790654	45.6702059681858
"ENSG00000099954"	3.72597113403906e-09	1.77991805918297e-10	0.375128996385178	-6.37922033055213	-2.39303052031995	71.73524227567
"ENSG00000158683"	3.74745659177864e-09	1.79372061383344e-10	0.478955703200366	6.37803710531369	3.05479724681354	96.6983712608777
"ENSG00000130347"	3.79203844199574e-09	1.81692514881142e-10	0.186381369725799	-6.37606780021573	-1.18838025006877	134.330648240067
"ENSG00000123374"	3.79353131096127e-09	1.81950660575917e-10	0.191522744512532	6.37585023986556	1.22112033653994	465.239554134379
"ENSG00000136628"	3.86775083469145e-09	1.86081282778839e-10	0.165468432991382	-6.37240945476529	-1.05443260685948	2862.43550849153
"ENSG00000180611"	3.88719209417068e-09	1.87207844362116e-10	0.325533791556429	6.37148398447759	2.07413333930805	471.972890283239
"ENSG00000250548"	3.90830740315907e-09	1.88417023568275e-10	0.489766888718104	6.37049667862103	3.12005833787724	40.8658155666116
"ENSG00000028137"	4.02014674380226e-09	1.94402019340694e-10	0.281612023310519	6.36569925477266	1.7926574469228	32274.9424172317
"ENSG00000113161"	4.0731709978629e-09	1.97166482777307e-10	0.223877475397841	6.3635318512624	1.42465144547437	2466.20621564624
"ENSG00000284922"	4.13798155466307e-09	2.00710832983952e-10	0.189254697139403	6.36079602624888	1.20381052551325	31.5270039695552
"ENSG00000154928"	4.15018103857614e-09	2.01915045609593e-10	0.470240286660933	-6.35987724652575	-2.99067049953461	35.3509544237879
"ENSG00000166532"	4.36912744672304e-09	2.13212043838511e-10	0.180377682026628	6.35150964550944	1.14567058722676	262.60337674693
"ENSG00000255730"	4.37224908828436e-09	2.13579464023336e-10	0.190290926756113	-6.3512448314481	-1.20858426503123	1161.77993622033
"ENSG00000275131"	4.39233471994689e-09	2.1477669773845e-10	0.258347473025919	6.35038501551292	1.64060592149942	4085.57677060679
"LRG_1230"	4.40980173075066e-09	2.15847733279068e-10	0.59076714235365	6.34961978962619	3.75114673814965	2803.52995736749
"ENSG00000147883"	4.43108686621402e-09	2.17166498953678e-10	0.259909267241848	6.34868264637366	1.65008145457002	370.990793160278
"ENSG00000282886"	4.43108686621402e-09	2.1732554140178e-10	0.22257559243222	-6.34857000323724	-1.41303672956795	41.1636273256436
"ENSG00000176928"	4.48836654608386e-09	2.2035565786067e-10	0.510543434812799	6.34643914189142	3.24013283833164	112.046027268656
"ENSG00000142669"	4.49381497337837e-09	2.2084421282984e-10	0.226294658439253	-6.34609825847734	-1.43608813782407	15406.5068828326
"ENSG00000197296"	4.5428589113002e-09	2.23477907875846e-10	0.24713709661566	-6.34427322390123	-1.56790526469142	112.374617800539
"ENSG00000204791"	4.58672372403197e-09	2.26312667021058e-10	0.553544112250781	6.34233218965635	3.51076064152287	38.1533871175963
"ENSG00000078177"	4.66269910274579e-09	2.30520100268571e-10	0.188034674591921	6.33949459576817	1.19204480339251	434.02138552665
"ENSG00000164823"	4.75171812782792e-09	2.35189927493931e-10	0.221174738065485	6.33640378950645	1.40145244842124	1610.40217896559
"ENSG00000173281"	4.75171812782792e-09	2.35622386503864e-10	0.222376576176799	6.33612059832368	1.40900480489851	557.341595598574
"ENSG00000136634"	4.76551178399113e-09	2.36540800376183e-10	0.59023388879602	6.33552086491894	3.73943911764943	2889.09155976525
"ENSG00000284461"	4.80754493939281e-09	2.39809650164517e-10	0.200735164252996	6.33340457321583	1.27133700728516	1491.72928115152
"ENSG00000075399"	4.83352129581046e-09	2.42294283767752e-10	0.196198590262119	6.33181475578776	1.24229312888644	966.799018491385
"ENSG00000145901"	4.83352129581046e-09	2.42143085432423e-10	0.312545187470724	6.33191104553545	1.97900832477482	19175.493980165
"ENSG00000148926"	4.94464622250849e-09	2.48594472619229e-10	0.356914288489877	6.32785381868717	2.25850144336468	1086.53322158573
"LRG_293"	5.03724226626411e-09	2.53497581581473e-10	0.267097818655284	6.32483849236226	1.68935056465694	574.13766736556
"ENSG00000179604"	5.06108076618368e-09	2.54946217265451e-10	0.168893802395163	6.32395850291053	1.06807739774578	246.602233361337
"ENSG00000231233"	5.08816290998067e-09	2.56791850420251e-10	0.371877103084727	6.32284440074047	2.35132105900285	45.3315232525699
"ENSG00000059728"	5.10203636080261e-09	2.57762265965382e-10	0.337511022792702	6.32226174994024	2.13383302958551	5724.67262754534
"ENSG00000173786"	5.14483259243831e-09	2.6017748450544e-10	0.173873589368593	6.32082086972558	1.0990238123751	2867.92820431773
"ENSG00000101888"	5.26275905279188e-09	2.66658885496637e-10	0.162392920358468	6.31701779638394	1.0258389679112	384.831619915807
"ENSG00000136560"	5.3668921473309e-09	2.73255281999581e-10	0.169280951120801	6.31323883682059	1.06871107494977	3550.53895724644
"ENSG00000169026"	5.43467402832719e-09	2.77217616348361e-10	0.171273873688315	-6.31101148613221	-1.08091138412131	759.193938058808
"ENSG00000171049"	5.43467402832719e-09	2.77241094420272e-10	0.465572108713124	6.31099838126076	2.93822482444868	2243.82875652681
"ENSG00000188690"	5.4451053529288e-09	2.78576818528431e-10	0.184690482006328	-6.31025459271867	-1.16544396231186	611.663394973461
"ENSG00000133065"	5.47749234111247e-09	2.80503223489673e-10	0.264889646984676	6.30918799845453	1.67123858167058	262.2496755173
"ENSG00000198018"	5.50572032491142e-09	2.82219627044358e-10	0.30279393671581	6.30824368488353	1.91009793910853	598.304962409217
"ENSG00000224916"	5.53623867207135e-09	2.84056323050493e-10	0.582710622846445	-6.30723938183177	-3.67529538862882	363.846513164982
"ENSG00000185252"	5.68129502892655e-09	2.91778434189262e-10	0.234236849958995	-6.30308517663082	-1.47641481679724	105.996080073656
"ENSG00000136710"	5.73179420246315e-09	2.95217853698294e-10	0.166505600151861	6.30126934778393	1.04919663447129	2067.37147615308
"ENSG00000100139"	5.74797757275782e-09	2.9633414483718e-10	0.242344421011206	6.30068444428634	1.52693572362488	1702.26401531663
"ENSG00000074696"	5.8582748661354e-09	3.02308654790242e-10	0.211487472650087	-6.29759009593084	-1.33186141317463	935.39786380929
"ENSG00000109220"	5.9666822655708e-09	3.0819639801502e-10	0.182481013192408	6.29459856347856	1.14864472350305	257.009745816642
"ENSG00000136026"	5.99056165032577e-09	3.09724532393368e-10	0.289271066054302	6.29383124793401	1.82062327465575	1627.8222995257
"ENSG00000186152"	6.13417765186395e-09	3.17451539244435e-10	0.248636430596923	6.29000705713672	1.56392490311593	182.018237556784
"ENSG00000168209"	6.14668375340662e-09	3.18553510065418e-10	0.386495422804535	6.28946909773103	2.43085101814361	1110.08694748856
"ENSG00000185608"	6.17331731019324e-09	3.2038812289718e-10	0.20243130102804	-6.28857749559335	-1.27300492404862	611.327703484405
"ENSG00000182670"	6.24240135871686e-09	3.24280590063213e-10	0.172384759210477	-6.28670219218909	-1.08373164362849	2294.11886666956
"ENSG00000268465"	6.44475549422607e-09	3.35426569898228e-10	0.189366828850437	6.28145144229654	1.1894985402057	293.478816088263
"ENSG00000080822"	6.65787057089526e-09	3.46845972775388e-10	0.189714220211361	6.27624568243037	1.1906930554972	1384.76378814779
"ENSG00000128284"	6.80865920620656e-09	3.55371281866645e-10	0.411531683260014	6.27246722280853	2.58131899439566	7276.88572970256
"ENSG00000131669"	6.94973670804495e-09	3.63418443558234e-10	0.208649356669622	6.26898100988297	1.30801885468616	11493.2046306086
"ENSG00000103495"	7.01307223002437e-09	3.6776539734386e-10	0.166210882005447	-6.26712903560261	-1.04166504464946	2557.78494435079
"ENSG00000274642"	7.02110230329124e-09	3.68531884967127e-10	0.263659112856633	6.26680469936175	1.6523001674795	312.32586133066
"ENSG00000133935"	7.02776816073474e-09	3.6950566014926e-10	0.246875050951883	6.2663935986804	1.54701623895878	386.128714728832
"ENSG00000178146"	7.32901858576243e-09	3.87578462204576e-10	0.200529069881539	6.25894985420763	1.25510139269945	3241.506845919
"ENSG00000177706"	7.32901858576243e-09	3.8745515511719e-10	0.180429764828369	-6.25899948370463	-1.12930980490571	2244.1108891419
"ENSG00000173727"	7.33491483937206e-09	3.88251100313082e-10	0.364531638364268	6.25867939720918	2.28148665466135	42.7802276966726
"ENSG00000132361"	7.38588468022297e-09	3.91312367207799e-10	0.180671958374175	-6.25745426079629	-1.13054651573489	1102.59910689719
"ENSG00000104368"	7.45050121922652e-09	3.95468851610853e-10	0.809442855953205	6.25580570408237	5.06371723540078	109.94163331648
"ENSG00000225032"	7.45177746003627e-09	3.9590317084018e-10	0.183450994096759	6.2556344202477	1.14760235310034	68.9835484612118
"ENSG00000108771"	7.55341579448632e-09	4.02417813136004e-10	0.296271606476061	6.25308699929165	1.85261213071471	2448.5174745585
"ENSG00000167613"	7.60689097161962e-09	4.06389393702229e-10	0.211824832570928	6.25155367101981	1.32423430967194	5282.32985470878
"ENSG00000267149"	7.61624770880502e-09	4.07263934448596e-10	0.285366144180231	-6.2512179982953	-1.78388597660359	41.0448430886541
"ENSG00000125733"	7.6614535335952e-09	4.10058119074753e-10	0.300541550728021	6.25015020953746	1.87842983625745	2044.82456569935
"ENSG00000170088"	7.79488148102534e-09	4.175829364835e-10	0.169855775564426	-6.24730956247938	-1.06114161092599	896.189751529296
"ENSG00000138744"	7.80676640133915e-09	4.18603668706202e-10	0.257563450314668	-6.24692808660753	-1.60898035185424	655.51503803607
"ENSG00000230021"	7.99560487496869e-09	4.29909293995512e-10	0.288723071895818	6.24276255049792	1.80242958069593	161.265994022943
"ENSG00000142197"	8.07648074539953e-09	4.34924076756906e-10	0.188872723250596	-6.24094898980964	-1.1787450313734	2099.4206283178
"ENSG00000128917"	8.09304531823937e-09	4.36342860526876e-10	0.726010228583078	6.24043960026827	4.53062298064966	41.7352625438007
"ENSG00000179583"	8.10769460078738e-09	4.37531531732771e-10	0.321965174869963	-6.24001407171955	-2.00906722179222	6555.77968957455
"ENSG00000169299"	8.14203744901103e-09	4.40185908916919e-10	0.177557662781458	-6.23906789886086	-1.10779431405656	812.815553778268
"ENSG00000167695"	8.14203744901103e-09	4.40111375121744e-10	0.280215561601418	6.23909439091727	1.74829133863514	64.3486204728194
"ENSG00000104856"	8.17294936356662e-09	4.4266121848125e-10	0.203270005786201	6.2381905608135	1.26803703139198	1736.66827781164
"ENSG00000124145"	8.20011494277957e-09	4.44535943867723e-10	0.170155613880891	6.237529272144	1.06135062240169	3524.01173569469
"LRG_363"	8.20026906433683e-09	4.44947696672743e-10	0.324575585608623	6.2373843955157	2.0245026928406	45.6778081950764
"ENSG00000215883"	8.21309999934733e-09	4.46047933848852e-10	0.212786913949893	-6.23699791437117	-1.32715153851096	170.637407605375
"ENSG00000273055"	8.3540126494457e-09	4.54111765920774e-10	0.394042505375187	6.23419340502322	2.45653718830882	9.26560745774477
"ENSG00000284378"	8.5672274580696e-09	4.673876058146e-10	0.165113928376294	-6.22968042320897	-1.02860700720493	635.148232354685
"ENSG00000106733"	8.75632418756577e-09	4.78996088969556e-10	0.167476833240761	6.22583561640172	1.0426832333125	391.086567341598
"ENSG00000103043"	8.77574600626765e-09	4.80621912677622e-10	0.19163389342694	6.2253044071996	1.19297932131955	5869.50122505146
"ENSG00000179362"	8.77574600626765e-09	4.80921932850362e-10	0.387502900630713	6.22520657261182	2.41228560391246	572.359522503394
"ENSG00000122359"	8.81652503308142e-09	4.83590388227361e-10	0.176575436692884	-6.22433901876221	-1.09906538036249	11007.9423877807
"ENSG00000112992"	8.8522813818376e-09	4.86422584785153e-10	0.167508671599821	-6.22342332638014	-1.04247737420528	1777.9744185328
"ENSG00000248098"	8.8754219536146e-09	4.89003964386479e-10	0.191354929734791	-6.22259324829989	-1.19072389379661	1033.42367251372
"ENSG00000049167"	8.94079090720416e-09	4.93045386018096e-10	0.185410044903705	-6.22130222361784	-1.1534919246405	156.659815267496
"ENSG00000122034"	8.97525470189037e-09	4.95387434844598e-10	0.175621298213802	-6.2205587790623	-1.09246260839418	1366.46433220931
"ENSG00000168685"	9.24797212640242e-09	5.11804832851373e-10	0.596310438393211	6.21544167099053	3.70633274763579	10818.0367053548
"ENSG00000134247"	9.37277791584893e-09	5.19172960116386e-10	0.486832502580949	-6.21319698967231	-3.02478623951059	887.001366292316
"LRG_466"	9.4480636493035e-09	5.23807936479981e-10	0.182032647500874	-6.21180083064248	-1.13075055094998	102.5155182812
"ENSG00000149212"	9.45195195749622e-09	5.24488479341585e-10	0.249564071443769	6.21159685154968	1.55019140044003	907.358892055691
"ENSG00000148180"	9.45362535418822e-09	5.25046390440698e-10	0.2958829466358	-6.21142982144464	-1.83785615839052	10378.7905819203
"ENSG00000164603"	9.73745201422074e-09	5.43204967735454e-10	0.208385986105813	6.20608589361572	1.29326132879849	541.952545090611
"ENSG00000133805"	9.8104716890647e-09	5.47760988148782e-10	0.26332724114781	6.20477245582571	1.6338856127425	6100.23389069003
"ENSG00000185222"	9.92747107353019e-09	5.54781933270873e-10	0.273150935704267	6.20276914114506	1.69429219486133	225.558412182725
"ENSG00000165312"	1.00111401618334e-08	5.60442616300985e-10	0.234428306499755	6.20117188822712	1.45373022407097	639.335635914682
"ENSG00000151743"	1.00958286195221e-08	5.66176929666234e-10	0.20846232224835	6.1995698304329	1.29237672379285	87.3926764744529
"ENSG00000170113"	1.05908299616214e-08	5.96141827864821e-10	0.181431172914136	6.19144753097814	1.12332158758169	550.355336099237
"ENSG00000099337"	1.07360823781511e-08	6.05779539932079e-10	0.169713554943552	-6.18891963903738	-1.050343553201	1456.46257540726
"LRG_190"	1.08523042146236e-08	6.12871174655049e-10	0.342974759823076	6.18708449868228	2.12201381994063	1186.66505930037
"ENSG00000103313"	1.10395309342089e-08	6.239876546343e-10	0.343712889389208	6.18424911111914	2.1256061306854	1213.95432865417
"ENSG00000138002"	1.1069338508801e-08	6.26761541894428e-10	0.224310399097338	-6.18354928328418	-1.38703440757154	245.701200699392
"ENSG00000276600"	1.12707930362937e-08	6.38722627794683e-10	0.435477973792007	-6.18056581043538	-2.69150027601655	1224.8233055355
"ENSG00000158623"	1.13772753113539e-08	6.47555467101359e-10	0.170404447712168	-6.17839740685104	-1.05282639786074	365.916163549622
"ENSG00000060558"	1.13772753113539e-08	6.46335351170997e-10	0.25148022166565	6.17869521330416	1.55381964184622	2271.48277538591
"ENSG00000197063"	1.1509316292531e-08	6.56769327987801e-10	0.214727824326776	6.1761660019166	1.32619468827256	3381.53665026404
"ENSG00000144655"	1.18887882703714e-08	6.81932660529959e-10	0.300406046676584	6.17022411107252	1.85357263231584	1719.8991909988
"ENSG00000006704"	1.22185081436553e-08	7.02648367765301e-10	0.168184511979936	-6.16549084209766	-1.03694006839496	264.498340325934
"ENSG00000164930"	1.22246874760147e-08	7.036050938084e-10	0.352816239358583	6.1652755453085	2.17520933250518	35.8484601403077
"ENSG00000067082"	1.23613734568164e-08	7.12688394893194e-10	0.208436864437567	6.1632455955656	1.28464758669834	11566.8343981732
"ENSG00000053372"	1.23753960383867e-08	7.14961495569715e-10	0.201567548338601	-6.16274154826042	-1.24220870492729	471.231941174879
"ENSG00000164543"	1.23753960383867e-08	7.15323216504544e-10	0.26604249082874	6.16266148288393	1.63952981104078	1061.31959595795
"ENSG00000006625"	1.24484528857243e-08	7.20770811024082e-10	0.210866306144058	-6.16146043422131	-1.29924440221701	678.157809213027
"ENSG00000198742"	1.26422315558394e-08	7.33856416562892e-10	0.175404749009512	6.15861121073004	1.08024965366527	1069.54550366255
"ENSG00000127951"	1.26751729847474e-08	7.36392133755741e-10	0.507462443656465	-6.15806482760283	-3.12498662561026	4724.61564741805
"ENSG00000160752"	1.26991602437379e-08	7.38410439202e-10	0.180392579007669	6.1576312438442	1.11079098065526	3042.06912349936
"ENSG00000197982"	1.27609532595194e-08	7.42631233078092e-10	0.326378356325034	6.15672823356152	2.00942284120974	1485.15790466735
"ENSG00000169413"	1.2924621918147e-08	7.52791831517417e-10	0.417338196909871	-6.15457481079506	-2.56853915428412	1019.60116318814
"ENSG00000279277"	1.30236488235995e-08	7.59200307751149e-10	0.224994701788512	6.15323114011371	1.38444440540567	68.7828541059376
"ENSG00000105656"	1.30824993937386e-08	7.63274512051059e-10	0.276349954070649	6.15238263894441	1.70021065969735	941.185714697312
"ENSG00000179163"	1.32837705249007e-08	7.78284666231641e-10	0.419100654035948	-6.14929426528924	-2.57717324844222	9228.16198930332
"ENSG00000137710"	1.33815877198601e-08	7.84673974915053e-10	0.203943910305533	6.14799724270848	1.2538465982256	8294.56599262956
"ENSG00000232618"	1.37100229163071e-08	8.06630628094417e-10	0.539758991964049	6.1436172819023	3.3160726710925	76.6669005452397
"ENSG00000071242"	1.37209494375719e-08	8.0794846894793e-10	0.360106731206527	-6.14335810887341	-2.21226460721751	1335.79288080204
"ENSG00000233588"	1.4044801049629e-08	8.28978905217653e-10	0.260599541648635	6.13927702946781	1.5998927799333	162.954443291808
"ENSG00000127838"	1.42398283284641e-08	8.42705306923568e-10	0.207759418307409	6.1366674532554	1.27495046043435	5576.74504193744
"LRG_74"	1.4532880656053e-08	8.62192742581656e-10	0.599206064812375	6.13303296316819	3.67495054722459	4672.94532719978
"ENSG00000283440"	1.45564640570942e-08	8.65024034876516e-10	0.513551627796031	6.13251159234874	3.14936131072873	42.5022794226317
"LRG_49"	1.47997926207364e-08	8.80940036948595e-10	0.319122538938024	-6.12961134771682	-1.95609713598671	3796.3371531775
"ENSG00000148735"	1.48691976668722e-08	8.85802753570554e-10	0.564016506400798	6.12873544053296	3.45670795182415	12.0353849422211
"ENSG00000188706"	1.51273482160931e-08	9.03414046356604e-10	0.200288534804324	6.12560194553601	1.22688783846592	254.002110131225
"ENSG00000128944"	1.53733440099028e-08	9.18861322905939e-10	0.172483253755795	-6.12290214284864	-1.05609808402686	202.957227374431
"ENSG00000261864"	1.57211082277237e-08	9.43513972738239e-10	0.174832970059994	-6.11868382577059	-1.06974766611752	99.0761364438656
"ENSG00000236792"	1.57682236410397e-08	9.47117329088423e-10	0.324408669151965	-6.11807627655201	-1.98475698264645	12.525825272242
"ENSG00000126882"	1.59237220488307e-08	9.57240670192399e-10	0.244864408068928	-6.11638140111814	-1.49768411130859	1561.84983004836
"ENSG00000170542"	1.67980503533037e-08	1.01310555554655e-09	0.417200590107538	6.10733169126165	2.54798238557683	4320.46177952723
"ENSG00000110987"	1.69067699425154e-08	1.02081837619822e-09	0.343940908877528	6.10612067535344	2.10014469479693	273.212855346728
"ENSG00000234906"	1.71476852107269e-08	1.0375665490552e-09	0.611986056913905	-6.1035214213265	-3.73527000792716	344.362750364
"ENSG00000143514"	1.72917346504207e-08	1.04713328191007e-09	0.218747485685357	6.10205499849315	1.33480918843414	3159.72161032465
"ENSG00000241095"	1.73577851197912e-08	1.05198697695705e-09	0.264525316912024	6.10131599459204	1.61395254704986	99.205824036963
"ENSG00000167992"	1.7478280046734e-08	1.0610093259381e-09	0.364715423542642	-6.0999510795309	-2.22474624156051	582.869023497518
"ENSG00000132481"	1.7514316876721e-08	1.06405850761267e-09	0.303720570987338	-6.09949235208516	-1.8525412999082	544.006882631262
"ENSG00000182810"	1.76294733930147e-08	1.07192193593891e-09	0.219110495419858	-6.0983152449091	-1.33620487453851	411.190221650386
"ENSG00000152518"	1.77102415931349e-08	1.07944654338322e-09	0.273713090772409	-6.09719671385685	-1.66888255759714	2272.79855434808
"ENSG00000058056"	1.77347988746721e-08	1.08268818395652e-09	0.279806099685101	6.0967171859828	1.70589865669297	197.675989698335
"LRG_178"	1.7764881487951e-08	1.08539860330751e-09	0.36715493119699	-6.09631731369825	-2.2382929638659	475.325271352152
"ENSG00000163297"	1.77752669227476e-08	1.08690755534117e-09	0.263040346432555	6.09609511739857	1.60351897156633	3121.83249483571
"ENSG00000264545"	1.77779201417313e-08	1.08794434554869e-09	0.253872151931267	-6.09594262215717	-1.54759007153657	69.8237879585256
"ENSG00000229894"	1.79424819539814e-08	1.10066287862135e-09	0.202142422871552	6.09408337387107	1.23187277837554	426.591958125177
"ENSG00000010610"	1.82757089856515e-08	1.12552257753671e-09	0.416821620140931	-6.09050899766853	-2.53865582789111	6321.44080774497
"ENSG00000147647"	1.82757089856515e-08	1.12521490176998e-09	0.360503881980345	6.0905527635801	2.19566791467675	37.6247556614592
"ENSG00000159228"	1.83665463099703e-08	1.13390474316277e-09	0.215510344807543	-6.08932112689804	-1.31231169570165	1216.75451967862
"ENSG00000155189"	1.84946766204453e-08	1.14272500173551e-09	0.259874190881088	-6.08808038088352	-1.58213496300113	352.13617909068
"ENSG00000228158"	1.86993499825963e-08	1.1562909744256e-09	0.385795019212986	6.08619016186757	2.34802185043159	51.8815392624535
"ENSG00000225450"	1.89654139982019e-08	1.17460921997915e-09	0.298663467151937	6.08367180632981	1.81697051469295	28.9902358884634
"ENSG00000260772"	1.93073604703678e-08	1.19673721923767e-09	0.1954399817566	6.08068026573892	1.18840804020373	174.630806092585
"ENSG00000130204"	1.93826020950815e-08	1.20235444912917e-09	0.239886566733421	-6.07992944108165	-1.45849339960253	815.402683743087
"ENSG00000137496"	1.94482320484341e-08	1.20738237136579e-09	0.285510353452922	-6.07926028068681	-1.7356917514712	6011.74537431016
"ENSG00000231503"	1.96849896666288e-08	1.22789093355398e-09	0.195086818508115	-6.07655866811974	-1.18545649804139	126.421890437329
"ENSG00000197121"	1.96922467943653e-08	1.2293123367793e-09	0.319783193892173	6.07637305880458	1.94312198402488	121.388796349267
"LRG_274"	1.98112749086205e-08	1.2396665527236e-09	0.349824099247465	6.07502726663483	2.12519094145432	3304.43365084654
"ENSG00000103241"	2.00129050083739e-08	1.25425231113087e-09	0.945849115300419	6.07314995257355	5.74428350972847	6.07814230945716
"ENSG00000130164"	2.01419917478476e-08	1.26333330767935e-09	0.349776052125819	6.07199186942048	2.12383734462597	3313.89301553431
"ENSG00000119986"	2.05298960149571e-08	1.28867312647999e-09	0.281710028680689	-6.06880273653938	-1.70964259296795	653.861797107186
"ENSG00000167508"	2.05911935734545e-08	1.29353375606559e-09	0.253943997589532	6.06819799777176	1.54098245771895	1015.50464430246
"ENSG00000085871"	2.09099964384752e-08	1.31561813482929e-09	0.396952085421028	-6.06547795795804	-2.40770412448672	308.9153081423
"ENSG00000280227"	2.09529506665968e-08	1.31935147841617e-09	0.325531793277699	-6.06502254026083	-1.97435766380077	16.4132226636966
"ENSG00000112149"	2.10236645000558e-08	1.32483836209029e-09	0.206095615858284	6.0643554889233	1.24983707927321	16339.8232947983
"ENSG00000114541"	2.12180846868045e-08	1.3391776196955e-09	0.313139742495212	-6.06262487070614	-1.89844879085799	825.41166486122
"ENSG00000171621"	2.16038719619861e-08	1.36884037224706e-09	0.311749853989358	6.05910145703309	1.88892399453677	989.357543515502
"ENSG00000229754"	2.16071258754076e-08	1.37010946740459e-09	0.570509405261621	-6.05895237622099	-3.45668931666633	178.911433767946
"ENSG00000148908"	2.17818184828535e-08	1.38225825673362e-09	0.165381695848441	-6.05753202904955	-1.00180491962046	780.345226627103
"LRG_521"	2.20914990842392e-08	1.4040838654485e-09	0.193137449579251	-6.05501063665765	-1.16944931153929	1261.78362733575
"ENSG00000162616"	2.22538857139484e-08	1.41878374091288e-09	0.236930571213863	6.05333388023152	1.43421985399149	276.730995073863
"ENSG00000250479"	2.23013403364986e-08	1.42290625818766e-09	0.334299575051362	-6.05286668092849	-2.02347075927694	672.349894508549
"ENSG00000111490"	2.2740133550619e-08	1.45314017523878e-09	0.257229505679853	6.04948009418453	1.5561047742472	315.421614999405
"ENSG00000181016"	2.27530687332585e-08	1.45604055177598e-09	0.295502216046642	6.04915883308165	1.78753984039374	39.2752135626518
"ENSG00000218996"	2.2873986776449e-08	1.46506940097091e-09	0.261869924500535	6.04816272789704	1.58383191692135	18.0080469083005
"ENSG00000172817"	2.30527172999824e-08	1.47765105479521e-09	0.515263413689906	6.04678459274795	3.11568687110684	165.342945504716
"ENSG00000128578"	2.32874833712071e-08	1.49384486009711e-09	0.554129321929237	6.04502753654985	3.34972700987194	283.696141264507
"ENSG00000131242"	2.34001074405627e-08	1.5022205927752e-09	0.251088396724217	-6.04412602542788	-1.5176099133238	1257.28143254373
"ENSG00000101190"	2.35408766345403e-08	1.51241562793731e-09	0.223904786899277	6.04303528345794	1.35306452736746	154.57384750089
"ENSG00000185432"	2.37313680930576e-08	1.5269888560468e-09	0.39714241058632	-6.04148850780878	-2.39933130952073	2367.2635203995
"ENSG00000136161"	2.39410387577229e-08	1.54283553584303e-09	0.283667141014789	-6.03982281386258	-1.71329926984429	1530.05159829549
"ENSG00000186451"	2.39747079557667e-08	1.54618467778483e-09	0.48145760716854	-6.03947291017491	-2.90775017589203	57.9723425366302
"ENSG00000131979"	2.40594824273773e-08	1.55283554430928e-09	0.468711378508292	6.03878024125573	2.83044501138761	2770.03103364248
"ENSG00000242574"	2.44393284180524e-08	1.58095813015244e-09	0.433800705841802	-6.03588296067251	-2.61837028871824	11476.5614392066
"ENSG00000280607"	2.45149242600663e-08	1.58705432537619e-09	0.167724616234779	-6.03526153814055	-1.01226192536114	340.427609155799
"ENSG00000146425"	2.4868068586088e-08	1.61358630780451e-09	0.18946650223565	6.03258378737261	1.14297254963698	2021.88956200762
"ENSG00000148143"	2.50754752323735e-08	1.62951115613762e-09	0.512789818729049	6.03099709679357	3.09263390802019	83.6996716485775
"ENSG00000160326"	2.51821444850753e-08	1.63892056049561e-09	0.270910642031797	6.03006666705753	1.6336092322671	4542.73995626933
"ENSG00000172183"	2.55025463559355e-08	1.66102771424924e-09	0.504655749620421	6.02790096886197	3.0420148820787	1587.03597558935
"ENSG00000269292"	2.55843662343734e-08	1.66761537094376e-09	0.41961212495174	6.02726104813851	2.52911181604825	16.5198373474363
"ENSG00000143537"	2.57379369790175e-08	1.67889140270451e-09	0.304713162298575	-6.02617139723539	-1.83625374300482	1961.80349123651
"ENSG00000121552"	2.61658304195399e-08	1.70937735129619e-09	0.256546375250997	6.02326073458881	1.54524570865042	862.486662374029
"ENSG00000070808"	2.62925947117388e-08	1.718952104088e-09	1.02858099162184	6.02235701179221	6.19448194708995	18.7830394592176
"ENSG00000175040"	2.64537618658023e-08	1.73316623202479e-09	0.282889216950404	6.02102440264082	1.70328287850233	1375.53149606347
"LRG_76"	2.64537618658023e-08	1.73469424277423e-09	0.290814904655265	-6.02088178238253	-1.7509621614842	42251.306486555
"ENSG00000057252"	2.64598449225339e-08	1.73769642717349e-09	0.169454528249848	6.02060192305787	1.0202182586519	6510.85439331149
"ENSG00000170915"	2.66367924195837e-08	1.7506274435539e-09	0.297639668761874	-6.01940187257853	-1.79161277949888	517.637010510485
"ENSG00000226025"	2.67504644947562e-08	1.75941415926255e-09	0.65862265146654	6.01859134859492	3.96398059210516	61.4289433960444
"ENSG00000038427"	2.70440462249445e-08	1.78005380996536e-09	0.498013440221899	6.01670286786351	2.99639889401767	5591.30280147093
"ENSG00000067533"	2.71436182140522e-08	1.78856748850011e-09	0.176844056615852	-6.01593009433468	-1.06388148219953	141.80194221965
"ENSG00000107882"	2.82824183655807e-08	1.87686847575602e-09	0.192800838425024	-6.00812005321401	-1.15837058361786	1281.7434647908
"ENSG00000138964"	2.903612118022e-08	1.93402735527439e-09	0.233090432392058	-6.00325313278242	-1.39930086847923	4490.33083000448
"ENSG00000121577"	2.94129116023246e-08	1.96201830641244e-09	0.211938649702058	6.00092067521414	1.27182702487405	45.077652085887
"ENSG00000175581"	2.94419177628214e-08	1.9654015350329e-09	0.207166550058929	-6.0006409531905	-1.2431320844148	172.940772855439
"ENSG00000019582"	2.99085456425245e-08	1.99991956377124e-09	0.304903240214961	-5.99781354792947	-1.82875278496889	169911.324217302
"ENSG00000154059"	2.99085456425245e-08	2.000965273211e-09	0.175710836163797	-5.99772863678359	-1.0538659138528	679.435533269885
"ENSG00000221887"	2.99085456425245e-08	1.99834625484835e-09	0.208425987038255	5.99794138145138	1.25012685262659	383.258939649114
"ENSG00000087253"	3.03803269599094e-08	2.03850678735323e-09	0.241520394220992	-5.99470857173237	-1.44784437748476	1178.95895450919
"ENSG00000160255"	3.04494651188097e-08	2.04464383545726e-09	0.289994160695891	-5.99422002973718	-1.73828880655013	42721.7451836766
"ENSG00000144837"	3.04725520387458e-08	2.04769313680277e-09	0.524529853804495	5.99397781996761	3.144020309615	152.044278766486
"ENSG00000085831"	3.05516521538463e-08	2.05601437162838e-09	0.501166455980736	5.9933186375093	3.00365026112383	18.35148592183
"ENSG00000183765"	3.06452584991736e-08	2.06382127535265e-09	0.234947764719643	-5.99270255759338	-1.40797207053625	215.216233589423
"ENSG00000148218"	3.13866687479768e-08	2.11838397885794e-09	0.171407287878229	-5.98845909652251	-1.02646553230463	936.368291991777
"ENSG00000162976"	3.1422320912995e-08	2.12233601994992e-09	0.215080292662235	-5.98815588636786	-1.28793432054709	892.837300850083
"ENSG00000157227"	3.15550881295764e-08	2.13440801742265e-09	0.347256351746489	5.9872330880474	2.0791047192112	47472.4539851564
"ENSG00000073008"	3.16304721468993e-08	2.14106304969173e-09	0.194277089608141	5.98672654091607	1.16308380864899	1405.52572897217
"ENSG00000176915"	3.23001893749583e-08	2.19116298445826e-09	0.183984862740998	5.98296170511974	1.1007743881011	2876.95521311372
"ENSG00000245532"	3.24170711893364e-08	2.20228135145974e-09	0.171227004110056	5.982137575079	1.02430349515497	13049.1975436223
"ENSG00000278144"	3.25900751651519e-08	2.21563773505706e-09	0.179809140644916	5.98115289804782	1.07546596266383	660.024456547099
"ENSG00000135503"	3.35983201323487e-08	2.29740579417379e-09	0.181549350006566	5.97524788477875	1.08480236960969	1662.70238229293
"ENSG00000172893"	3.35983201323487e-08	2.29629781072293e-09	0.381630360075991	5.97532652246243	2.28036601233896	656.204081058572
"ENSG00000288665"	3.38066185341456e-08	2.31331200221352e-09	0.208956167271897	5.97412301612333	1.24832984825995	65.2489715754953
"LRG_991"	3.42921018361317e-08	2.34990642747597e-09	0.298170202601759	-5.97156344404024	-1.78054228195873	410.51347096445
"ENSG00000167272"	3.4551371021121e-08	2.36937284550584e-09	0.187833279622276	-5.97021765470713	-1.12140556214245	164.809479666825
"ENSG00000164509"	3.46609074597411e-08	2.38029451071421e-09	0.545340152175734	5.96946730599163	3.25539020905755	460.134883502346
"ENSG00000163430"	3.47840508069321e-08	2.39046236606081e-09	0.679079330360908	5.96877175426179	4.0532695259612	61.4408641634031
"ENSG00000105810"	3.53720989281283e-08	2.43435489966802e-09	0.298169066632484	-5.96580189946275	-1.77881758407711	410.612960311327
"ENSG00000072210"	3.5549617221865e-08	2.44832074530751e-09	0.240147021983506	-5.96486787330627	-1.43244525629959	2982.23116469549
"ENSG00000026508"	3.64421908748388e-08	2.522341723775e-09	0.176179969924136	5.96000243662554	1.05003305003247	58950.905130798
"ENSG00000213222"	3.66851826289523e-08	2.54276969324055e-09	0.223919275178105	-5.95868417443458	-1.33426424135463	73.0428750053081
"ENSG00000135241"	3.69408644036895e-08	2.5649535625462e-09	0.169947694410666	5.95726423199176	1.01242332122212	1232.95175872269
"ENSG00000288658"	3.70936564515238e-08	2.57838137377032e-09	0.402731620712918	5.95641054585299	2.39883487276289	237.128618976192
"ENSG00000249858"	3.74702288103797e-08	2.60777686961409e-09	0.261570286411	-5.95455671417626	-1.55753510517763	38.2186530914453
"ENSG00000100714"	3.74702288103797e-08	2.6082434950161e-09	0.242922945311487	-5.95452745076366	-1.44649134627761	1704.08462178267
"ENSG00000164430"	3.76838337876694e-08	2.63052735855484e-09	0.219535811485556	5.95313586871998	1.30692651382321	581.736985063563
"LRG_340"	3.76838337876694e-08	2.62870804454009e-09	0.382285042680101	5.95324904997047	2.27583806715323	647.400100044236
"ENSG00000247271"	3.81903526483504e-08	2.66776371313743e-09	0.186186910547492	-5.95083595494454	-1.10796776162606	330.257324414748
"ENSG00000124496"	3.83148036167812e-08	2.67834198836315e-09	0.352277667359427	-5.95018828590014	-2.09611844970629	1035.84141751389
"ENSG00000164221"	3.85183891754104e-08	2.69446819202251e-09	0.234772361878876	-5.94920571538129	-1.39670907710337	113.082084888682
"ENSG00000155903"	3.89095015105197e-08	2.72756983729292e-09	0.181983755571684	5.94720664719406	1.08229500081726	562.444998199853
"ENSG00000232517"	3.93247834897672e-08	2.75861576428611e-09	0.551660387918414	5.94535308307141	3.27981578811911	48.1382701769656
"ENSG00000267064"	4.04161071294468e-08	2.83914802149006e-09	0.233772040589738	5.94063807900343	1.38875508613373	20.8200296858141
"ENSG00000177971"	4.07315544381107e-08	2.86331125994e-09	0.193399957433651	-5.9392487525613	-1.14865045593322	569.388574725459
"ENSG00000083635"	4.12892550742443e-08	2.91039202966363e-09	0.176551426884511	-5.93657421542462	-1.04811064853901	76.6476412937258
"ENSG00000185070"	4.12892550742443e-08	2.90687864656029e-09	0.457562306084931	-5.9367723417764	-2.71644324340445	49.1843620129295
"ENSG00000067113"	4.12892550742443e-08	2.91064061990319e-09	0.254361914653963	5.93656020577214	1.51003482039873	58.6435645752956
"ENSG00000285991"	4.13123343846688e-08	2.91429985771424e-09	0.350858633406135	5.93635411897368	2.08282109359799	70.9774108525935
"ENSG00000232504"	4.18559010263581e-08	2.96088083805111e-09	0.397348173935777	-5.93375249190901	-2.35776571724691	18.3438665628938
"ENSG00000185669"	4.19783244245867e-08	2.97160610227175e-09	0.349487724483097	-5.93315911412037	-2.07356627779008	341.485496717351
"ENSG00000228327"	4.23036382548259e-08	3.00087792028035e-09	0.247240735110999	5.93155019450017	1.46652083043601	927.31767351023
"ENSG00000158869"	4.24166535192597e-08	3.01098145554367e-09	0.245467488690779	5.93099840140495	1.4558672830219	22348.9680043032
"ENSG00000167085"	4.30802461147864e-08	3.06656415427469e-09	0.195703748721215	-5.92799468810336	-1.16013078286127	1345.37490389011
"LRG_1243"	4.36233538807263e-08	3.10951592744846e-09	0.243913061057193	-5.92570964627685	-1.44535797875952	1665.96849453771
"LRG_781"	4.39144673923929e-08	3.13458737634603e-09	0.281788400087858	-5.92439000431126	-1.66942438081137	554.788922305912
"ENSG00000250917"	4.39655059827625e-08	3.14039328448303e-09	0.238797040723794	-5.92408587460117	-1.41465417584839	457.749789507577
"ENSG00000260256"	4.39792269356466e-08	3.14353683281653e-09	0.404768848998863	5.92392143511915	2.39781886085287	47.0031745055084
"ENSG00000130707"	4.40929508237778e-08	3.1538346368444e-09	0.883089268956862	5.92338387454856	5.23087673552595	71.4246637883008
"ENSG00000188766"	4.44315361156374e-08	3.18023834357794e-09	0.480637616345005	5.92201333207411	2.84634237189144	27.2829723205685
"ENSG00000136379"	4.46620761762931e-08	3.2011336574606e-09	0.528271969474275	5.92093654517632	3.1278648098525	318.886397276319
"ENSG00000178104"	4.48458428129782e-08	3.2165111580737e-09	0.232373675028578	5.92014846712173	1.37568665601988	13995.6463543368
"ENSG00000230149"	4.53860883078921e-08	3.26195764550523e-09	0.284702130723828	5.91784065073445	1.68482184254818	56.3691078726279
"ENSG00000107796"	4.62263891331931e-08	3.32917324335865e-09	0.282312397395357	-5.91448413445625	-1.66973219535515	556.375802147291
"ENSG00000144867"	4.7275003820066e-08	3.41167013990736e-09	0.234657448847226	-5.91045356705289	-1.38693195557462	453.069154639985
"ENSG00000273257"	4.75832005561421e-08	3.43625238175996e-09	0.336625489218659	-5.90927088638524	-1.98921120305501	15.2284354702026
"ENSG00000129993"	4.77645516503735e-08	3.45169846391178e-09	0.346781000219697	-5.90853196359484	-2.04896662416547	122.838488595551
"ENSG00000188312"	4.82473578456385e-08	3.50082904478142e-09	0.307643716994898	-5.90620283473589	-1.81700619340395	81.2920923859036
"ENSG00000114127"	4.86536223447317e-08	3.53509446099807e-09	0.21622896545628	5.90459717766066	1.27674493916164	2620.12124493437
"ENSG00000250722"	4.90115931085298e-08	3.56351508335336e-09	0.738579997126366	-5.90327685752882	-4.36004220446978	880.347672452107
"ENSG00000010818"	4.90315694665843e-08	3.56764551035398e-09	0.369061405119566	5.90308582637709	2.17860114962413	3180.03182872306
"ENSG00000227917"	4.91592814195983e-08	3.58150805698668e-09	0.717657530491611	5.90244625744408	4.23593500497677	28.5718350536452
"ENSG00000178752"	4.94864124328247e-08	3.61021003728252e-09	0.624724494548198	5.90112967438367	3.68658025309271	8.83309900529872
"ENSG00000148803"	5.02323857149706e-08	3.67451581848491e-09	0.255447217629217	-5.89821652591822	-1.50668300052048	389.345263628442
"ENSG00000163121"	5.02619459765433e-08	3.67915070902678e-09	0.572173820923836	5.89800847998966	3.37468604783687	1123.34131615624
"ENSG00000170681"	5.07033767473518e-08	3.72144028468363e-09	0.346659146876047	5.89612192928411	2.04394459788278	42.8175035844876
"LRG_760"	5.07033767473518e-08	3.72144028468363e-09	0.346659146876047	5.89612192928411	2.04394459788278	42.8175035844876
"ENSG00000174547"	5.08695138375223e-08	3.73613656825172e-09	0.177817273417391	-5.8954712066905	-1.04831661548444	333.922785335676
"ENSG00000133019"	5.15401693182251e-08	3.78792861872433e-09	0.665163998118293	5.89319765301004	3.9199429125775	8.59658973103762
"ENSG00000233237"	5.24754949573379e-08	3.86441440137421e-09	0.942618114523965	5.88989484286477	5.55192157152562	27.0063402863705
"ENSG00000144445"	5.28889369583354e-08	3.90169375209793e-09	0.173036254107585	5.88830804278894	1.01889076675576	275.97075897857
"ENSG00000095794"	5.28889369583354e-08	3.90266654060917e-09	0.214091925508513	5.88826683378839	1.26063038435367	486.723243768546
"ENSG00000278330"	5.30787052497509e-08	3.9218917397248e-09	0.372462626205567	-5.88745446593623	-2.1928567520483	88.490830525522
"ENSG00000120256"	5.3462925199414e-08	3.95554110094051e-09	0.353621071819956	5.88604188450945	2.08142843997739	73.1185767710135
"ENSG00000160439"	5.37125733955392e-08	3.97665402205266e-09	0.276696370114789	-5.88516153528021	-1.62840283435122	122.43784548493
"ENSG00000277599"	5.44937941695396e-08	4.04253451434798e-09	0.172743388265763	5.88244346148851	1.01615321481931	1607.87065283407
"ENSG00000182310"	5.46602580181264e-08	4.06026119674197e-09	0.368747792684951	5.88171946090142	2.16887106839952	179.825071293992
"ENSG00000253535"	5.50954312093636e-08	4.10342792458562e-09	0.421533492569904	5.87996921498409	2.47860395939576	114.49751849321
"ENSG00000168246"	5.51895498971426e-08	4.11858260497665e-09	0.190099798807767	5.87935899794407	1.1176649626278	1170.91988494229
"ENSG00000106123"	5.65087746704677e-08	4.23093049234808e-09	0.290180474872214	-5.87490220250103	-1.70478191094957	254.597700540093
"ENSG00000070785"	5.66269542319661e-08	4.24256450685185e-09	0.232826562691074	-5.87444728537062	-1.36772736916275	291.282202518554
"ENSG00000123240"	5.68429797547373e-08	4.26154570770463e-09	0.288191272640941	5.87370767596543	1.69275129025734	4180.64640750524
"ENSG00000215861"	5.7005377214398e-08	4.27652500255593e-09	0.253698298975357	5.87312626219458	1.49000214238626	3239.705472237
"ENSG00000103550"	5.74093097176655e-08	4.30965203803412e-09	0.291146251213901	-5.87184745990144	-1.70956637565017	292.472309603514
"ENSG00000243660"	5.74223687693905e-08	4.31529187174253e-09	0.226708140712146	5.87163069893305	1.33114647870347	65.4262342206104
"ENSG00000248161"	5.8325077975753e-08	4.3949551316083e-09	0.450574358447617	5.86859803164882	2.64423979309711	8.76163035994313
"ENSG00000123213"	5.8325077975753e-08	4.39967327194982e-09	0.250071878358304	-5.86842010083162	-1.46752683761059	1736.26796545657
"ENSG00000111863"	5.83451166238337e-08	4.40573366871236e-09	0.340990045297535	5.86819182300527	2.00099499554119	180.606458509293
"ENSG00000214447"	5.88509032901828e-08	4.44682150008465e-09	0.28178499113559	5.86665217369261	1.65313453075956	60.5173161060773
"ENSG00000137841"	5.92621855478096e-08	4.48352649629611e-09	0.340859611381732	-5.86528842189493	-1.99923993212888	4640.54255065073
"ENSG00000260997"	5.98182790504497e-08	4.54051577011235e-09	0.429734322310158	5.8631924019554	2.51961501342837	513.779847795175
"ENSG00000225492"	6.04697940038376e-08	4.5929438184733e-09	0.494334561960885	5.86128662790113	2.8974365577307	1688.87995501046
"ENSG00000164086"	6.05495396777674e-08	4.61091535916883e-09	0.226725860650509	-5.86063822651267	-1.32875824586736	264.239722415113
"ENSG00000123545"	6.10713057646533e-08	4.65365272675364e-09	0.211823374410486	-5.85910611502621	-1.24109562831396	147.490348524049
"ENSG00000258989"	6.11498390709628e-08	4.66264514757932e-09	0.360979488136151	5.85878548570612	2.11490138572971	153.917654810335
"ENSG00000273143"	6.13673743237928e-08	4.68828868186001e-09	0.541714587822809	5.85787444634502	3.17329604121956	18.8721153407114
"ENSG00000115295"	6.2417950308684e-08	4.79004341211861e-09	0.17199620005335	-5.8543065677709	-1.00691848360396	1289.9432444871
"ENSG00000140263"	6.24438903330115e-08	4.79510590367134e-09	0.253816222752119	-5.85413099066904	-1.48587341554774	386.225216785788
"ENSG00000132846"	6.24599838222268e-08	4.79941434131829e-09	0.403010372892637	-5.85398170764762	-2.35921535090575	375.972451334725
"ENSG00000235888"	6.25902074521082e-08	4.81557873155732e-09	0.578979204422015	5.85342278781339	3.38901006883389	88.9303113029373
"ENSG00000108179"	6.27429732953436e-08	4.83041879216907e-09	0.234446604540549	5.85291126464844	1.37219517267396	5525.50527854675
"ENSG00000116661"	6.30790147588503e-08	4.86870199511197e-09	0.520533800756101	5.85159870577627	3.0459549148172	18.1290659546464
"ENSG00000177830"	6.39641459031854e-08	4.94645992521682e-09	0.202397411166618	-5.84896337013146	-1.18381504412299	741.940253318815
"ENSG00000233058"	6.50303607975867e-08	5.03531030575568e-09	0.407623688200911	5.84600099559329	2.38296848704993	296.972457614893
"ENSG00000110080"	6.55660927018351e-08	5.08001751305541e-09	0.233090186296602	5.84452958664317	1.36230249016666	556.50118798695
"ENSG00000102575"	6.56125513481696e-08	5.08684479165266e-09	0.432692687907962	-5.84430599608111	-2.52878847040095	26361.612057748
"ENSG00000108828"	6.61773762440603e-08	5.14143299493261e-09	0.185374281322409	-5.84252868416949	-1.08305455593348	12358.4184229302
"ENSG00000117091"	6.67035790817261e-08	5.19111875773764e-09	0.219524707549751	5.84092687753869	1.28222776461116	6738.4536220898
"ENSG00000139508"	6.6787098556352e-08	5.20090402472969e-09	0.32645701233002	-5.84061317168179	-1.9067091262026	540.087527780596
"ENSG00000122970"	6.70077563906211e-08	5.22467994289327e-09	0.183534547862296	5.83985332595239	1.0718148397608	39.3467940073156
"ENSG00000165490"	6.71859988794332e-08	5.24188283268305e-09	0.422098544145214	-5.83930564000677	-2.46476240946579	88.8030057244908
"ENSG00000166886"	6.74286709151122e-08	5.26733667985785e-09	0.223200929361176	-5.83849846912497	-1.30315828438249	889.328478627478
"ENSG00000140043"	6.74286709151122e-08	5.26745028597e-09	0.235849676357105	-5.83849487505765	-1.37700712669496	218.782016212268
"LRG_1218"	6.74701020539927e-08	5.27793529698219e-09	0.433519168278144	-5.83816349325624	-2.53095578186827	26181.1822243768
"ENSG00000278948"	6.74701020539927e-08	5.28013685345403e-09	0.229794368719013	5.83809399379515	1.34156112382642	155.333755823076
"ENSG00000196950"	6.75089211373069e-08	5.28700326891935e-09	0.25492288529812	-5.83787741347515	-1.48820855425981	477.495749012183
"ENSG00000288591"	6.7704427597891e-08	5.30897567842573e-09	0.268329386475989	5.83718619463738	1.56628859035316	262.749872621266
"ENSG00000014257"	6.85416999385389e-08	5.38811671102839e-09	0.338180006417337	-5.83471939619489	-1.97318544284854	219.218871598096
"LRG_1316"	6.92706649890515e-08	5.46245946366832e-09	0.18060148938722	5.83243405978166	1.05334627794932	5560.13209979859
"ENSG00000109320"	6.94806478082472e-08	5.48243600375976e-09	0.180616939155348	5.83182512773876	1.05332640426142	5573.90040758834
"ENSG00000166797"	7.0212852340372e-08	5.54711928663112e-09	0.181208955293362	-5.82986813445484	-1.05642431414262	1366.82229994061
"ENSG00000168884"	7.11703716570759e-08	5.62626855829009e-09	0.191394788821717	5.82750345502664	1.11535379313265	1579.39745830693
"ENSG00000211689"	7.16471317953507e-08	5.67453178819926e-09	0.670909292637016	5.82607736571369	3.9087694442795	326.956454188248
"ENSG00000284553"	7.16471317953507e-08	5.67224079493199e-09	0.405907367213752	5.82614479310995	2.36487509397737	11.8342984659641
"ENSG00000197208"	7.25377213981171e-08	5.7486358309901e-09	0.258872327649239	5.82391053322507	1.50764927575689	180.494760671182
"ENSG00000124479"	7.27044256625371e-08	5.76900032436405e-09	0.740930088101385	5.82331982626292	4.31467287191553	101.65491261063
"ENSG00000230778"	7.27112303171934e-08	5.77311716509003e-09	0.735495822777911	-5.8232006567747	-4.28293975825538	46.2721260227405
"ENSG00000165140"	7.34634929115902e-08	5.85091474930463e-09	0.424951926405133	-5.82096407084638	-2.47362989544124	3689.15012691751
"ENSG00000152804"	7.34710081881395e-08	5.85512757107369e-09	0.33479534333495	-5.82084378454817	-1.94879139334691	154.309297391848
"ENSG00000235385"	7.41702509646814e-08	5.91450102389554e-09	0.371777801814561	5.819157424576	2.16343355572175	160.420431603556
"ENSG00000135048"	7.43322569713271e-08	5.93838967539528e-09	0.238702686400857	5.81848356640104	1.38888765807917	1361.47330840445
"ENSG00000166401"	7.44080168348524e-08	5.94810248704423e-09	0.182023659537612	5.81821033826102	1.05905193772984	1587.76500659706
"ENSG00000275832"	7.51056731974451e-08	6.01126182075183e-09	0.347242253230489	5.81644413889434	2.01971516857894	59.8028246646151
"ENSG00000263829"	7.6233527481574e-08	6.12028319804845e-09	0.247060046321776	5.81343749195407	1.43626813605092	12.15449831303
"ENSG00000197635"	7.63084004533551e-08	6.13004810804451e-09	0.633076102279694	5.81317073754736	3.68017947241286	180.844337025504
"ENSG00000254087"	7.6501404681462e-08	6.14931598039694e-09	0.217187777936599	5.81264559478394	1.26243558066409	16660.1416171519
"ENSG00000114737"	7.66029021883489e-08	6.16124287081613e-09	0.282579613185085	5.81232133071762	1.64244351334161	2360.92811413989
"ENSG00000182022"	7.71158760373012e-08	6.20629541504451e-09	0.226739956107981	5.81110194281017	1.31760899945178	3034.27552133298
"ENSG00000178404"	7.86815818517439e-08	6.35165662232939e-09	0.185164183300856	-5.8072254985369	-1.07529016668049	1750.17845187206
"ENSG00000187566"	7.89130252320244e-08	6.37810411531956e-09	0.208675234856729	-5.80652949507346	-1.21167890608697	64.7866967745002
"ENSG00000228526"	7.91412802250408e-08	6.40044592138759e-09	0.247661740382192	-5.80594372242619	-1.43791012685713	669.423922333096
"ENSG00000153551"	7.98245664112983e-08	6.45963261248454e-09	0.17667902786949	-5.80440148619399	-1.02551601194498	1253.44869429351
"ENSG00000183049"	8.00623826689111e-08	6.48281591268338e-09	0.286944767773612	-5.80380113877035	-1.66537036996868	1615.40185337751
"ENSG00000185507"	8.065552980028e-08	6.53481196286212e-09	0.293772013219941	5.80246222389957	1.70460100914763	2399.66136076681
"ENSG00000104450"	8.13736844670746e-08	6.60900989055195e-09	0.250746279226944	5.80056943787681	1.45447120394514	96.4487629048067
"ENSG00000117036"	8.17033438350872e-08	6.64382267608221e-09	0.280318384879116	5.79968847770037	1.62575930687099	3254.4806982229
"ENSG00000184635"	8.18836809446374e-08	6.66251516540881e-09	0.191526410725386	-5.79921730287276	-1.11070327503577	124.264933441966
"ENSG00000158716"	8.34333564451681e-08	6.79681416141275e-09	0.251001917820101	-5.79586940256131	-1.45477433547773	274.692642269489
"ENSG00000255561"	8.35889193953084e-08	6.81359894913548e-09	0.185518064939845	-5.79545551050734	-1.07516169175428	100.330304009637
"LRG_1313"	8.41553740703798e-08	6.86391234792846e-09	0.294051843695263	5.79422075945762	1.70380129709588	2386.21459258638
"ENSG00000136810"	8.41590935508921e-08	6.86835577533107e-09	0.292163541509368	5.7941121358021	1.69282832149835	19717.5554393885
"ENSG00000229644"	8.44925535586327e-08	6.90803935529553e-09	0.442963615328886	5.793145053916	2.56615247720729	9897.80035161247
"ENSG00000137161"	8.49937598765676e-08	6.95319867545907e-09	0.174555312282844	-5.79205108010981	-1.01103328504675	2326.93454820035
"ENSG00000186806"	8.50301789401287e-08	6.96036096794442e-09	0.208064937035508	5.79187821041709	1.20508677516776	217.914326110036
"ENSG00000143797"	8.52253510310249e-08	6.9805297848611e-09	0.258940936389867	5.79139234204123	1.49962855604926	133.016706147135
"ENSG00000278050"	8.62249434541868e-08	7.0708864983338e-09	0.177956190572745	5.78923226734159	1.03022972063692	967.116170177747
"ENSG00000140939"	8.62968569101628e-08	7.08102899085751e-09	0.186401272782026	5.78899147795613	1.07907537961533	308.633233497788
"ENSG00000121057"	8.68483952431007e-08	7.13055744100428e-09	0.22565633418495	-5.78782043744559	-1.3060583428347	744.728120239444
"ENSG00000186652"	8.7200807408395e-08	7.16378140358223e-09	0.331456460312939	5.78703932145574	1.91815156918151	24.9492459216651
"ENSG00000261053"	8.95431949683463e-08	7.36942961344173e-09	0.53345724157791	5.78228140597646	3.08459988885944	8.65081581189797
"ENSG00000181381"	8.96015582697988e-08	7.37864071938426e-09	0.274403985286442	5.7820713293332	1.5866234159795	3313.52587133863
"ENSG00000275023"	8.99335228872463e-08	7.41161605872086e-09	0.181981161169252	5.78132134950937	1.0520915722763	10115.9226987292
"ENSG00000196878"	9.0216655435444e-08	7.44260779049782e-09	0.349021117384063	5.78061943618792	2.01755825479034	1285.32536865136
"ENSG00000102096"	9.04333285011587e-08	7.47249551343264e-09	0.357368999363331	5.77994521390625	2.06557323746855	1157.07519113259
"ENSG00000132394"	9.04731519122598e-08	7.4835232856095e-09	0.211490159713103	-5.77969710597297	-1.22234906403558	298.520036339437
"ENSG00000149269"	9.04731519122598e-08	7.48602132607344e-09	0.249080140895663	-5.77964095329088	-1.43959378297204	1825.26758696224
"ENSG00000167131"	9.14506091301116e-08	7.58489408664739e-09	0.277819717660718	5.77743293081468	1.60508478564267	62.2503781045169
"ENSG00000008382"	9.15730154716354e-08	7.60020549265946e-09	0.258606921919614	-5.77709350214627	-1.49399636823185	508.251223089907
"ENSG00000125430"	9.32409947069418e-08	7.76549606645279e-09	0.496728773339038	5.77347103457229	2.86784918491156	1073.75872317654
"ENSG00000173334"	9.34623690201842e-08	7.78853075168202e-09	0.326257285863759	5.77297217459952	1.88347423305184	2712.74503173905
"ENSG00000139793"	9.54384562750371e-08	7.96728946766716e-09	0.189984075987945	-5.76914887971892	-1.09604641915029	345.504151642494
"ENSG00000198964"	9.65884170728032e-08	8.06804074132329e-09	0.175905342554027	5.767030600753	1.01445149334501	1194.81871933866
"ENSG00000114013"	9.66525297069878e-08	8.07815072669088e-09	0.311495630953063	-5.76681946179644	-1.79633906684469	4701.7513279197
"ENSG00000196932"	9.71224064089828e-08	8.13116045497066e-09	0.864510896289715	5.76571658417127	4.98452481193438	71.9737048178509
"ENSG00000141569"	1.00845186721704e-07	8.48313996921066e-09	0.237064371896035	-5.75856619638077	-1.36515087836674	903.07658252011
"ENSG00000231811"	1.01852349423729e-07	8.57788381608735e-09	0.709075457614092	5.75669076152415	4.08192813607055	11.9128032600299
"ENSG00000129355"	1.02722918716077e-07	8.66130867175108e-09	0.283593829637575	5.75505598294271	1.63209836598136	226.630306101358
"ENSG00000277406"	1.02940384885394e-07	8.68470877993165e-09	0.340335644005241	5.75460018741396	1.95849556077621	331.988350277359
"ENSG00000141682"	1.03108772624814e-07	8.70398729949725e-09	0.359239495052157	5.75422556976773	2.06714508809957	237.549456036349
"ENSG00000245213"	1.03127922026123e-07	8.71067700309192e-09	0.2274176277462	-5.75409576483162	-1.30858280866246	27.2269501395552
"ENSG00000174177"	1.03706252751791e-07	8.76462722489065e-09	0.192665306182832	-5.75305246000153	-1.10841361369209	103.346810634484
"ENSG00000079482"	1.04047185924652e-07	8.79855925838634e-09	0.353739911761928	-5.75239946613489	-2.03485327956992	74.9229763779409
"ENSG00000237931"	1.04874841014912e-07	8.89434405301592e-09	0.250641317284744	5.75056929171907	1.44133026241366	32.9596159119625
"ENSG00000185386"	1.05232895835174e-07	8.9350638632187e-09	0.425835577924964	5.74979704973052	2.44846814962325	91.3807000130659
"ENSG00000101444"	1.05243006815213e-07	8.94109960497206e-09	0.228858171635655	-5.74968287450334	-1.31586191014367	2463.34943363036
"ENSG00000229097"	1.05862670574375e-07	8.99942620021978e-09	0.210897794972083	-5.74858338285469	-1.21236355965721	344.636904326292
"ENSG00000242732"	1.0671821190514e-07	9.08742743052918e-09	0.201505848226546	-5.7469375478148	-1.15804152527741	1269.72960390449
"ENSG00000114251"	1.07249908081776e-07	9.13797918130836e-09	0.536826564928609	5.74599910089066	3.08460495941401	1474.1050460699
"ENSG00000176903"	1.07513904530059e-07	9.17105029787104e-09	0.212983877550217	5.74538789280539	1.22367499143976	966.464453197201
"ENSG00000251569"	1.07902653503365e-07	9.20951907852904e-09	0.380637912425429	-5.7446796170035	-2.18664285696913	30.0594990142517
"ENSG00000183696"	1.09256803452167e-07	9.33584551340094e-09	0.321086502204562	5.74237379495469	1.84379871617314	2182.20988036322
"ENSG00000006453"	1.09404666162251e-07	9.35386215023578e-09	0.726314211719888	5.74204741325209	4.17053064061441	94.0964834802411
"ENSG00000100324"	1.09678283142153e-07	9.38265123889234e-09	0.187114944307551	-5.74152714868069	-1.07432553266568	697.40522159906
"ENSG00000179862"	1.11477302402187e-07	9.55300377728305e-09	0.335860481630211	5.7384800077842	1.92732865923974	15.0370363318232
"ENSG00000035862"	1.1377800323762e-07	9.77254986486054e-09	0.200045404226575	-5.73462990681423	-1.14718635779846	11482.3420251652
"LRG_179"	1.14213644226108e-07	9.81558620931769e-09	0.291560488331343	-5.73388505933064	-1.67177432793423	2597.5804776872
"ENSG00000181744"	1.14580786810257e-07	9.85277525306616e-09	0.229857581959735	-5.73324396573997	-1.31782959475023	195.602065681914
"ENSG00000088766"	1.14748145844034e-07	9.87845608161449e-09	0.188296815145519	-5.7328026311263	-1.07946847729894	222.539938944879
"ENSG00000146376"	1.21218847714406e-07	1.04727147669535e-08	0.252948361698138	-5.72288988527524	-1.44759562065922	1561.06098602037
"ENSG00000184588"	1.21464045983326e-07	1.05103924087303e-08	0.422321711383173	5.72227996011378	2.41664306576889	2392.42833440204
"ENSG00000137266"	1.22141768529795e-07	1.05759334378308e-08	0.6244033857087	5.72122402860014	3.5723516538559	73.9484630598879
"ENSG00000152778"	1.22141768529795e-07	1.058105344259e-08	0.289726247261764	5.72114180822473	1.65756494614934	1303.42403024162
"ENSG00000164181"	1.22650936062454e-07	1.06311958550789e-08	0.642643578567067	5.72033862612322	3.67613888530725	479.11447359005
"ENSG00000167807"	1.24415795209799e-07	1.08025323959709e-08	0.2145399799273	-5.71762166933449	-1.22665843817092	199.773192721698
"ENSG00000281404"	1.25005582693075e-07	1.08598907436034e-08	0.244779375937845	5.71672146347176	1.3993355122391	388.103933234038
"ENSG00000110921"	1.27370966520916e-07	1.10904472029723e-08	0.235131641219329	5.71314903040924	1.34334210805074	439.897545573092
"ENSG00000008517"	1.28985997829487e-07	1.12564521915343e-08	0.47885658760567	5.71062122677669	2.73456859376279	2409.77737604024
"ENSG00000154640"	1.29209427612446e-07	1.12823068679699e-08	0.250423856868016	5.71023079443388	1.42997801914865	945.029208242841
"ENSG00000141349"	1.29366376381993e-07	1.13023752683206e-08	0.205089177079561	-5.70992833974979	-1.17104450438255	748.956016632951
"ENSG00000204520"	1.30153300477063e-07	1.13839319287789e-08	0.243038242665389	5.70870453014522	1.38743351690244	688.99232425892
"LRG_182"	1.30948610476371e-07	1.14599359522562e-08	0.206462071178267	-5.70757168710267	-1.17839707191765	738.265062505001
"ENSG00000103187"	1.31581935540125e-07	1.15218341824785e-08	0.245433325688922	-5.70665447281341	-1.40060318582016	7532.39854272804
"ENSG00000181826"	1.31775006546178e-07	1.15468971315632e-08	0.210079889137157	5.70628444873087	1.19877560437446	225.988662566132
"ENSG00000169184"	1.3202038890158e-07	1.15797104196929e-08	0.492078226470382	5.70580117832586	2.8077005244232	330.881960669951
"ENSG00000279320"	1.32197142973057e-07	1.16017169944871e-08	0.284231097156174	5.70547781292778	1.62167421856867	24.1703995534683
"ENSG00000259519"	1.33026237155131e-07	1.1700654861933e-08	0.375003997259116	5.70403134133028	2.13903455349013	14.1540616439875
"ENSG00000100226"	1.33823137791499e-07	1.17904978249004e-08	0.181915876411857	5.70272809714136	1.03741677972999	2072.54133186542
"ENSG00000214837"	1.34079699832567e-07	1.18262938705132e-08	0.211400530515513	5.70221153330729	1.20545054325284	173.499471021708
"ENSG00000139278"	1.34781829030307e-07	1.19056370430813e-08	0.271377351438466	-5.70107194680651	-1.54714180528449	2099.22003145217
"ENSG00000274349"	1.35303623149348e-07	1.19608722353099e-08	0.246554624526763	-5.70028296599606	-1.40543112637746	57.6250737481164
"ENSG00000168918"	1.35749715844166e-07	1.2013662869129e-08	0.244498288621407	-5.69953220520344	-1.39352587011483	2701.78423713612
"ENSG00000131437"	1.38821300425439e-07	1.23128101469435e-08	0.202624393470397	5.6953375109586	1.15401430876718	112.23879061886
"ENSG00000105808"	1.39304029890641e-07	1.23624788431089e-08	0.257550944627456	-5.69465064865538	-1.46666265388455	1019.04974056896
"ENSG00000155307"	1.39662392963371e-07	1.24148929597015e-08	0.374250131157802	5.69392872197855	2.13095357100365	5120.9355898838
"ENSG00000001084"	1.40577636859053e-07	1.2503166442403e-08	0.324590652438741	-5.69271955312835	-1.84780355390071	1768.00438000563
"ENSG00000104918"	1.40640126050392e-07	1.25156428583805e-08	0.680738637076434	5.6925493207707	3.87513826611183	45.0877791666662
"ENSG00000099624"	1.41711647832164e-07	1.26319119378139e-08	0.179849841648586	-5.69097078818843	-1.02352019508242	316.870236007751
"ENSG00000153786"	1.41956281004933e-07	1.2667684658744e-08	0.183026053921826	-5.6904879572809	-1.0415075557108	3640.81191082967
"ENSG00000236349"	1.42002656636866e-07	1.26857941977837e-08	0.179908938291344	-5.69024403439879	-1.02372576284734	109.694734691477
"ENSG00000172243"	1.42002656636866e-07	1.2680811594042e-08	0.293582431451731	-5.69031111284781	-1.67057537222667	2741.75684906125
"ENSG00000253223"	1.42415309403416e-07	1.27296643637351e-08	0.186404516699074	5.68965453348784	1.06057730349949	40.0583652282106
"ENSG00000151726"	1.42545269897907e-07	1.27553052904512e-08	0.272117402227784	5.68931089946442	1.54816050242848	23560.061513343
"LRG_1166"	1.43602974445639e-07	1.2864079912707e-08	0.326779456955108	-5.6878605499141	-1.85867598173731	1701.63432617521
"ENSG00000171970"	1.43602974445639e-07	1.28631928503642e-08	0.176640463186724	-5.68787232932417	-1.00470840279877	64.0045527250974
"ENSG00000168453"	1.447495085089e-07	1.29810288278101e-08	0.711225788911026	-5.68631444053186	-4.04425347396343	14.9818577527973
"ENSG00000214894"	1.44905633148771e-07	1.30021583462888e-08	0.357697549290689	5.68603654434869	2.03388133709082	25.2468675305773
"ENSG00000186522"	1.44935700091835e-07	1.30119860619638e-08	0.18888373606433	5.68590743934658	1.07397544005975	440.776190195565
"ENSG00000169738"	1.46956888089264e-07	1.32151314161341e-08	0.217808659568704	-5.68325976017082	-1.23786319034356	440.174690385282
"ENSG00000115590"	1.53366299683817e-07	1.38292221232013e-08	0.629113520537134	-5.67549000180001	-3.57052749580571	208.75399567067
"ENSG00000065923"	1.54437278044904e-07	1.39561825938847e-08	0.307700151256701	-5.67392552381293	-1.7458677418965	784.523419903759
"ENSG00000106268"	1.57929603538577e-07	1.43028532130323e-08	0.253065702813924	-5.6697230512468	-1.43481244872408	196.018863473982
"ENSG00000233396"	1.60420149581289e-07	1.45441920345492e-08	0.39398190497511	5.66685547181399	2.2326385140039	45.9766588139076
"ENSG00000125657"	1.61345169784345e-07	1.46359943468286e-08	0.36524719811127	5.66577679969167	2.06940910121122	255.256676510526
"ENSG00000261596"	1.6324582352961e-07	1.48405294117827e-08	0.225032373295649	5.6633969677115	1.2744476605595	198.307846460049
"ENSG00000254539"	1.63987761567376e-07	1.49160454121447e-08	0.42310198339373	5.66252635974903	2.39582613382909	14.3288509384538
"ENSG00000213963"	1.64575150016145e-07	1.49775692409419e-08	0.22701459772396	-5.66182022371475	-1.28531584047199	47.8525845510863
"ENSG00000203965"	1.65104223245162e-07	1.50419628812495e-08	0.26819476609331	5.66108416092158	1.51827314237291	40.9439163809279
"ENSG00000142949"	1.65927481195291e-07	1.51577790525214e-08	0.723319982901862	5.65976797367093	4.09382327394417	58.2973236338639
"ENSG00000271857"	1.65927481195291e-07	1.51455421400832e-08	0.38538131925634	5.65990657709002	2.18122226354659	11.4536866307399
"ENSG00000169155"	1.66167652760202e-07	1.5187893488216e-08	0.199848321618793	5.65942733983318	1.13102705518917	856.393815309654
"ENSG00000143479"	1.67061961096787e-07	1.52860708205442e-08	0.529413147002199	5.65832136322295	2.99558971965363	406.104858172928
"ENSG00000239911"	1.67676796920463e-07	1.53505764988677e-08	0.254113400812614	-5.65759845047877	-1.43767158268334	56.3288005100847
"ENSG00000136824"	1.67944746095758e-07	1.53916303609011e-08	0.231085371739318	-5.65713989631477	-1.30728227592122	321.944741283445
"ENSG00000121769"	1.73101816305811e-07	1.58983220701962e-08	0.532218333808106	-5.65157615565881	-3.00787244495435	940.961539951157
"ENSG00000288640"	1.7484490357926e-07	1.6067014949137e-08	0.179500725894673	5.64976197941089	1.01413637643638	838.74683275827
"ENSG00000145545"	1.7510677873522e-07	1.60996934994159e-08	0.227888563239164	5.6494126839857	1.28743653969861	502.506077431916
"ENSG00000243566"	1.75491744818131e-07	1.6143721114222e-08	0.412765956440221	5.64894316761064	2.33169142945526	104.120703122215
"LRG_28"	1.77351270810544e-07	1.6323505887767e-08	0.301252440824691	-5.64703873869361	-1.70118420346304	79.6293768621717
"ENSG00000272564"	1.82163217434477e-07	1.68291284111544e-08	0.504669916319715	-5.64179000274032	-2.84724168857636	8.55830406486676
"ENSG00000251323"	1.82996907338523e-07	1.69151509685697e-08	0.380660279980229	5.64091229755076	2.14727125452959	18.7226526530701
"ENSG00000267296"	1.83068019711448e-07	1.69307298827982e-08	0.442168974880973	-5.64075380654102	-2.49416632819419	50.9451996791522
"ENSG00000144802"	1.85737048010079e-07	1.72049813755893e-08	0.272441314246331	5.63798667953558	1.53602050067598	2910.39110025901
"ENSG00000136367"	1.86428570460584e-07	1.72782087144697e-08	0.205819367880328	5.63725507981625	1.16025627710795	115.025906587712
"ENSG00000135709"	1.8754529145866e-07	1.74186103047004e-08	0.264070209517217	-5.63586073816168	-1.48826292593621	2690.91461617922
"ENSG00000145569"	1.88788463525982e-07	1.75712206312061e-08	0.266903847595673	-5.63435747568552	-1.50383168898991	817.585022204243
"ENSG00000278598"	1.89187223933785e-07	1.76269481567586e-08	0.701352345197496	5.63381169938661	3.95128704776589	5.74236313976205
"ENSG00000026751"	1.89209840355365e-07	1.76383632169135e-08	0.278706837445967	5.63370011098368	1.57015074105126	71616.8236097708
"ENSG00000137265"	1.90417581431047e-07	1.77603175124589e-08	0.452644771867134	5.63251229915419	2.54952724468948	1579.76214548188
"ENSG00000241399"	1.91848061330508e-07	1.7903176522234e-08	0.411637547774576	-5.63113091146107	-2.31798491959145	888.855774660677
"ENSG00000156050"	1.92298693651337e-07	1.79546891258479e-08	0.203602643054407	5.6306354301527	1.14641225565488	109.956496594745
"ENSG00000254750"	1.9457230046844e-07	1.817654459807e-08	0.339444003351541	5.62851713733748	1.91056639003059	13.0408376841242
"ENSG00000174996"	1.95025650068017e-07	1.82284895281992e-08	0.245247552578495	5.62802479138227	1.3802593059376	198.280118550114
"ENSG00000196639"	1.95056667954937e-07	1.8250579616799e-08	0.328847263481131	5.62781582920268	1.85069183480909	560.487544607588
"ENSG00000167470"	1.95733445063148e-07	1.83524176648151e-08	0.186674828222995	5.6268556526524	1.05039231239448	1815.77726275576
"ENSG00000275064"	1.96156529477995e-07	1.84113861788673e-08	0.314660637493069	5.62630203251423	1.77037578427948	28.6122870384815
"ENSG00000198959"	1.96576183645235e-07	1.84604454239844e-08	0.346725777193413	5.62584275507641	1.9506247016218	31584.7761328287
"ENSG00000145912"	1.99334567149494e-07	1.87587085279901e-08	0.195569312135195	-5.62307575783719	-1.09970105804431	276.98963420619
"ENSG00000110047"	2.01160722595218e-07	1.89503533928494e-08	0.442049118860966	5.62132031533364	2.48489969222848	3409.19131684931
"ENSG00000198673"	2.01485540089906e-07	1.90007762865186e-08	0.242765781572054	5.62086131230605	1.3645527895901	26.1326019206264
"ENSG00000188372"	2.01635338298218e-07	1.90248218642258e-08	0.414068218756336	5.62064284010384	2.32732956906735	316.780640728516
"ENSG00000165259"	2.04904618208247e-07	1.93836865807979e-08	0.252830618935297	5.6174137602061	1.42025419780856	58.694009423165
"ENSG00000258597"	2.05842317414229e-07	1.94825176458568e-08	0.382311089855793	5.61653466654442	2.14726348957944	30.6800268128911
"ENSG00000144550"	2.08060519190952e-07	1.97407504282354e-08	0.330245622957853	-5.61425798639136	-1.85408412616192	54.7910549799292
"ENSG00000106049"	2.08865926775757e-07	1.98484791346253e-08	0.208803547526391	-5.61331674460786	-1.17208044966341	518.807779055393
"ENSG00000215482"	2.08865926775757e-07	1.98508938671174e-08	0.203534347594063	-5.61329570361263	-1.14249847888735	110.709716803675
"ENSG00000167264"	2.13496594280753e-07	2.03435115664019e-08	0.227688037933892	-5.60905436590473	-1.27711458323738	346.67539117625
"ENSG00000134256"	2.13513876647454e-07	2.03556617937212e-08	0.52513483119312	-5.60895101973088	-2.94545554691685	246.341703195451
"ENSG00000168005"	2.15816609576618e-07	2.05964296821448e-08	0.256185230355582	5.60691537825375	1.43640890776219	196.590882604361
"ENSG00000255521"	2.18731227468891e-07	2.08961060480414e-08	0.419292276197773	5.60441370907046	2.34988738083016	19.160621131385
"ENSG00000111186"	2.19625929851489e-07	2.09923839876743e-08	0.596630815843054	5.60361737856152	3.34329080824347	278.36956761903
"ENSG00000197142"	2.22825736311618e-07	2.13201523576395e-08	0.278415653834256	5.60093268570756	1.55938733577292	6331.00440026735
"ENSG00000136720"	2.23587184701751e-07	2.14040073509252e-08	0.18141268640481	5.60025228130654	1.01595681089648	688.46409195345
"ENSG00000074071"	2.24412910027768e-07	2.1499491730444e-08	0.182481374446411	-5.59948065918317	-1.02180092687384	399.622492758313
"ENSG00000065320"	2.24754660429848e-07	2.15599954662635e-08	0.556566863024027	5.59899344034764	3.11621421518639	202.64295059351
"ENSG00000123689"	2.24830631104158e-07	2.15783432351541e-08	0.461117446087104	5.59884595340698	2.58172554707015	2028.45706923672
"LRG_156"	2.25411903446899e-07	2.16452201656998e-08	0.234191774995324	5.59830939764251	1.3110780148069	396.039532185217
"ENSG00000253214"	2.26220075315017e-07	2.17339535168353e-08	0.307417761456247	5.59759996590065	1.72080165104474	40.0747266088569
"ENSG00000135373"	2.33325185764812e-07	2.24969187376541e-08	0.69349140650185	5.59161347804178	3.8777358955019	1162.56080927502
"ENSG00000161642"	2.33625007197872e-07	2.25373199092398e-08	0.243759326917486	-5.59130199675214	-1.3629320113207	6412.78512544407
"ENSG00000143322"	2.34579747381515e-07	2.26525011860445e-08	0.226825198014461	5.59041694879129	1.26804743139298	4439.78267582921
"ENSG00000108825"	2.37717095916664e-07	2.29905455810784e-08	0.183383918118777	-5.58784443038575	-1.02472080548232	221.034023888108
"ENSG00000259354"	2.38257299669363e-07	2.30545114349487e-08	0.408770822493873	5.587361784055	2.283950472039	459.749924794458
"ENSG00000090382"	2.39057310058618e-07	2.31672029130006e-08	0.339677782165813	-5.58651463811638	-1.89761490231222	181898.945669872
"ENSG00000143450"	2.39078826183655e-07	2.31810491149146e-08	0.333527394695808	5.58641082683208	1.86322104877376	16.9772257173375
"LRG_768"	2.39512946512895e-07	2.32349237762411e-08	0.339697993342627	-5.5860074758149	-1.89755553033123	181857.447473548
"ENSG00000071246"	2.42214122576905e-07	2.35088775995786e-08	0.296951861378204	-5.58397036916623	-1.65817039500465	2573.49899881618
"LRG_346"	2.42235384136838e-07	2.35228575504781e-08	0.196436534684172	-5.58386703386649	-1.09687549026992	274.831690771729
"ENSG00000268500"	2.43242975152633e-07	2.36446339483275e-08	0.339363444577089	5.58296941471227	1.89465573154529	2421.42817114907
"ENSG00000256632"	2.48273687083848e-07	2.41702886038437e-08	0.221103980413691	-5.57914558294744	-1.23357129569714	38.6261326643429
"ENSG00000118855"	2.50329785408558e-07	2.43827713060283e-08	0.181695654870548	-5.57762275642634	-1.01342981934975	4668.80287830329
"ENSG00000104915"	2.51364192034559e-07	2.45082560317049e-08	0.189794577996998	-5.57672946709475	-1.05843301581067	985.463335309193
"ENSG00000123146"	2.514753881121e-07	2.45314686455281e-08	0.18304858052274	-5.57656470987983	-1.02078225433671	3818.25584762953
"ENSG00000038210"	2.51545931234626e-07	2.45630988538338e-08	0.209279721734791	5.57634045011529	1.16701497769859	506.230209467674
"ENSG00000198853"	2.54218462091694e-07	2.4849079308156e-08	0.245351424312931	5.57432546323958	1.36766869198967	1867.87367398341
"ENSG00000109762"	2.55945017561822e-07	2.50413387435827e-08	0.266656193031481	5.57298343657305	1.48607054702407	68.9763902510353
"ENSG00000185052"	2.61452213555593e-07	2.5620464846652e-08	0.616935857881282	5.56900056977445	3.43571614405515	86.3404614422003
"ENSG00000185947"	2.61654112184171e-07	2.56531210932238e-08	0.214335234278344	5.56877859084422	1.19358546391282	1973.67816212107
"ENSG00000028116"	2.6491675928181e-07	2.6062480225166e-08	0.194602303637361	5.5660190243957	1.08316012423678	859.157670564338
"ENSG00000027075"	2.6491675928181e-07	2.60642226762899e-08	0.370764699977298	5.56600736834919	2.06367905199742	609.881985039952
"ENSG00000170667"	2.67473814589833e-07	2.63289602023935e-08	0.263056666191187	-5.56424514613405	-1.46371177801251	1207.75224869463
"ENSG00000229152"	2.69215009893174e-07	2.65135994591762e-08	0.187687092824592	5.56302624627198	1.04410822346969	79.3055256072271
"ENSG00000180953"	2.71020693373625e-07	2.67314290738941e-08	0.258149099568113	5.56159878659853	1.43572171891952	150.10337573347
"ENSG00000259479"	2.74938254504938e-07	2.71719280450817e-08	0.287021295148344	-5.55874632339153	-1.59547856914093	143.837727957892
"ENSG00000116171"	2.76983592926192e-07	2.74013186429837e-08	0.217733856118868	-5.5572786177952	-1.21000770297948	1625.29479666688
"ENSG00000105501"	2.82616670025449e-07	2.8083710815201e-08	0.333064602355761	5.55298193506756	1.849501720092	1942.2706242639
"ENSG00000168421"	2.88338929343487e-07	2.87090708870139e-08	0.613655590382508	5.54913239937211	3.40525611864739	1028.88106258561
"ENSG00000141013"	2.96341222630655e-07	2.96516158417332e-08	0.187951724128589	5.54348141538346	1.04190688969611	126.708401931522
"LRG_766"	3.08756301046323e-07	3.09394227288154e-08	0.386759948163921	-5.53603587077024	-2.1411169464127	131.877467033184
"ENSG00000196218"	3.09651470891219e-07	3.10443574220929e-08	0.38680173333271	-5.53544249806675	-2.14111875301577	131.913330012929
"ENSG00000125462"	3.10551279180317e-07	3.11498454471009e-08	0.483254847760644	5.5348479544174	2.67474210559029	99.4068901245505
"ENSG00000185090"	3.1333493859676e-07	3.14598883154264e-08	0.345939830579454	5.53311175430468	1.91412374286135	171.970072431557
"LRG_11"	3.1470656134574e-07	3.16130853142464e-08	0.436569235066095	5.53225998898382	2.41521451157743	18.6499662290435
"ENSG00000106804"	3.16487757708843e-07	3.18075801357323e-08	0.3026822734888	-5.53118436091919	-1.67419145744872	81.2492486692948
"ENSG00000101745"	3.18800161562852e-07	3.21027120582033e-08	0.221579653736824	5.52956429823225	1.22523894251781	2330.75948059138
"ENSG00000235505"	3.23192875282611e-07	3.25768497370165e-08	0.436584087090927	5.52699162962784	2.41299659498027	37.4209046782885
"ENSG00000210049"	3.2442363450834e-07	3.27328253825564e-08	0.313942781664087	5.52615324141973	1.73489592051332	902.536313870247
"ENSG00000122643"	3.2815375486056e-07	3.31737488310926e-08	0.334473677864705	5.52380401889604	1.84756704600399	683.230042740022
"ENSG00000102804"	3.2965956596584e-07	3.33421914416453e-08	0.263860212103339	5.52291455064104	1.45727740476076	3201.890451422
"ENSG00000110492"	3.30743234584952e-07	3.34680654044297e-08	0.387913878050642	5.52225270898214	2.14215846391692	265.839386193741
"ENSG00000182511"	3.31231584163427e-07	3.3533776082661e-08	0.221656457609017	-5.52190816275716	-1.22396660259907	1145.99797174499
"ENSG00000093217"	3.45517337604168e-07	3.50521310519834e-08	0.34967574635054	-5.51412405012026	-1.92815544269526	48.2887267633063
"ENSG00000116120"	3.4928209748697e-07	3.55502095484328e-08	0.227996151534732	-5.51164167851669	-1.25663309134023	301.401103591968
"ENSG00000151914"	3.54215317117952e-07	3.61045915519676e-08	0.266946679564081	-5.50891805672447	-1.47058738323321	784.627660381058
"ENSG00000133027"	3.58412957690539e-07	3.65791202025311e-08	0.313730971086971	-5.50661877332889	-1.72759685516222	110.506748028562
"ENSG00000197879"	3.5860168984234e-07	3.66222504974763e-08	0.229062760097846	5.5064112258533	1.26131375362772	1955.03568097754
"ENSG00000167618"	3.65479914158546e-07	3.74505441357857e-08	0.438877509150921	5.50247071846001	2.41491064309361	43.8882659264441
"ENSG00000103356"	3.65795447119255e-07	3.75008713004982e-08	0.203174242655259	-5.5022340248494	-1.11791223091078	351.126689158875
"ENSG00000100918"	3.6860780337551e-07	3.78617224246392e-08	0.187602829482452	5.50054587493212	1.03191796983529	383.023885376057
"ENSG00000119927"	3.69591351730862e-07	3.79809294453843e-08	0.218650199405348	-5.49999162250584	-1.20257426498865	135.90259127658
"ENSG00000188157"	3.7052434825287e-07	3.80950358052193e-08	0.218145698301484	5.49946266358624	1.19968412303096	2979.95237482579
"ENSG00000258610"	3.72018037352286e-07	3.82852092749401e-08	0.30601378819294	-5.49858448791687	-1.68264266884638	518.918587291951
"ENSG00000105717"	3.74756539545023e-07	3.85891773100466e-08	0.439027641660583	5.49718958248763	2.41341817816067	92.4067707654702
"ENSG00000149929"	3.75492066691856e-07	3.87166160855043e-08	0.205969800872712	-5.49660793508787	-1.13213524186542	214.029978771028
"ENSG00000136425"	3.76070607533582e-07	3.8794768988485e-08	0.331404284903956	5.49625215263501	1.82148151429583	19.387908130045
"ENSG00000242193"	3.78402528185492e-07	3.9072555424112e-08	0.400362176749684	-5.4949931619152	-2.199987423529	135.188035168045
"ENSG00000130520"	3.79623403736109e-07	3.92546435779861e-08	0.188284260395975	-5.49417259831562	-1.03446622416169	873.267956749557
"ENSG00000253204"	3.80395318807728e-07	3.93531756912953e-08	0.333384246042429	-5.49373011010726	-1.8315230707187	32.7504201019826
"ENSG00000137831"	3.82193545734766e-07	3.95580096529884e-08	0.282187989939816	-5.49281366927328	-1.55000604844617	176.093116770933
"ENSG00000258777"	3.88470880560671e-07	4.03032805540366e-08	0.595762776617561	5.48951766702221	3.27045028759631	6.31919340344858
"ENSG00000230647"	3.94870889131156e-07	4.10246999191936e-08	0.573460465378868	5.48638296680039	3.14622372938805	105.353717287596
"ENSG00000064932"	3.95295196511095e-07	4.10890766542672e-08	0.206855617983389	5.48610584092071	1.13483181404593	3727.22173367127
"ENSG00000107338"	4.05970863278922e-07	4.22586750638626e-08	0.310952333704191	-5.48114299284487	-1.70437420499149	385.121863467547
"ENSG00000178764"	4.10052013348954e-07	4.2744009065645e-08	0.250769943385981	5.47912261274198	1.37399926740215	787.710832538172
"ENSG00000161395"	4.12985547305664e-07	4.30701180779225e-08	0.188449741192047	-5.47777752047109	-1.03228575604039	333.978392244217
"ENSG00000255197"	4.32533253932267e-07	4.52789632215596e-08	0.244410272081265	-5.46891859563573	-1.33665988194962	1247.56988695667
"ENSG00000196126"	4.36089703420658e-07	4.5672716380489e-08	0.282357028489186	-5.46738351200132	-1.54375416205946	66089.4390531285
"ENSG00000088826"	4.3815191480833e-07	4.59533590304683e-08	0.404861579350257	5.46629721135958	2.21309372218895	268.36250751619
"ENSG00000253891"	4.40785277830899e-07	4.62512297133662e-08	0.484498712575101	5.46515123839231	2.64785873902929	70.391779327105
"ENSG00000130812"	4.40820715156179e-07	4.62766335174777e-08	0.404683121056175	-5.46505383582343	-2.21161504302105	64.5062404877482
"ENSG00000063180"	4.41695358969907e-07	4.63901806080653e-08	0.371635878797339	-5.46461910934446	-2.03084852499396	316.397820000889
"ENSG00000164050"	4.44405784300107e-07	4.67185734479205e-08	0.350172040191778	5.46336760549001	1.9131185807321	77.1822267757211
"LRG_1332"	4.4455715972166e-07	4.67563561336535e-08	0.220440829990891	5.46322416321662	1.20431766896576	1713.50663380459
"ENSG00000139211"	4.45839500736991e-07	4.69131587995092e-08	0.385663739601941	5.46263005897763	2.10673833660729	64.3321134208227
"LRG_91"	4.46879459100401e-07	4.70764268476563e-08	0.317087329527045	5.46201350044116	1.73193527469555	1670.68900268385
"ENSG00000255221"	4.47074679458068e-07	4.71530948818426e-08	0.392914456033275	5.46172468942327	2.14599058534825	14.328451572306
"ENSG00000197461"	4.61077627387206e-07	4.87433993140056e-08	0.585656167855781	5.45583441998666	3.19524307886505	192.291237335201
"ENSG00000128335"	4.61165461464462e-07	4.87753710226581e-08	0.215749771933608	5.45571792141669	1.17706989727975	4634.123093959
"ENSG00000105707"	4.61369449799134e-07	4.88196421939166e-08	0.574076976815172	5.4555567281955	3.13190951336615	113.513282696271
"ENSG00000130766"	4.73782446028318e-07	5.02030395880065e-08	0.217561713999732	5.45058981939623	1.18583966341733	1630.93726564088
"ENSG00000198805"	4.78445822680888e-07	5.07442539207002e-08	0.317174358427372	5.44868268047144	1.72818243345286	1713.72381021982
"ENSG00000126351"	4.78544974848745e-07	5.07783112332125e-08	0.238577963659759	-5.44856332909692	-1.29990714392718	1106.27611623088
"ENSG00000102908"	4.7859305911116e-07	5.08069569835638e-08	0.22060186290695	5.44846300220808	1.2019410882667	1725.08799090156
"ENSG00000134780"	4.82829100856877e-07	5.13279066780653e-08	0.225698507182252	-5.4466479659634	-1.22930031506519	1506.41962649345
"ENSG00000101000"	4.87963093517795e-07	5.19216928019968e-08	0.477703356659499	5.44460080857831	2.60090408192888	287.119767257064
"ENSG00000170855"	5.0063533924842e-07	5.33602547045632e-08	0.227722563551371	-5.43973375448378	-1.23875011560797	538.86068632707
"ENSG00000224809"	5.0063533924842e-07	5.34025496294726e-08	0.585149794310301	-5.43959259143609	-3.18297648601066	45.6097065810503
"ENSG00000287917"	5.04066019620811e-07	5.38334970777637e-08	0.352354792556166	5.43816041105669	1.91616188352504	54.4350196506042
"ENSG00000100889"	5.0603629997221e-07	5.40688136333943e-08	0.226337980464284	-5.43738305969484	-1.23068630074204	2311.0322784186
"ENSG00000163235"	5.10661085812176e-07	5.46383245593016e-08	0.71027194433567	5.43551520803577	3.86069395527767	1403.49108353181
"ENSG00000188313"	5.18433283547375e-07	5.55719266455003e-08	0.2564382493912	5.43249366665706	1.39309916570632	5323.82495680905
"ENSG00000188176"	5.19681320643221e-07	5.57422931105397e-08	0.59111789808621	5.43194759907969	3.21092144728242	19.574934305276
"ENSG00000170525"	5.19681320643221e-07	5.57568359072641e-08	0.444992568481066	5.43190106069006	2.41715560473149	12935.4941773709
"ENSG00000139725"	5.24100517031068e-07	5.62567556159873e-08	0.248592071683156	5.43030837891648	1.34993160979325	1489.77153707083
"ENSG00000239213"	5.28693328460892e-07	5.67757544288729e-08	0.22866578400466	-5.42866935873638	-1.24135093501753	98.2493552083672
"LRG_321"	5.30063699288676e-07	5.70029926589576e-08	0.221936537711859	-5.42795629614195	-1.20466182721703	1058.15154493071
"ENSG00000235376"	5.34574666458547e-07	5.7565129126218e-08	0.192907760107183	-5.42620410641875	-1.04675688005364	52.8551399205991
"ENSG00000166750"	5.39977020995192e-07	5.82000026072641e-08	0.276283410805632	5.42424502149216	1.49862891558332	2687.78022911376
"ENSG00000134243"	5.41671093806014e-07	5.84092403395702e-08	0.253468903227876	-5.42360389315683	-1.3747149303409	4504.48738962099
"ENSG00000069998"	5.45140593407951e-07	5.88369963566039e-08	0.204611870721883	-5.42230009631976	-1.10946696632343	1039.64140300734
"ENSG00000141510"	5.50428497097382e-07	5.94889515999089e-08	0.218584925366883	-5.42033050389054	-1.18480253865675	1083.50630885233
"ENSG00000159399"	5.50866972627019e-07	5.95634398777149e-08	0.194353888831255	5.42010680349637	1.05341883514026	11501.19199327
"ENSG00000134072"	5.56436102835891e-07	6.03119710679394e-08	0.393782403899557	-5.41787377136251	-2.13346335771149	645.738378029014
"ENSG00000095951"	5.68024625739297e-07	6.16701273616011e-08	0.196777789410648	5.41388980481538	1.06533326790441	2091.88200684756
"ENSG00000197006"	5.68223121472995e-07	6.17196306676689e-08	0.216565571661512	5.4137462046338	1.17243104163686	3852.65925687164
"ENSG00000158717"	5.68373487745422e-07	6.17639233780813e-08	0.238854375606425	-5.41361781401359	-1.29306630273803	944.168429172974
"ENSG00000105988"	5.70606310050236e-07	6.2062699307412e-08	0.252340056241406	-5.41275408000966	-1.36585466897054	41.6727838134759
"ENSG00000144597"	5.77143491817337e-07	6.28305070539043e-08	0.25911948598501	5.41055276358756	1.40197965099558	3319.30256621702
"ENSG00000073792"	5.78039517149716e-07	6.29564881429296e-08	0.202611379572761	5.41019406491189	1.09616688324816	403.253986455865
"ENSG00000272638"	5.91272752898322e-07	6.4514116781212e-08	0.314564935917211	5.40581567468168	1.7004800612865	73.2370963042482
"ENSG00000149289"	5.92944163404864e-07	6.47839918792898e-08	0.197332699331703	5.40506749829501	1.06659655950861	2100.65161468821
"ENSG00000258791"	5.97327001968422e-07	6.53216216733472e-08	0.431846606285686	5.40358598079823	2.33352026758062	88.3729181971036
"LRG_25"	5.97657664039776e-07	6.53871824490585e-08	0.545074522673447	5.40340612720565	2.9452590155974	4800.3668154612
"ENSG00000173846"	5.99773003366427e-07	6.56575295780995e-08	0.257269472918508	5.4026663218122	1.3899411169672	2323.61071596024
"ENSG00000204136"	5.99773003366427e-07	6.56776222694641e-08	0.675324733911312	-5.40261145600097	-3.64851714395006	809.399812287613
"ENSG00000249244"	6.01551868203631e-07	6.59315998798548e-08	0.232564069057915	5.4019193341353	1.25629234106913	110.917492492847
"ENSG00000100350"	6.03713728762191e-07	6.62279424999845e-08	0.329325892671472	-5.4011150197438	-1.77872702529843	367.808855793166
"ENSG00000186654"	6.05446801000306e-07	6.6477629861899e-08	0.448328016555116	5.40044003587311	2.42116856980783	85.5616912163539
"ENSG00000064115"	6.06526922263823e-07	6.66559004494973e-08	0.22644250329747	-5.39995961518542	-1.22278037296783	1575.16750772298
"ENSG00000102038"	6.09161078949767e-07	6.70652545596999e-08	0.499146781284644	5.39886114233661	2.69482416180005	19.3845708787902
"ENSG00000214455"	6.09846694592543e-07	6.71707373668194e-08	0.213042338610269	5.39857913918283	1.15012592498412	388.099388128299
"ENSG00000204131"	6.11662189244358e-07	6.74308818426115e-08	0.337485439727329	-5.39788548507596	-1.82170775652863	697.980012022784
"ENSG00000073803"	6.21054312331426e-07	6.85273919007963e-08	0.211858976377497	5.39498993985629	1.14297704622485	397.263488122254
"ENSG00000183690"	6.23866751954604e-07	6.88990977045497e-08	0.742629140756615	5.394018557249	4.00575536639506	8.36955306556823
"ENSG00000174370"	6.36520611216608e-07	7.03905122990425e-08	0.442828066218922	-5.3901714069536	-2.38691918072979	306.85158482274
"ENSG00000189046"	6.37897674524814e-07	7.060555724522e-08	0.217718526120273	-5.38962321581711	-1.17342082289131	55.5361116987282
"ENSG00000169288"	6.41416282807679e-07	7.10265669323143e-08	0.193101458655508	-5.3885546474465	-1.04053776246684	135.808766279792
"ENSG00000120949"	6.4636541320606e-07	7.16699941640328e-08	0.288663054333011	5.38693335426019	1.55500863552912	352.210888572558
"ENSG00000234036"	6.52926963981456e-07	7.24617882104567e-08	0.292381065821489	5.38495744987112	1.57445959859669	885.148022926413
"ENSG00000267673"	6.53599819791431e-07	7.25686143875079e-08	0.222076200848085	-5.38469247006031	-1.19581204648628	178.902054263338
"ENSG00000182326"	6.5391068882221e-07	7.26352978827504e-08	0.530368629455305	5.38452725468585	2.85578434033247	4949.48481550406
"ENSG00000249176"	6.66424320245132e-07	7.4109579906582e-08	0.28968540975284	-5.38091160737616	-1.55877158382657	25.2129356934431
"ENSG00000118640"	6.66424320245132e-07	7.41255590923094e-08	0.260622653087719	-5.3808728016338	-1.40237734548935	3579.96751140744
"ENSG00000140853"	6.66424320245132e-07	7.4156425245695e-08	0.219915659601355	5.38079786555589	1.18332171178529	4418.46170346589
"ENSG00000158473"	6.6964794663828e-07	7.45810188503082e-08	0.426962809922999	-5.37977010250309	-2.29696175970446	77.9209797700374
"ENSG00000120594"	6.72148779143528e-07	7.48926104270017e-08	0.331231685641087	-5.37901946897777	-1.78170168580573	3652.2224143078
"ENSG00000022567"	6.82508764725504e-07	7.61476720974736e-08	0.199428564086035	-5.37602630419836	-1.07213320633504	924.916294402244
"ENSG00000286511"	6.91709327121266e-07	7.72847384627753e-08	0.600624089736141	5.37335551164217	3.22736676300876	148.926343082773
"ENSG00000234148"	7.01630606825211e-07	7.85206680817182e-08	0.633504351907862	5.37049532732248	3.40223216175963	14.4281644950207
"ENSG00000164124"	7.13540807303992e-07	8.00311413150876e-08	0.275325853106314	-5.36705841785987	-1.47768993756869	503.878104293451
"ENSG00000186594"	7.21244028439459e-07	8.09660996113167e-08	0.241667014287976	5.36496236473325	1.29653443645245	1159.47520393445
"ENSG00000161791"	7.21748009655039e-07	8.1093686248136e-08	0.203936663580981	5.36467815156739	1.09405456341644	5877.48233548066
"ENSG00000095739"	7.21748009655039e-07	8.10875237241464e-08	0.632142108448523	5.364691869307	3.39124762944038	27.697027492252
"ENSG00000157193"	7.23421115095809e-07	8.1317259346415e-08	0.313398618117474	5.36418116067599	1.68112696308764	579.756748679769
"ENSG00000228612"	7.2762425540907e-07	8.18255139642431e-08	0.19429545228897	5.36305624353492	1.0420174384888	636.56935006993
"ENSG00000285744"	7.31503045992374e-07	8.23696611706289e-08	0.497066266396933	5.36185936073646	2.66519941338672	596.177797741091
"ENSG00000165804"	7.40568454282545e-07	8.34633180224966e-08	0.230369381630155	-5.35947678458742	-1.23465935272657	405.930687775609
"ENSG00000049249"	7.44801616321788e-07	8.40503201417838e-08	0.525867598911526	5.35821041469327	2.81770924523748	484.414129900005
"ENSG00000163746"	7.54685363639831e-07	8.5351320887838e-08	0.293258685883871	5.35543395222344	1.57052752316692	24.8155382548524
"ENSG00000163485"	7.67795388184014e-07	8.70606242504994e-08	0.81732137962335	-5.35184777385393	-4.37417960606045	19.6356095032997
"ENSG00000136842"	7.69517616507714e-07	8.72937634625535e-08	0.509155628668817	5.35136393162592	2.72467706684263	247.172617796957
"ENSG00000188820"	7.70993141502223e-07	8.74990740577346e-08	0.45973648394587	5.35093887806087	2.46002182560896	1134.56696511851
"ENSG00000213965"	7.95262120891228e-07	9.04489385822766e-08	0.213054778203829	-5.34493613590202	-1.13876418294823	223.153565706184
"ENSG00000241360"	7.95750732982339e-07	9.05436563059892e-08	0.218716507885715	-5.34474654921313	-1.16898430077812	185.973669351468
"ENSG00000284948"	7.96524652276229e-07	9.06708995162925e-08	0.322382882850695	-5.34449216162427	-1.72297279043738	34.6317284483764
"ENSG00000211688"	8.03436584503883e-07	9.16158010074775e-08	0.72350426201544	5.34261383466169	3.86540387968039	7.43843158759716
"ENSG00000170448"	8.04442934864184e-07	9.17701281951025e-08	0.236818753793617	-5.3423088375839	-1.26515892129725	244.425963210237
"ENSG00000167550"	8.07990286094178e-07	9.22145544932356e-08	0.270197696975181	5.34143328311835	1.44324297164516	131.905979798388
"ENSG00000204394"	8.17270643240329e-07	9.34345225743076e-08	0.283215317589977	-5.33905068578928	-1.51210093560479	1022.4997734688
"ENSG00000162493"	8.20234001976141e-07	9.38466326942422e-08	0.72834882306531	5.33825263564163	3.88811002439487	298.20358278115
"ENSG00000189319"	8.25193731041551e-07	9.4543299862051e-08	0.250631484407572	-5.33691122515522	-1.33759798251208	948.74426937281
"LRG_419"	8.43537134971485e-07	9.67694115876379e-08	0.315261833510099	-5.33268816205625	-1.68119304750746	158.154783411696
"ENSG00000162897"	8.5120187028611e-07	9.77324461456011e-08	1.19206934758348	5.3308902980171	6.35479091959636	86.726954685278
"ENSG00000214980"	8.53432963111416e-07	9.80725797829726e-08	0.32411503830244	5.33025940704563	1.72761723187654	15.5089980627776
"ENSG00000152642"	8.57426067175857e-07	9.8615808001631e-08	0.313012555764616	-5.32925618889572	-1.66812410001065	159.416854255752
"ENSG00000141542"	8.59730824064136e-07	9.89231797267815e-08	0.416203066473357	-5.32869091079506	-2.21781749736161	10.24964508006
"ENSG00000271943"	8.62900394209377e-07	9.94576753066003e-08	0.191023466831209	5.32771197264541	1.01771801129286	360.222586415029
"ENSG00000138772"	8.63710166478944e-07	9.96359868355531e-08	0.612480624390486	5.32738652443056	3.26292102485269	22.8574166602986
"ENSG00000279138"	8.68963987246906e-07	1.00413046342138e-07	0.432399532663922	5.32597481173498	2.30294901957403	12.3623876637802
"ENSG00000034152"	8.79176482184765e-07	1.01766148296967e-07	0.231947656085151	5.32354163230467	1.23478300368479	2414.53845815443
"ENSG00000065621"	8.83071973176184e-07	1.02260499058281e-07	0.37879415670057	5.32266048249864	2.01619268887152	16.483236291982
"ENSG00000143515"	8.87260571767697e-07	1.02832836830219e-07	0.304689177787737	5.32164546099563	1.6214477799886	502.267359798066
"ENSG00000043514"	8.88453736344741e-07	1.0301482962242e-07	0.210416321220582	-5.32132384855329	-1.11969338823593	197.498103209502
"ENSG00000211692"	8.89104955914725e-07	1.03134075464725e-07	0.858714663703657	5.32111341880043	4.56931811995423	19.2484189302056
"ENSG00000164220"	8.93386449423774e-07	1.03806512865946e-07	0.745100036018428	5.31993117789205	3.96388091226292	58.3372300525379
"ENSG00000085662"	8.95301043805454e-07	1.04117063535817e-07	0.234533452621683	5.31938768546691	1.24757435970582	5268.582674418
"ENSG00000256594"	9.02131957875243e-07	1.04955828432455e-07	0.241155944434367	5.31792757363421	1.28244984645332	1033.90764024843
"LRG_198"	9.11343797345082e-07	1.06117216072206e-07	0.219422502281827	5.31592438007186	1.16643342941634	2802.38538122995
"ENSG00000104863"	9.15983020188938e-07	1.06747529261491e-07	0.260597615771986	-5.31484606355407	-1.38503621235732	36.7205376859962
"ENSG00000064652"	9.27574211857436e-07	1.08308679650328e-07	0.221560383606737	-5.31220161217573	-1.17697342698998	241.668306338097
"ENSG00000115738"	9.30518237434591e-07	1.08761871907939e-07	0.330152487186633	5.31144085137759	1.753585407627	2413.14869750167
"ENSG00000284052"	9.31525851024754e-07	1.08925469691354e-07	0.327853352228268	5.31116697790476	1.74128389795015	33.297590165893
"ENSG00000214189"	9.37562204994945e-07	1.09723557934031e-07	0.263329522065857	-5.30983660760244	-1.39823673612774	84.6555849594899
"ENSG00000237456"	9.3882529573504e-07	1.09917562172835e-07	0.343881736267504	5.30951462797696	1.82584510900643	19.5936072638627
"ENSG00000165757"	9.47854192723368e-07	1.11210329867764e-07	0.707907920583818	5.3073830223024	3.75713847905995	112.609384223148
"ENSG00000135919"	9.55347728211208e-07	1.12227979878412e-07	0.674565757479878	5.3057218507452	3.57905827922548	19.336751058264
"ENSG00000095303"	9.58218932003277e-07	1.12612407937615e-07	0.241500969170892	-5.30509811638638	-1.28118633665398	3410.41890868736
"ENSG00000101546"	9.76084418968539e-07	1.15035107953569e-07	0.236499362996527	-5.30121406556369	-1.25373374961404	131.456205789693
"ENSG00000258920"	9.76736665671888e-07	1.15173051338819e-07	0.226573334229633	-5.30099530462467	-1.20106418090444	43.1171042190509
"ENSG00000242156"	9.80847039791101e-07	1.15754233001714e-07	0.19523476180876	-5.30007639903964	-1.03475915333473	93.2153846289398
"ENSG00000154608"	9.92108240144407e-07	1.17229633649492e-07	0.210409093167754	5.29776354845783	1.11469762404819	285.337923170746
"ENSG00000136960"	9.9718230036814e-07	1.17878250087792e-07	0.500953785363821	5.29675567200323	2.65342980403731	1471.67552894564
"ENSG00000070190"	1.00646391690843e-06	1.19074464785752e-07	0.232399444108111	5.294910884369	1.23053434612934	1661.57998448282
"ENSG00000107130"	1.02520161299974e-06	1.21593914253364e-07	0.294349351147286	5.29108337603242	1.55742695860133	764.745009385469
"LRG_482"	1.03196075072173e-06	1.22497111938781e-07	0.212928733570341	5.28972991351116	1.12633549141308	2277.73488949725
"ENSG00000188483"	1.0451801954748e-06	1.24117719002173e-07	0.376516441374884	-5.28732542414434	-1.99076495308977	124.023524251129
"ENSG00000065665"	1.0584164978132e-06	1.25793696316248e-07	0.203926102257073	5.28487052325575	1.07772304674084	100.855265554667
"ENSG00000263917"	1.06484272175464e-06	1.26743374331603e-07	0.32871214650848	-5.28349348347765	-1.7367484840175	42.427803354935
"ENSG00000288592"	1.07742053315048e-06	1.28370352778948e-07	0.276433472406554	5.28115738956337	1.45988867552253	43.7396107512721
"ENSG00000173404"	1.08912019053423e-06	1.29871474904317e-07	0.730804722893218	5.2790272741956	3.85793806426426	30.0075642480702
"ENSG00000143702"	1.09978850746556e-06	1.31305918320489e-07	0.205846630971695	5.27701391640405	1.08625553628253	2453.89807397237
"ENSG00000266970"	1.10011193427784e-06	1.31398650945818e-07	0.62495731433986	5.27688449191907	3.2978275601514	21.131693523193
"ENSG00000170271"	1.10841971463528e-06	1.32609048897727e-07	0.520261173395155	-5.27520322735033	-2.74448342095919	116.474761227865
"ENSG00000174628"	1.11115085817117e-06	1.32990458379105e-07	0.407708069360892	-5.2746765177433	-2.15052817955235	48.0925806839246
"ENSG00000153721"	1.11312817640384e-06	1.33281876297076e-07	0.696455408019773	5.27427506636089	3.67329739335089	58.9759869657072
"ENSG00000105835"	1.12325385510966e-06	1.34660057305305e-07	0.458028362945264	5.2723879424793	2.41490321810614	18716.2855761819
"ENSG00000128849"	1.13078990061129e-06	1.35674762278185e-07	0.727033586038773	5.27101042531512	3.83220161156461	57.6700705570322
"ENSG00000148158"	1.14304492599063e-06	1.37201378365661e-07	0.213315890311469	-5.26895662304672	-1.12395217305772	1917.34954922197
"ENSG00000204287"	1.16355729288283e-06	1.40006943053493e-07	0.288266738900337	-5.26523920097242	-1.51779333399453	93418.0105061812
"ENSG00000140464"	1.17547371058544e-06	1.41614281642254e-07	0.271158742839399	5.26314178430182	1.42714690961679	3399.27267941671
"ENSG00000207332"	1.17623676078018e-06	1.41764072408079e-07	0.240236607077044	-5.26294749668493	-1.26435264982821	66.2599050287019
"ENSG00000226137"	1.18449418278912e-06	1.42875823307699e-07	0.306956969298628	-5.26151166429974	-1.61505767440283	505.299378899826
"ENSG00000229771"	1.18629833031003e-06	1.43151800681351e-07	0.717454699298509	-5.26115691235984	-3.7746417505194	44.5300408818942
"ENSG00000111247"	1.18815430484825e-06	1.43434212126013e-07	0.267850912325547	-5.26079457396592	-1.40910862619406	115.079194079042
"LRG_611"	1.20563232321677e-06	1.45722088653267e-07	0.242767535664205	-5.2578843753028	-1.27644363259959	1372.63772171915
"ENSG00000110665"	1.21502045573767e-06	1.4703612362823e-07	0.362035841962651	-5.25623282756073	-1.90294467727768	531.075288337299
"ENSG00000187116"	1.22388141734157e-06	1.48228849345482e-07	0.346556270833218	5.25474606021433	1.82106519880342	912.906351202571
"ENSG00000215022"	1.23515620727609e-06	1.49715903912254e-07	0.324425049829457	5.25290852516687	1.70417511002684	52.9842066239378
"ENSG00000184992"	1.23867144969514e-06	1.50263862403986e-07	0.311357433221315	-5.25223586707131	-1.63532267824425	483.970954967
"ENSG00000101417"	1.24354404564022e-06	1.50916133441284e-07	0.235981130370309	-5.25143824372001	-1.23924033282292	106.7098845688
"ENSG00000197965"	1.2465498705007e-06	1.51342241263073e-07	0.238919177530848	5.25091898029307	1.25454524405274	2887.31495237884
"ENSG00000064201"	1.26081473999742e-06	1.53322217496735e-07	0.412562636916479	-5.24852454222398	-2.16534512506078	268.551842228694
"ENSG00000182347"	1.26686716446363e-06	1.54205008505968e-07	0.514383304463129	5.24746658332873	2.69920920119248	5.80221360003037
"ENSG00000164182"	1.26686716446363e-06	1.54245190478526e-07	0.237261592234253	-5.24741856772503	-1.24501088449803	88.1210305955127
"ENSG00000214855"	1.26940503916791e-06	1.54679077234304e-07	0.664998673208875	-5.24690086219582	-3.48918211181872	108.147948564475
"ENSG00000165092"	1.27001434936351e-06	1.54815798786048e-07	0.520578020067053	-5.24673801956546	-2.73133649003592	4072.30447206074
"ENSG00000134369"	1.27550968513846e-06	1.55679767334912e-07	0.320779165122867	5.2457121920188	1.68271517743063	735.800543158162
"ENSG00000086619"	1.27550968513846e-06	1.55770974002693e-07	0.219385138505455	5.24560421981795	1.15080760830956	328.916777562025
"ENSG00000228903"	1.27841072342084e-06	1.56216658647057e-07	0.245748722317146	-5.24507748751773	-1.28897109101191	237.125385254469
"ENSG00000274265"	1.27850798398862e-06	1.56291437436625e-07	0.262539555942476	5.24498925261604	1.37701714930487	41.549716958109
"ENSG00000018699"	1.2834310037259e-06	1.57009764060464e-07	0.219265932579305	-5.24414373986831	-1.14986206770215	213.670281152065
"ENSG00000145365"	1.29185402539857e-06	1.58431330446607e-07	0.212080667937184	5.24248144256781	1.11182896598808	565.698487086896
"ENSG00000250742"	1.29401887545623e-06	1.58760481866776e-07	0.691294871308426	5.24209860879623	3.62383588315387	12.7689066163549
"ENSG00000111012"	1.30010623346701e-06	1.59635240000672e-07	0.45669629204358	5.24108490182887	2.39358404095084	1686.6415551189
"ENSG00000248429"	1.30188958714409e-06	1.59983548270617e-07	0.337774443293546	-5.24068276186108	-1.77016870236571	305.814191299461
"ENSG00000198879"	1.30188958714409e-06	1.60007420561809e-07	0.211236320433938	5.240655231072	1.10701672767452	1205.02236038311
"ENSG00000188687"	1.30587844070752e-06	1.60665189896178e-07	0.223965675568753	5.23989821495493	1.17355734362388	40.6662338142945
"ENSG00000286116"	1.31279910108248e-06	1.61645816116167e-07	0.279166594396508	-5.23877517417018	-1.46249102418206	61.9660926946298
"ENSG00000087074"	1.32667488521753e-06	1.63680667656709e-07	0.268251939286517	5.23646567282406	1.40469207174233	7817.45129899458
"ENSG00000198134"	1.33737450623463e-06	1.65329699634377e-07	0.198921752448387	-5.23461434145044	-1.04127865819278	21.4333857733235
"ENSG00000074660"	1.34053178094895e-06	1.65851900289582e-07	0.340198891405492	5.23403179942167	1.78061181574435	1662.85272111899
"ENSG00000280153"	1.35258669997986e-06	1.67476422857601e-07	0.382150874678366	-5.23223083396488	-1.9995015897188	212.126980586497
"ENSG00000131470"	1.38148651384147e-06	1.71598457666751e-07	0.226133811361938	5.22773582194732	1.18216782621028	55.8748221070789
"ENSG00000139629"	1.3882200077582e-06	1.7250313555673e-07	0.236400298921346	5.22676326599111	1.23560839847141	2003.38044391168
"ENSG00000274600"	1.39209864526884e-06	1.73053585035142e-07	0.373781655327931	-5.22617392639269	-1.95344794123873	14.4341065811127
"ENSG00000186187"	1.41542091161556e-06	1.76161693545227e-07	0.244149426878169	5.22287985643156	1.2751631236013	240.672260454629
"ENSG00000145979"	1.42041524127672e-06	1.76922494345997e-07	0.240550010105078	5.22208209831356	1.25617190151887	277.424486610761
"ENSG00000260851"	1.42232098591581e-06	1.77230374720816e-07	0.25420236898745	-5.22176020432905	-1.32738381422483	112.828084662348
"ENSG00000111886"	1.42267445438365e-06	1.77344405126337e-07	0.296629036557932	5.22164112084284	1.54889037492689	171.212927205692
"ENSG00000164626"	1.42440434188603e-06	1.77630116424689e-07	0.657444832599154	5.22134307347914	3.43274502288624	42.3085816109239
"ENSG00000008394"	1.43375574611267e-06	1.78937343953554e-07	0.298453090798704	5.21998528870656	1.55792074333824	3095.24907917468
"ENSG00000233347"	1.47128442489463e-06	1.83910553111829e-07	0.200453516762993	-5.21490591860734	-1.04534623097298	61.2489639958275
"ENSG00000179134"	1.47245111756209e-06	1.84128824323241e-07	0.203995008415989	5.21468604174391	1.06376992297229	1885.92411258327
"ENSG00000173198"	1.47385986122522e-06	1.84496672780594e-07	0.379456976594366	-5.21431605680676	-1.97860860592335	115.262000793832
"ENSG00000074935"	1.47385986122522e-06	1.84434405584431e-07	0.224006455119588	5.21437863548734	1.16805447378683	169.41956025531
"ENSG00000124201"	1.4892735313908e-06	1.86598764485063e-07	0.209113678406406	5.21221534025498	1.08994552244702	9040.91507240028
"ENSG00000118194"	1.49384500650379e-06	1.87245035250475e-07	0.741843710213546	5.21157408848243	3.86617345785258	28.7447352058515
"ENSG00000186480"	1.5010980466561e-06	1.88301850598832e-07	0.285864959480641	5.21053007593693	1.48950796903037	3635.11012733381
"ENSG00000182054"	1.51462604071735e-06	1.90222367274271e-07	0.2427128519083	-5.20864724176035	-1.26420562663196	1445.79342748287
"ENSG00000059378"	1.52842383108092e-06	1.92105612377595e-07	0.220152779954358	5.20681870707131	1.1462956130801	4404.93338691553
"ENSG00000177943"	1.54155158944042e-06	1.94058958942249e-07	0.225131201358193	-5.20494032311606	-1.17179446794082	473.587747343291
"ENSG00000214688"	1.56319491397431e-06	1.97168032242726e-07	0.526307235328695	-5.20198793169151	-2.7378438865418	9.21447494343009
"ENSG00000115956"	1.60004517765873e-06	2.0189472061662e-07	0.19564893955794	5.19758454892526	1.01690190525996	19723.8352594262
"ENSG00000243207"	1.62648894155408e-06	2.05551460588962e-07	0.296007081247121	-5.19424576081386	-1.53753352693874	598.536657512082
"ENSG00000224975"	1.62930324565873e-06	2.0598727574493e-07	0.219765581035356	5.19385167453523	1.14142983106569	47.3201417060801
"ENSG00000144857"	1.64205403363868e-06	2.07760870450546e-07	0.61266739358459	5.19225616849835	3.1811260535774	5.62977849499809
"ENSG00000164236"	1.65113117065119e-06	2.08990579598855e-07	0.437866809388513	5.19115764449043	2.27303563482581	650.357489652457
"ENSG00000235217"	1.66217571360719e-06	2.10470301398313e-07	0.435792864942683	5.18984402999179	2.2616969984358	26.3406416741533
"ENSG00000056558"	1.70119810450156e-06	2.15913572885381e-07	0.422772811808434	5.18508741191132	2.19211398460627	9076.82750101756
"ENSG00000117020"	1.71151686004736e-06	2.17391604321245e-07	0.197845767991706	5.18381583288601	1.0255960245849	1087.31983966823
"ENSG00000136274"	1.72344772668317e-06	2.18991808245899e-07	0.689397551817163	5.18244853087741	3.57276732960534	13.0093162235397
"ENSG00000104972"	1.75355732783033e-06	2.23249034062617e-07	0.262132159164946	5.1788573998033	1.3575450722178	15757.6249185772
"ENSG00000143387"	1.76052143354581e-06	2.24389255643878e-07	0.443160702629512	-5.17790681408755	-2.29464482188118	1818.7704084515
"ENSG00000196418"	1.76052143354581e-06	2.24443076728153e-07	0.219936180525087	-5.1778620596902	-1.13879920469402	272.709013598762
"ENSG00000131398"	1.76052143354581e-06	2.24482071809855e-07	0.228177541013624	-5.17782964018855	-1.18146443508568	400.93152102431
"ENSG00000225111"	1.76085472892374e-06	2.24611192055257e-07	0.445620260246632	5.17772233178467	2.30729797297468	10.51028438987
"ENSG00000085117"	1.78767626187768e-06	2.28208377586215e-07	0.340746097057883	5.17475652118577	1.76327808781888	5929.66308496895
"ENSG00000278524"	1.82307766864868e-06	2.33086327273609e-07	0.393806168137278	5.17080609971596	2.03629533631001	6.89401208211639
"ENSG00000117228"	1.82834377227483e-06	2.33849557650264e-07	0.450385411014986	5.17019523294423	2.32858050501731	23168.6317639257
"ENSG00000232774"	1.8567531927946e-06	2.37848549490217e-07	0.462301002523301	5.167025715226	2.38872116821265	9.76936803478619
"ENSG00000274156"	1.86182161749921e-06	2.38589399527029e-07	0.377919123576895	5.16644419038247	1.95249806043828	8.75681373999492
"ENSG00000213492"	1.86183927041558e-06	2.38683251608766e-07	0.321181049885143	5.16637064640651	1.65934034830863	41.4476065824176
"ENSG00000085514"	1.86686428980182e-06	2.39670401897289e-07	0.206495591965233	5.16559878770719	1.06667337952248	10895.4243665742
"ENSG00000136854"	1.86686428980182e-06	2.39694795178215e-07	0.200778334444155	-5.16557975336611	-1.03713649931929	219.618698734439
"ENSG00000219665"	1.87601520937996e-06	2.41146583141963e-07	0.199990826378593	-5.16445026435723	-1.03284267615994	102.481926619617
"ENSG00000145703"	1.88733790786659e-06	2.43251934209488e-07	0.224879553132601	-5.16282392091198	-1.16101353623699	3645.34345301178
"ENSG00000159216"	1.88733790786659e-06	2.43199200128192e-07	0.222342522561142	5.16286449066908	1.14792431449671	2971.94085043946
"ENSG00000244491"	1.94333021888166e-06	2.50850968828487e-07	0.306831992527089	5.15706483032926	1.5823524774813	22.6000560597231
"ENSG00000168273"	1.95404833714637e-06	2.5233062204886e-07	0.215381988082645	-5.15596307427449	-1.11050157741795	162.898805817511
"ENSG00000204580"	1.95815961789795e-06	2.52957849104685e-07	0.412352422377839	5.15549792068504	2.12588205615839	387.542746689318
"ENSG00000166676"	2.00193582731344e-06	2.59105330660255e-07	0.42253871384118	5.15099700249525	2.17649564843412	164.071083364999
"ENSG00000198142"	2.01004924552274e-06	2.60470556036848e-07	0.220623180028859	5.1500114509181	1.13621190348659	226.477591798862
"ENSG00000228382"	2.0150255687675e-06	2.61295129834275e-07	0.374687038603786	5.14941860797831	1.92942040875462	7.21949043900052
"ENSG00000160683"	2.02738653918913e-06	2.63097485752703e-07	0.494935609074142	5.14812903696244	2.54799238050128	83.0330493525605
"ENSG00000196372"	2.03365032818729e-06	2.64110432232115e-07	0.363192187188803	-5.14740802240404	-1.86949837801011	527.032408113447
"ENSG00000013523"	2.0354190461853e-06	2.64440264707565e-07	0.266926856950753	-5.14717382425764	-1.37391893108828	1775.791205301
"ENSG00000162645"	2.03581864569387e-06	2.64592328902165e-07	0.294928587936999	5.14706594581066	1.51801689141655	6307.38295108187
"ENSG00000118939"	2.04096465045967e-06	2.6536154915215e-07	0.203514488482397	-5.14652115616597	-1.04739162056095	167.919212463559
"LRG_1396"	2.05155753138553e-06	2.67142502242104e-07	0.198693320639432	5.14526565196086	1.02232991796011	1074.12178826768
"ENSG00000099985"	2.06041443466668e-06	2.68397157762563e-07	0.579460889982795	5.14438601197008	2.98097049691123	1421.68067614691
"ENSG00000167291"	2.06184602824108e-06	2.68685071271676e-07	0.203574691831495	5.14418471589715	1.04722581826305	453.694821247552
"ENSG00000253522"	2.06451188442412e-06	2.69235586659205e-07	0.336415047570006	5.14380039984621	1.73045185620488	762.586272943534
"ENSG00000205057"	2.06637788542569e-06	2.69682237801769e-07	0.617683485521309	5.14348914895137	3.17704830526531	220.172262066816
"ENSG00000141858"	2.09240140447077e-06	2.73387353909601e-07	0.235644832309071	-5.14092625147802	-1.21143270444284	541.677109005583
"ENSG00000066926"	2.09279544426052e-06	2.73541789423465e-07	0.229340191402468	-5.1408201552968	-1.17899667838144	664.288803715283
"ENSG00000135407"	2.09836462742184e-06	2.74372942723694e-07	0.262416662524624	5.14025015006858	1.34888728892269	146.33976378035
"ENSG00000254602"	2.13265587618761e-06	2.79381276972039e-07	0.510723941979632	-5.13685033434994	-2.62351245211859	10.2618300374771
"ENSG00000237576"	2.13265587618761e-06	2.79285127978064e-07	0.29738698310528	5.13691504732277	1.52765166839144	18.3950018043547
"ENSG00000134326"	2.13265587618761e-06	2.79069617702715e-07	0.38154514856954	5.13706017446766	1.96002038747793	5572.78442321144
"ENSG00000162881"	2.19726879409365e-06	2.88818487692751e-07	0.360266779300991	-5.13060103286276	-1.8483851099878	166.467860159986
"LRG_16"	2.20868807609998e-06	2.90645444882302e-07	0.328363856847912	5.12941404389027	1.68431417882165	4246.99494284982
"LRG_449"	2.22651604520471e-06	2.93210520120671e-07	0.222588391333243	-5.12775959640763	-1.14137975970797	245.567506835217
"ENSG00000280739"	2.23141681757294e-06	2.93965674806195e-07	0.198860207956297	5.12727519182569	1.01961101089562	59.6434991387931
"ENSG00000282386"	2.24684833839862e-06	2.96330204410011e-07	0.283298099164485	5.12576616548789	1.45211981144435	16.707055902519
"ENSG00000130810"	2.25620972532783e-06	2.97675840384162e-07	0.24197346424763	-5.12491257301996	-1.24009284925988	375.681551931304
"ENSG00000238113"	2.28763042713293e-06	3.02158977609796e-07	0.257015691545458	-5.12209537716944	-1.316458885525	92.9096248762494
"ENSG00000172426"	2.30074371598442e-06	3.04230574014469e-07	0.519936587072474	5.12080719736939	2.6624950172564	13.7947674763709
"ENSG00000204054"	2.32822415530662e-06	3.08561147370911e-07	0.211274804522199	-5.11814145662711	-1.08133433576586	2159.12895097333
"ENSG00000135604"	2.32901574160438e-06	3.09114741777283e-07	0.200181722330918	5.11780329174743	1.02449067749284	2378.4213644069
"LRG_113"	2.32901574160438e-06	3.09114741777283e-07	0.200181722330918	5.11780329174743	1.02449067749284	2378.4213644069
"ENSG00000267365"	2.34019466889331e-06	3.10943811525031e-07	0.327663618432694	5.11669014158836	1.67655320619174	13.6828696632648
"ENSG00000226281"	2.35131099948671e-06	3.1276785431976e-07	0.406200298838622	-5.11558632909375	-2.07795269561265	163.025350008596
"ENSG00000116574"	2.35474638777863e-06	3.13340662088803e-07	0.302196066548231	5.1152409787904	1.54580570323678	2117.86128761278
"ENSG00000229153"	2.35935197945301e-06	3.14069581680433e-07	0.456219557257679	-5.11480238774059	-2.33347288079553	24.2616037428807
"ENSG00000196839"	2.35972237184921e-06	3.14234969529506e-07	0.328846918387528	5.11470301064233	1.68195432351714	4300.29867123559
"ENSG00000148841"	2.36224867860182e-06	3.14687594532355e-07	0.201542101535853	5.11443129847955	1.03077323205631	1802.9066459744
"ENSG00000042980"	2.36287908736891e-06	3.14967441674227e-07	0.39501101583382	-5.11426349409181	-2.02019041804303	938.30889710105
"ENSG00000128512"	2.41176674052581e-06	3.21996012091059e-07	0.234672528079717	5.11009549731927	1.19919902908469	7565.65308390499
"ENSG00000196449"	2.41301610681458e-06	3.22518927696538e-07	0.241454315284642	5.10978892444787	1.23378058600161	554.422095580016
"ENSG00000159403"	2.42609271148379e-06	3.24426141288157e-07	0.480625693911217	5.10867482323689	2.455360381885	2023.95185371542
"ENSG00000046889"	2.42621983193036e-06	3.24641772080411e-07	1.03030430771601	5.10854926032475	5.26336030909201	13.0146021793533
"ENSG00000184156"	2.42717460545555e-06	3.24888926674762e-07	0.728686604258206	5.10840543993605	3.72242661320115	16.0598088569158
"ENSG00000108702"	2.43440364796742e-06	3.26096080943294e-07	1.0266568420614	5.10770450567201	5.24385977797602	201.824206876421
"ENSG00000148090"	2.43994092237185e-06	3.26957844969546e-07	0.222712767060718	-5.10720565304767	-1.13743990293839	255.078841427516
"ENSG00000237233"	2.45395567690505e-06	3.29077291186696e-07	0.993398421287599	5.10598414061237	5.07227658440385	4.13797578836701
"ENSG00000101003"	2.45830600888986e-06	3.29781605974156e-07	0.339722472214834	-5.10557989969104	-1.73448022561341	49.7676698873334
"ENSG00000231742"	2.46168688964672e-06	3.3047734759179e-07	0.715436380331446	5.10518139679605	3.6524324994592	5.38281142647455
"ENSG00000111348"	2.46168688964672e-06	3.30420561705281e-07	0.279261148060809	-5.10521389192194	-1.42568789255411	9175.50448156468
"ENSG00000183742"	2.47341706030411e-06	3.32407045318439e-07	0.349189259546446	5.10408033932991	1.78229003435618	138.171042983069
"ENSG00000128271"	2.50362110443748e-06	3.36845913057679e-07	0.573982635775932	5.10157082805377	2.92821307048391	2911.57462109202
"ENSG00000151702"	2.50374559879248e-06	3.36985830297926e-07	0.208465311126849	-5.10149224595626	-1.06348416826448	1465.50783233205
"ENSG00000284634"	2.50501589291366e-06	3.37280032413651e-07	0.273308991731445	5.10132711511613	1.39423857032467	924.496650308523
"ENSG00000130477"	2.52056241566656e-06	3.39497239969257e-07	0.833714088910815	5.10008708681476	4.25201445894958	74.7402442500194
"ENSG00000268088"	2.52887365694918e-06	3.40741093387632e-07	0.878131833637092	5.09939484959345	4.47794094971304	8.28918815761195
"ENSG00000163840"	2.55259554897808e-06	3.44314098548697e-07	0.225686548138192	5.09741986116998	1.15041909287851	5680.60100398088
"ENSG00000155363"	2.55557622572753e-06	3.44967589698758e-07	0.223413320268978	5.0970607833612	1.13875127322352	2618.546481709
"ENSG00000134107"	2.56206208438622e-06	3.46058251803737e-07	0.245466408365003	5.0964629503837	1.25101045579599	5951.96784071635
"ENSG00000199477"	2.56206208438622e-06	3.4609516350475e-07	0.228273745218618	5.09644274952282	1.16338407372584	33.6257351280666
"ENSG00000163093"	2.60187828144489e-06	3.51857703448052e-07	0.341804710850176	-5.09331428440053	-1.74091881624859	82.7254683801976
"ENSG00000256234"	2.61364723451078e-06	3.5370639227367e-07	0.537223598061804	5.09232110855009	2.73571506842135	36.0529396108331
"ENSG00000225964"	2.63203470496025e-06	3.56324257578248e-07	0.37427648259907	5.09092324340942	1.90541284472513	293.191876232258
"ENSG00000180767"	2.64105168183036e-06	3.57674895714235e-07	0.573030050109438	-5.09020591298602	-2.91684094938574	60.5707744134786
"ENSG00000084764"	2.64459838585482e-06	3.58285318508667e-07	0.220940454534829	5.08988257191811	1.12456096896849	235.352802134853
"ENSG00000251204"	2.65356285907259e-06	3.59760883490952e-07	0.267187225477612	5.08910315569778	1.35974335234025	40.3798441567797
"ENSG00000020577"	2.67879331552712e-06	3.63445098594245e-07	0.326699056002668	-5.08717048548084	-1.66197379533122	596.396815118469
"ENSG00000272917"	2.68104469134316e-06	3.64014332354738e-07	0.2748875142323	5.08687356379514	1.39831802916565	722.348755888453
"ENSG00000101695"	2.68104469134316e-06	3.63911134213289e-07	0.405239880478796	-5.08692736036947	-2.06142583552044	249.448903163567
"ENSG00000284386"	2.73934883597083e-06	3.72873781440933e-07	0.313277491056059	5.08230920259179	1.59217307575907	2676.58096028123
"ENSG00000134070"	2.78585507810326e-06	3.79752283619841e-07	0.421050353154555	5.07883702882205	2.13844612459995	2624.63272189605
"ENSG00000137513"	2.79629256712327e-06	3.81450181455767e-07	0.2651329331057	-5.07798929527557	-1.34634219613576	192.491429407223
"ENSG00000165694"	2.8593340209602e-06	3.91175123587678e-07	0.776163490250395	5.07320284611887	3.93763482779186	4.67383880884495
"LRG_867"	2.8593340209602e-06	3.91175123587678e-07	0.776163490250395	5.07320284611887	3.93763482779186	4.67383880884495
"ENSG00000204482"	2.89441758292565e-06	3.96117164290593e-07	0.296577220415615	-5.07081429078596	-1.50388800760508	1705.41935478902
"ENSG00000273820"	2.89513843402328e-06	3.96358237991282e-07	0.206057565291165	5.07069851346209	1.04485579000953	67.415843245814
"ENSG00000225434"	2.89680957131054e-06	3.96729528066142e-07	0.347806095992398	-5.07052033166694	-1.76355788120716	155.612063874984
"ENSG00000126264"	2.92238851801004e-06	4.00520189451789e-07	0.289458526428753	-5.06871034807135	-1.4671814282469	1304.80308550662
"ENSG00000167100"	2.93431446599701e-06	4.02299016958563e-07	0.399937571901769	5.06786667589286	2.02683029307848	21.5139171527111
"ENSG00000122986"	2.95526332251623e-06	4.05607274194229e-07	0.308022721239569	-5.06630714555517	-1.56053771360938	1633.8121958548
"ENSG00000118263"	2.97072401624829e-06	4.08021519744452e-07	0.219670498065784	-5.06517678444697	-1.11266990703071	647.495289526585
"ENSG00000272841"	2.98291131150907e-06	4.10135631427974e-07	0.508219815955226	5.06419223474097	2.57372284550194	11.0159327774602
"ENSG00000204856"	2.98574488675594e-06	4.10774099714492e-07	0.312761511129875	-5.06389586026759	-1.58379172146161	33.1131236816862
"ENSG00000155380"	3.07024427897173e-06	4.23200731487544e-07	0.261471917366324	-5.05821428345635	-1.32258098714506	356.052238888425
"ENSG00000227242"	3.07028928524982e-06	4.23357972577492e-07	0.29240429213289	5.05814342759519	1.4790228484526	42.4665724246703
"ENSG00000260228"	3.10311489715484e-06	4.28036903365908e-07	0.285146970377856	-5.0560465470873	-1.44171635499136	28.2148426110926
"ENSG00000166920"	3.13755406155598e-06	4.33250405882902e-07	0.310934216690674	5.05373598669013	1.57137944038297	12694.9360395324
"ENSG00000143819"	3.15376368202952e-06	4.35686161448976e-07	0.255411592696387	-5.05266566855355	-1.29050938576761	2112.60909196388
"ENSG00000160593"	3.20822210399041e-06	4.43955567617326e-07	0.503194508358747	-5.04907451075954	-2.54066656610833	2678.29853276994
"ENSG00000204556"	3.22178893470955e-06	4.46308423855868e-07	0.440125748324943	-5.0480645243736	-2.22178317638253	10.3169484161533
"ENSG00000139572"	3.22178893470955e-06	4.46267564767028e-07	0.420026286613105	5.04808201966818	2.12032714523961	1532.62947453138
"ENSG00000180828"	3.24148352642089e-06	4.49833974224386e-07	1.10155744892481	5.04656072112033	5.55907655380148	15.2131027476559
"ENSG00000275793"	3.2725967474013e-06	4.5463465243316e-07	0.33771531413473	-5.04453119807212	-1.70361543821937	36.041771807602
"ENSG00000174099"	3.28418995348563e-06	4.56891439809984e-07	0.425277481927606	5.04358425722514	2.14492281280242	9.38556577877194
"ENSG00000011422"	3.30181645492414e-06	4.5966846553696e-07	0.3414538161627	5.04242519848795	1.72175532673867	12855.9038257331
"ENSG00000105875"	3.32794614119602e-06	4.63633582834865e-07	0.213793510392297	-5.0407819144601	-1.07768646061443	1561.42831147371
"ENSG00000286796"	3.35182780354729e-06	4.67544974737827e-07	0.547269875192847	-5.03917412427494	-2.75778819406697	9.97815344076225
"ENSG00000068366"	3.35818812197813e-06	4.68672751970286e-07	0.201073266036199	5.0387129571495	1.01315047091296	3326.60205181432
"ENSG00000224789"	3.40756216379202e-06	4.75898710301335e-07	0.718006738301217	5.03578329739331	3.61572634015312	13.8273302940865
"ENSG00000167081"	3.43699851470823e-06	4.80517009976427e-07	0.20265137034193	-5.03393326549559	-1.02013347446251	492.174800539761
"ENSG00000133816"	3.49120746795515e-06	4.88782785015759e-07	0.268876349637653	5.03066450940359	1.35262670954013	939.139558962209
"ENSG00000249141"	3.49228972358739e-06	4.89106102078576e-07	0.289679770516918	-5.03053773767318	-1.45724501742586	810.192849598881
"ENSG00000186318"	3.4929228758505e-06	4.89366605195899e-07	0.38420117400439	-5.03043565389711	-1.93269928398081	700.293148282008
"ENSG00000269711"	3.51918153461889e-06	4.93218624170071e-07	0.263044082702774	5.02893224333143	1.32283086892152	500.499936583316
"LRG_73"	3.52158991982696e-06	4.93729401392504e-07	0.899949712058944	5.02873374217608	4.52560748329245	3601.48999609526
"ENSG00000123610"	3.61958187720748e-06	5.08536296797745e-07	0.552294752204999	5.02306384703315	2.77421180270706	9252.35256619841
"ENSG00000205236"	3.62951428816164e-06	5.10110307028621e-07	0.232688931042432	-5.02247051305545	-1.16867329487501	1003.42636146464
"ENSG00000241170"	3.66803126917081e-06	5.16606332331564e-07	0.221022875323467	5.02004032576667	1.1095437470407	70.3811589058944
"ENSG00000273486"	3.67251015245369e-06	5.17417801880528e-07	0.244008436802463	-5.01973882479501	-1.22485862379487	22.7836141490107
"ENSG00000139132"	3.67530089223185e-06	5.1811196344456e-07	0.325038344987179	-5.01948127116268	-1.63152388507286	561.09188668208
"ENSG00000134460"	3.68908005528537e-06	5.20296759076307e-07	0.9012096310549	5.01867281626521	4.52287627713163	3618.53316462333
"ENSG00000261534"	3.76675952353696e-06	5.31993634006032e-07	0.348991258923529	-5.01439945155787	-1.74998157734463	42.6013539877091
"ENSG00000179981"	3.80392463691187e-06	5.37429730283889e-07	0.207881723838479	-5.01244416400442	-1.04199553345736	365.684738210599
"ENSG00000166548"	3.82709603996042e-06	5.40891721901136e-07	0.235647515171763	-5.01120884929517	-1.18087891334316	620.960533616159
"ENSG00000246273"	3.86523383367732e-06	5.46662105067999e-07	0.211163429614125	-5.00916669384188	-1.0577528185805	121.182563086403
"ENSG00000160113"	3.87767940208455e-06	5.4880379967519e-07	0.254374006693827	-5.00841402651788	-1.27401034310692	44.7770600342089
"LRG_240"	3.92443705147943e-06	5.55807471035481e-07	0.326231462747356	-5.00597231064152	-1.63310566937334	556.462981103421
"ENSG00000187860"	3.96104279237755e-06	5.61576413205043e-07	0.208608893343023	5.003983241363	1.04387540628777	43.260771348106
"ENSG00000126602"	3.97735321216154e-06	5.640844800601e-07	0.234452531127925	-5.00312462381573	-1.17299523160204	906.204971477654
"ENSG00000162599"	3.99054064358888e-06	5.66151083043602e-07	0.475332247468696	-5.00241989933742	-2.37781149353418	42.1547896238587
"ENSG00000182168"	4.00885529637255e-06	5.69143859963163e-07	0.989889446258961	5.00140372761989	4.95083676645115	25.7511633663717
"ENSG00000258301"	4.09082336127065e-06	5.81183484226173e-07	0.282063863100204	-4.99736715834916	-1.40957668601405	364.577333826305
"ENSG00000179344"	4.09998893930177e-06	5.82687330069008e-07	0.382556904658725	-4.99686863263142	-1.91158659708575	16580.8317071148
"ENSG00000173193"	4.14293607839896e-06	5.8960616267258e-07	0.230437219014049	4.99459089969854	1.15093963703941	13117.6218755307
"ENSG00000163644"	4.14600731665171e-06	5.90247204564643e-07	0.297789541799599	4.99438116970985	1.48727448010044	659.976065600127
"ENSG00000161981"	4.18010364774242e-06	5.95921397597011e-07	0.222923895288202	-4.9925342564905	-1.11295518381665	287.4954169913
"ENSG00000180061"	4.18010364774242e-06	5.95923867136833e-07	0.21745711690478	4.99253345636783	1.0856619314724	1138.92721805856
"ENSG00000173950"	4.25833843753754e-06	6.07496136799432e-07	0.281458252509921	-4.98881873863785	-1.40414420426576	270.941543960269
"ENSG00000027001"	4.29601915039235e-06	6.13294351359631e-07	0.218920702651616	-4.98698307658208	-1.09175383923706	217.99985987332
"LRG_730"	4.30516767556459e-06	6.14812168544078e-07	0.690221783047068	4.98650531209013	3.44179458768453	444.960481782554
"ENSG00000133835"	4.3195135712326e-06	6.17498348976875e-07	0.22061853560173	-4.9856625605777	-1.09992957311902	4716.3856392725
"ENSG00000136695"	4.38420963925518e-06	6.27825376813844e-07	0.690395143620678	4.98245517388276	3.43986285535638	445.694333024775
"ENSG00000265118"	4.42167496025812e-06	6.33671236731161e-07	0.204435861784694	-4.98066202299826	-1.01822593292995	3250.74165100963
"ENSG00000182108"	4.45463609972798e-06	6.39882792759037e-07	0.209698153745003	-4.97877408610026	-1.04403973376869	414.04795395796
"ENSG00000008735"	4.45463609972798e-06	6.39619843029733e-07	0.345762084065461	4.97885364816621	1.72149881364687	23.0778271991223
"ENSG00000267533"	4.49433043940562e-06	6.4646901834032e-07	0.278225172752529	-4.97679146843633	-1.38466866605901	61.9643519202488
"ENSG00000104974"	4.51863777428143e-06	6.50409982661721e-07	0.261393495690743	4.97561442849788	1.30059324867436	2573.45483591214
"ENSG00000214114"	4.53569725122667e-06	6.53311764639497e-07	0.204317139199114	-4.97475214445869	-1.01642712638046	215.033467439006
"ENSG00000161513"	4.55932501096094e-06	6.5761220642156e-07	0.27477204447333	-4.9734810036145	-1.36657354351243	446.462770083044
"ENSG00000138796"	4.56020776332217e-06	6.5796386116804e-07	0.342154119136002	-4.97337741476498	-1.7016615684798	476.233818087771
"ENSG00000039068"	4.58020959995543e-06	6.6130043171336e-07	0.54512321555905	4.97239718923337	2.71056914483168	98.2218864584261
"ENSG00000105374"	4.588541760728e-06	6.62954897248039e-07	0.604715745104731	4.97191290269194	3.00659401554718	773.757280871059
"ENSG00000225710"	4.66352097156906e-06	6.76311482889885e-07	0.337919439672208	4.96804535029294	1.67879910103711	17.3411615467787
"ENSG00000271503"	4.69697212964309e-06	6.81488474204845e-07	0.569730366557833	4.96656605522522	2.82960349917716	10785.705725292
"ENSG00000182574"	4.74083135158308e-06	6.88222811812361e-07	0.228480516506521	4.96465787931571	1.13432759654422	33.9200384461744
"ENSG00000189221"	4.79878859896878e-06	6.97108556314188e-07	0.60203399054011	4.96216744884623	2.98739347095713	3587.68695404369
"ENSG00000146707"	4.79878859896878e-06	6.96998468446585e-07	0.30613255938054	4.96219811589107	1.51909040937103	266.856825391223
"ENSG00000186638"	4.8232981601595e-06	7.01380822581242e-07	0.315241780960648	-4.96098091890857	-1.56390846018853	50.9940289257159
"ENSG00000248905"	4.82731742281374e-06	7.02202755768409e-07	0.265716484850883	4.96075344365661	1.31815396726035	1625.22406513726
"ENSG00000116337"	4.83411219654006e-06	7.03428958941632e-07	0.246040821742327	-4.96041456051743	-1.22046447465231	1616.82862184239
"ENSG00000232810"	4.83960695834681e-06	7.04466597291825e-07	0.453128976080016	4.9601282349599	2.24757782833296	1758.79648249563
"ENSG00000139173"	4.87465201924734e-06	7.0980765333393e-07	0.449261753209668	-4.95866082469434	-2.22773665567428	126.020626313023
"ENSG00000154856"	4.87870195948609e-06	7.10637372197871e-07	0.576277928306619	4.95843382164573	2.85743597038347	76.9797998069843
"ENSG00000279168"	4.91069955618101e-06	7.1553975233216e-07	0.359973180430001	-4.95709776736128	-1.7844222490195	15.1672864785697
"ENSG00000138642"	4.92909640450434e-06	7.1846284172306e-07	0.367245424108432	4.95630532352844	1.82018045055008	1288.97260751696
"ENSG00000205485"	4.93462572538741e-06	7.19511543194032e-07	0.290678463775299	4.95602177953976	1.44060879731354	99.2336829352264
"ENSG00000140279"	4.94548182394417e-06	7.21581025669933e-07	0.650055877141644	4.95546340684177	3.22132811157784	10.5529218637112
"ENSG00000128805"	4.94709981548093e-06	7.2241150244167e-07	0.245036692926906	-4.95523976734162	-1.21421556524928	617.384195815292
"ENSG00000135519"	4.99365149970733e-06	7.2983759374412e-07	0.513510818038493	-4.95325093032698	-2.54354793718213	21.371700358957
"ENSG00000156869"	5.02678910674033e-06	7.35917177374026e-07	0.278100254927089	-4.95163717252993	-1.37705155998702	306.231751134831
"ENSG00000266709"	5.05210850956389e-06	7.40618032196989e-07	0.446674947170046	4.95039816381632	2.21121883829334	50.5955481038024
"LRG_301"	5.08665799757043e-06	7.4643353043844e-07	0.545098852773837	4.94887580933182	2.69762652618697	98.0319365237669
"ENSG00000170298"	5.11014656559474e-06	7.50383092202888e-07	0.266742306392549	-4.9478484125781	-1.3198004972518	27.6289952948021
"ENSG00000242498"	5.13380887272617e-06	7.543628051374e-07	0.362023727631822	-4.94681842840786	-1.79086564737001	1336.91959556292
"ENSG00000275140"	5.1414673474265e-06	7.55741068187248e-07	0.267048001320138	4.94646294199412	1.32094304226366	120.162542829549
"ENSG00000122786"	5.14403781356642e-06	7.56503248884155e-07	0.863367651039039	4.9462666257779	4.27044659811066	77.2340828645339
"ENSG00000258738"	5.14403781356642e-06	7.56625003077706e-07	0.219976351365595	4.94623528298808	1.08805479054749	51.5399500324336
"ENSG00000281103"	5.16365130982479e-06	7.60017941705813e-07	0.269538724407429	4.94536379831564	1.33296704992868	500.311070505189
"ENSG00000168394"	5.16705043394312e-06	7.60772429594242e-07	0.26792619197516	4.94517051566845	1.32494070493089	18716.9629985287
"ENSG00000249661"	5.22194940086626e-06	7.70653689620168e-07	0.428765451857429	4.94265606597623	2.11924016150416	18.0888397896682
"ENSG00000205085"	5.26453217089434e-06	7.77456000443959e-07	0.326015445759001	4.94094309059315	1.61082376414958	62.8064835486344
"ENSG00000132589"	5.28212827593161e-06	7.80574249355497e-07	0.209484930990242	4.94016266574498	1.03488963511416	3007.41064051186
"ENSG00000175592"	5.3612297913545e-06	7.93318536619162e-07	0.366733867397724	4.93700397760083	1.8105665620635	218.015293224562
"ENSG00000260898"	5.37544317389778e-06	7.95686172287408e-07	0.238725715134742	4.93642254416048	1.17845100206197	122.539631002311
"ENSG00000078401"	5.41629609712838e-06	8.01999766448073e-07	0.619818270362788	4.93488018865555	3.05872890298007	150.91254711033
"ENSG00000174233"	5.42560806320328e-06	8.03645507590765e-07	0.38116855812277	4.9344800701636	1.8808686534298	31.721242434591
"ENSG00000107738"	5.43312783786741e-06	8.05026615882361e-07	0.358526549133169	-4.93414489874502	-1.76902194347008	3237.85001521334
"ENSG00000127419"	5.43705497579789e-06	8.06192737771943e-07	0.208622963328825	-4.93386233181222	-1.02931698031913	354.578216060506
"ENSG00000142684"	5.57341578108753e-06	8.28006476725912e-07	0.205442213883844	-4.92864788581362	-1.01255233311548	90.0630737773003
"ENSG00000172530"	5.64626035592267e-06	8.39125822884609e-07	0.223503609578366	4.92604057002275	1.10098784832956	648.764471046947
"ENSG00000156113"	5.64626035592267e-06	8.39384041499326e-07	0.754541099057087	-4.92598041788065	-3.71685467844136	452.837427562502
"ENSG00000244165"	5.66735605758121e-06	8.43077760631916e-07	0.368271105446962	-4.92512190958944	-1.81378009010556	541.239104429602
"ENSG00000272589"	5.66841453153225e-06	8.435140671923e-07	0.241167093607596	4.92502074086314	1.18775293803109	51.8448610420377
"ENSG00000120896"	5.73700351278526e-06	8.55131869526729e-07	0.240195603538385	-4.92234523212786	-1.18232568385524	2890.7867623687
"ENSG00000065534"	5.79186519264858e-06	8.63594224661445e-07	0.533553639118353	4.92041834833163	2.62530711573706	44.645212961972
"ENSG00000198298"	5.8948802073802e-06	8.81274151428002e-07	0.2943925470599	-4.91645061739559	-1.44736641974931	29.9342303867966
"ENSG00000171766"	5.96057984739483e-06	8.91975791803182e-07	0.463402415418822	-4.9140860294406	-2.27719933561866	174.951993302599
"ENSG00000170917"	5.99767317551197e-06	8.98116742732116e-07	0.326621194519228	-4.91274145715063	-1.60460548309867	53.1958305857183
"ENSG00000139405"	6.04991346243905e-06	9.07260188477192e-07	0.21957193341891	-4.91075579667299	-1.07826414482361	232.852880597719
"ENSG00000275302"	6.04991346243905e-06	9.07427496407746e-07	0.657697454225761	4.91071964261201	3.22976780736236	11574.6672432577
"ENSG00000081026"	6.15294687730671e-06	9.24394911614261e-07	0.311400045095764	4.90708603358271	1.52806681214645	24.2155787722982
"ENSG00000188807"	6.18161900503616e-06	9.29310688675251e-07	0.272529562642907	-4.90604530302797	-1.3370423807405	104.010744986039
"ENSG00000287188"	6.21237531981239e-06	9.34545637937144e-07	0.449439606412015	4.90494281138149	2.20447556662074	9.40701202143689
"ENSG00000076770"	6.21701372611473e-06	9.35855076835453e-07	0.291107884221921	-4.90466797039873	-1.4277875156738	240.945141207629
"ENSG00000273679"	6.25021222433558e-06	9.41774893897082e-07	0.204278866075083	4.90343004957683	1.00166713040604	35.8172972347056
"ENSG00000184083"	6.32765684052986e-06	9.54377994542727e-07	0.221232563578526	-4.9008193183925	-1.08422082144314	135.61196382785
"ENSG00000277892"	6.38721860312314e-06	9.64618315209958e-07	0.407523906958941	4.89872236262538	1.99634647632422	9.78261302506169
"ENSG00000224785"	6.39508238583161e-06	9.66120523754864e-07	0.278428102206938	-4.89841655270358	-1.36385682458831	17.7375660383144
"ENSG00000196562"	6.39811411218412e-06	9.67208021779899e-07	0.379409484666978	-4.89819545238206	-1.85842181238641	2279.2569158847
"ENSG00000021762"	6.45373299696334e-06	9.76568412960411e-07	0.24985767640294	-4.89630221641361	-1.22337869475967	283.931978526092
"ENSG00000175322"	6.47156402651938e-06	9.79903289729765e-07	0.225085686853537	-4.89563192126132	-1.1019366735792	35.1727477394156
"ENSG00000205436"	6.50921415826339e-06	9.86564778709637e-07	0.569269774163548	4.89429954117523	2.78617679449358	30.0866159786252
"ENSG00000165060"	6.56080346124338e-06	9.95452839225533e-07	0.328628739585486	-4.89253524196451	-1.60782768994437	101.25093952048
"ENSG00000249978"	6.60874965181692e-06	1.00392655080729e-06	0.20519549634831	4.89086725530569	1.00358393402615	84.1266414170783
"ENSG00000130193"	6.61568547801331e-06	1.00563105701796e-06	0.259925394905025	-4.89053337378325	-1.27117381847682	144.359455795261
"ENSG00000135632"	6.62119614024775e-06	1.00716559419441e-06	0.223048657837097	-4.89023325171612	-1.09075996330562	279.864932812527
"ENSG00000198369"	6.62119614024775e-06	1.00744587080806e-06	0.263347730628188	4.89017848325362	1.28781740593164	527.066915550546
"ENSG00000050730"	6.87513357294109e-06	1.05014215584327e-06	0.613750676519809	4.88200195367679	2.99633200184015	3854.43341309826
"ENSG00000183317"	7.00119462051852e-06	1.07217849704318e-06	0.730874552317467	4.87790626910077	3.56513756067559	9.21113145409267
"ENSG00000166741"	7.00119462051852e-06	1.07318587355056e-06	0.897481369255803	4.87772097980724	4.37766370380516	5.49979985502966
"ENSG00000171611"	7.03410601915494e-06	1.07892279455554e-06	0.493342299322944	-4.87666895386676	-2.40586707473745	71.166746555778
"ENSG00000251380"	7.03508199903839e-06	1.0801107299783e-06	0.482918639833859	-4.87645178539721	-2.35492946341941	494.525260167389
"ENSG00000273855"	7.05325964377126e-06	1.08324855410537e-06	0.430347003443318	-4.87587925807034	-2.098320027862	23.1711895667435
"ENSG00000270696"	7.14281380644441e-06	1.09911066443123e-06	0.211123348144349	-4.87300926481622	-1.02880603152643	39.9916980584749
"ENSG00000184979"	7.20109418498507e-06	1.10843288591196e-06	0.456779869470363	4.87134109915415	2.22513055141724	1616.74722098305
"ENSG00000259585"	7.24678541271441e-06	1.1168919076168e-06	0.253514569781336	4.86983904139995	1.23457514948486	18.7295677236555
"ENSG00000285895"	7.2797428909039e-06	1.12268762116213e-06	0.336521394555092	4.86881621050568	1.63846082099181	10.4269792381382
"ENSG00000188501"	7.28672492392099e-06	1.12412285327707e-06	1.00572159588391	4.86856370487351	4.89641965892785	13.4754289043748
"ENSG00000184178"	7.31213378405441e-06	1.12888993984721e-06	0.277852752306151	-4.86772723466471	-1.3525114096272	160.768002585428
"ENSG00000124391"	7.31213378405441e-06	1.12912179988916e-06	0.43847225256752	4.86768663742313	2.13434552470373	6.14565256273073
"ENSG00000222179"	7.35160807919107e-06	1.13666392133498e-06	0.452784457381529	4.86637041478669	2.20341688767672	14.6526527923653
"ENSG00000154930"	7.35835375324161e-06	1.13806888037149e-06	0.253178071698259	-4.86612615549048	-1.23199643668754	601.925735801598
"ENSG00000239672"	7.43864247329371e-06	1.15279959098217e-06	0.279057119045281	-4.86358247281181	-1.35721731310199	369.100247858898
"ENSG00000063761"	7.44991019609912e-06	1.15516120317318e-06	0.225816536614479	-4.86317758375884	-1.09818591890559	255.517181994468
"ENSG00000163050"	7.48853585025827e-06	1.16151876898191e-06	0.207646888122862	-4.86209154955548	-1.00959818003366	807.404643971512
"ENSG00000162882"	7.50659729115964e-06	1.1650587590323e-06	0.296750396765816	-4.8614893055254	-1.44264888028743	507.346006474212
"ENSG00000171791"	7.56571494444881e-06	1.17572282120788e-06	0.283389344598228	4.85968565538255	1.37718313283227	581.811332834507
"ENSG00000278594"	7.59055922184345e-06	1.17995706124682e-06	0.337869034005895	-4.85897386581132	-1.64169680630156	15.7224564422133
"ENSG00000184988"	7.7127135858816e-06	1.20236075136063e-06	0.227792776307182	4.85524815707065	1.10599045735945	2118.22538500103
"ENSG00000183077"	7.75844818049146e-06	1.20987213361658e-06	0.257428360500309	-4.85401396047939	-1.24956085569182	183.404054190771
"ENSG00000250575"	7.76839015516518e-06	1.21218681484573e-06	0.278438184611256	4.85363512036533	1.35143735167996	244.463488852806
"ENSG00000269460"	7.78418592551858e-06	1.21541746003522e-06	0.857012805301178	4.8531075278243	4.15917529684897	7.51853027244748
"ENSG00000180539"	7.83889067455751e-06	1.22473026280965e-06	0.380822125918348	-4.85159418174151	-1.84759441038389	316.260007503352
"ENSG00000178685"	7.8561776603968e-06	1.22781761250889e-06	0.240999972583211	4.85109492481437	1.16911374387882	2798.95705432569
"ENSG00000069869"	7.88517747377805e-06	1.23273780065263e-06	0.333169534790881	4.85030176916603	1.61597278402843	101.10830319561
"ENSG00000130511"	7.99144285044549e-06	1.25053028862983e-06	0.251910111950273	-4.84745874189815	-1.22112387434589	343.433913126288
"ENSG00000228784"	8.00888628089401e-06	1.25444184958513e-06	0.313306049266647	4.84683894107403	1.51854396005965	59.1267614747194
"ENSG00000198931"	8.08330061602428e-06	1.26689274708055e-06	0.228605284329915	-4.84487835602517	-1.10756479412299	762.348785696485
"ENSG00000183208"	8.21183844836488e-06	1.28744240136456e-06	0.208148617700477	-4.84168268066412	-1.00778955732458	82.4938512622859
"ENSG00000179399"	8.21757638232586e-06	1.28874623705504e-06	0.680482023252707	4.84148158007028	3.29454118114694	6.05870605917711
"ENSG00000155254"	8.23316598730631e-06	1.29159613998031e-06	0.357838072041388	-4.84104269816176	-1.73230938578024	556.229841843967
"ENSG00000237781"	8.280942441605e-06	1.29990590963998e-06	0.296630717961834	4.83976830021918	1.43562394566294	46.2114057278982
"ENSG00000268849"	8.33770240154831e-06	1.30922599693734e-06	0.275897905856465	-4.83834824835151	-1.33489014952448	82.9699188690738
"ENSG00000254454"	8.35190531989758e-06	1.31186706446443e-06	0.277607068657468	-4.83794761093497	-1.34304845459006	27.2050839847104
"ENSG00000136514"	8.35765232575884e-06	1.31318090950776e-06	0.334338488759458	4.8377485957441	1.61744555449927	355.000514607501
"ENSG00000178921"	8.36301668205651e-06	1.31443517803869e-06	0.303059419827498	-4.83755878353519	-1.46606775831959	254.509529283216
"ENSG00000167077"	8.43106687772119e-06	1.3276192973035e-06	0.326275964672026	4.83557406417297	1.57773159253107	599.138277730839
"ENSG00000236438"	8.57152648315814e-06	1.35311041344227e-06	0.256807113255612	4.83178985061122	1.24083800339323	158.076009696097
"ENSG00000166923"	8.58320876172728e-06	1.35579906207725e-06	0.803581304630535	4.83139471989592	3.88241847219904	154.27024621021
"LRG_1365"	8.58320876172728e-06	1.35579906207725e-06	0.803581304630535	4.83139471989592	3.88241847219904	154.27024621021
"ENSG00000183943"	8.611549177667e-06	1.36154658879485e-06	0.216367157799049	-4.83055256983461	-1.04517293013401	1873.92946065396
"ENSG00000288520"	8.611549177667e-06	1.3611484937962e-06	0.53390932476734	4.83061078996288	2.57910814508291	78.2360725424958
"ENSG00000082512"	8.61641884412494e-06	1.36316425633145e-06	0.26242830982683	4.83031615940179	1.26761170564104	753.401768562769
"ENSG00000181019"	8.61641884412494e-06	1.36284881391348e-06	0.290986228075469	4.83036223784976	1.40556888783008	1138.96255758902
"ENSG00000278869"	8.62294057170559e-06	1.36517660953186e-06	0.340317565859819	4.8300224448097	1.64374148146593	30.2804870642275
"ENSG00000122862"	8.62319500559908e-06	1.36593309317341e-06	0.306193547730651	4.829912139318	1.47888793316512	19368.3961354299
"ENSG00000158486"	8.62954210019951e-06	1.36736300200426e-06	0.685768919666589	4.82970379976143	3.31206075707201	23.3509270145082
"ENSG00000074181"	8.7089663491367e-06	1.38123315179146e-06	0.366855190553945	-4.82769370494807	-1.7710644940648	539.376016872941
"ENSG00000183347"	8.71827319870504e-06	1.38440446075203e-06	0.624003989340642	4.8272368386522	3.01221504481108	51.0888855828354
"ENSG00000197536"	8.71827319870504e-06	1.38442472871998e-06	0.273277816553887	4.82723392203862	1.31917594620957	505.79804031684
"ENSG00000106012"	8.77333186878378e-06	1.39425858020762e-06	0.21523588741416	-4.82582362603042	-1.03869043065288	431.960437442659
"ENSG00000142046"	8.77333186878378e-06	1.39489416567833e-06	0.288426975878281	-4.82573280462012	-1.3918715192332	282.774427610254
"ENSG00000147889"	8.77333186878378e-06	1.39463049278445e-06	0.336907376126109	4.82577047708826	1.62583766922265	37.293629288385
"ENSG00000251194"	8.94507105926776e-06	1.42571970838388e-06	0.330127192930059	4.82137510973909	1.59166703104102	54.0554112533026
"ENSG00000137941"	8.95968415754602e-06	1.42848958847927e-06	0.490594167684859	4.82098798934751	2.36514859005265	16.8608754075145
"ENSG00000264707"	8.96498310031084e-06	1.42977544329042e-06	0.421974170159089	-4.82080852263215	-2.03425667583357	16.7082083014644
"ENSG00000196083"	8.97297390491609e-06	1.43193267156374e-06	0.240793700192608	4.82050778666245	1.16074790675773	211.413504057834
"ENSG00000283822"	9.05399521677064e-06	1.44664386383663e-06	0.228987282748994	-4.818468462586	-1.10336800025929	73.2143828827984
"ENSG00000262406"	9.08234536645861e-06	1.45251400956105e-06	1.1736902393613	4.81766028075407	5.6544408480797	65.4930353706971
"ENSG00000144668"	9.14933465570068e-06	1.46457767461875e-06	0.550835073570322	4.81600920871265	2.65282678679658	34.2640850916727
"ENSG00000135472"	9.15246329162686e-06	1.46597896878872e-06	0.820711828624225	-4.81581827146405	-3.95239901989522	14.3635630007125
"ENSG00000267058"	9.15246329162686e-06	1.4655996121427e-06	0.260596253767957	-4.81586994443346	-1.25499766615306	19.0666299306495
"ENSG00000145936"	9.18621728553069e-06	1.47183735236981e-06	0.278710522295796	4.81502191687113	1.34199727331686	143.133560875299
"ENSG00000165949"	9.26941604102733e-06	1.48744761539901e-06	0.637690388877072	4.81291473636368	3.06914946986394	1713.96115024171
"ENSG00000161929"	9.30995067026837e-06	1.49532609889936e-06	0.467265500650997	-4.81185930493486	-2.24841584718254	3866.04977682633
"ENSG00000159374"	9.3216050248173e-06	1.49765653340483e-06	0.460126903342675	-4.81154813565776	-2.21392274394442	74.7460045471824
"ENSG00000121690"	9.33560761609596e-06	1.50036550972971e-06	0.335393368768758	-4.81118700647948	-1.61364021787963	17.8176270909471
"ENSG00000258512"	9.42921455070487e-06	1.51726489548188e-06	0.534958372534869	4.80894823180183	2.57258711968915	7.3360733563098
"ENSG00000258441"	9.46766289765586e-06	1.52484889447684e-06	0.253769695140606	4.80795131193311	1.22011233868014	222.30092209409
"ENSG00000112137"	9.47185598771121e-06	1.52645613025098e-06	0.336003409868827	4.80774065238385	1.61541725296595	373.108503667981
"ENSG00000252561"	9.47185598771121e-06	1.52622142528723e-06	0.540194957253718	4.80777140173993	2.59713386684855	41.2761164853622
"ENSG00000164929"	9.49360984634904e-06	1.53042893872913e-06	0.514459316575764	4.80722085209073	2.47311955419536	683.055980479744
"ENSG00000255299"	9.51396383825218e-06	1.53511419664832e-06	0.26777695529317	4.80660949975331	1.28709925712717	35.1875187672647
"ENSG00000268729"	9.51923930649389e-06	1.53690197776038e-06	0.244054081360696	4.80637669521258	1.17301584902356	30.8034407919014
"ENSG00000116649"	9.58534027092044e-06	1.54946025827649e-06	0.240787682358537	-4.80474865832589	-1.15692429375358	348.051503460767
"ENSG00000120875"	9.64050428956084e-06	1.56012912907241e-06	0.559005870251166	4.80337549714474	2.68511509992452	536.105278242334
"ENSG00000101194"	9.70623035452341e-06	1.57138941837547e-06	0.312278673180718	-4.80193597349387	-1.49954219450143	704.439056005269
"ENSG00000277258"	9.75531871014097e-06	1.58173605217555e-06	0.467350610383505	4.80062196771879	2.24357360683384	126.888548302709
"ENSG00000132003"	9.81351739913075e-06	1.59213795662796e-06	0.338803352724685	4.7993092454691	1.62602206312751	1241.66639782995
"ENSG00000115165"	9.84548366454154e-06	1.59943194152589e-06	0.231130818052524	4.79839365155739	1.1090566500225	3740.37031153802
"ENSG00000127946"	9.93636846924034e-06	1.61646844390879e-06	0.328756982040185	4.79627064605499	1.57680746264496	2697.53698449796
"ENSG00000197993"	1.00654516089578e-05	1.63944855751964e-06	0.390913940301008	-4.79344079701187	-1.87382282955951	106.328050916897
"ENSG00000233966"	1.0070509309222e-05	1.64076775049898e-06	0.224727082065818	4.7932795065271	1.07717971702772	127.648865615205
"ENSG00000264452"	1.01785563480554e-05	1.65937306854859e-06	0.245783605905769	4.79101791629967	1.17755365942728	87.5469814890776
"ENSG00000115896"	1.0220804922526e-05	1.668774672268e-06	0.257312309170717	-4.78988434745423	-1.23249620210412	421.833807290319
"ENSG00000248971"	1.0244443042497e-05	1.67313808053375e-06	0.268089083690271	4.78936032719091	1.28397522157915	71.1409400368665
"LRG_488"	1.04467470650498e-05	1.70874822861524e-06	1.02176707582428	-4.78513220264517	-4.88929053812934	28.9677699810924
"ENSG00000261559"	1.04684008919038e-05	1.71280506525345e-06	0.812322413952129	4.78465590406141	3.88668323391748	212.68257387253
"ENSG00000233980"	1.05294909579605e-05	1.72590829751694e-06	0.301015033127201	4.78312487328292	1.4397924921828	16.683625394786
"ENSG00000175505"	1.05423328736268e-05	1.72853185103297e-06	0.324478610461977	4.78281967014911	1.5519226806602	229.743504000872
"ENSG00000133657"	1.05442129338431e-05	1.72935881156204e-06	0.348238288055114	4.78272356048112	1.6655274649428	16298.455038002
"ENSG00000168016"	1.05669702603083e-05	1.73413089277786e-06	0.239995321625254	4.78216980874136	1.14769838131546	2237.92494953355
"ENSG00000167536"	1.07213861975899e-05	1.75999929857131e-06	0.252326356461995	4.77919329376626	1.20591643064364	104.854368190148
"ENSG00000212743"	1.08018889607389e-05	1.77427721565856e-06	0.37237093168424	4.77756838090566	1.77902758918301	13.6841144955386
"ENSG00000165125"	1.08097915023181e-05	1.77663879423676e-06	0.538642888220507	-4.77730083076257	-2.57325911738018	31.0277159226771
"ENSG00000128165"	1.08457326388268e-05	1.78361295806759e-06	0.454126630185773	4.77651269759857	2.16914161539999	131.037204313546
"ENSG00000163659"	1.08541727361885e-05	1.78606886081023e-06	0.294913720096776	4.77623586691858	1.40857748757261	1609.18858564638
"ENSG00000161133"	1.08658060905475e-05	1.78851766917414e-06	0.454867099319019	4.77596019988397	2.1724271625843	190.502916081632
"ENSG00000125246"	1.09559198612638e-05	1.80496731677354e-06	0.316087015507548	-4.77411777893336	-1.50903664042457	126.873840443349
"ENSG00000116990"	1.115856352892e-05	1.8443906659372e-06	0.378542841183919	-4.76976706858297	-1.80556117792689	425.160478429209
"ENSG00000225177"	1.12187448608516e-05	1.85488987983678e-06	0.315664711959713	-4.76862345652699	-1.50528614984892	55.2313229281051
"ENSG00000166689"	1.12804428671603e-05	1.86786553969213e-06	0.365444449125993	4.76721866360027	1.74215359838256	174.829384832249
"ENSG00000187815"	1.16573344924875e-05	1.93830138649191e-06	0.224897631897789	-4.75975287490175	-1.07045714998409	86.5299360257857
"ENSG00000066294"	1.1666102663296e-05	1.94033319089944e-06	0.251975207851913	-4.75954140540775	-1.19928643490741	9918.80633068378
"ENSG00000258810"	1.1722207024924e-05	1.95024125139182e-06	0.530631668466797	-4.75851321648076	-2.52501780748249	16.0383551233785
"LRG_1076"	1.17512946992919e-05	1.95623677992935e-06	0.276020809468511	-4.75789347698635	-1.31327760888272	180.331923987609
"ENSG00000266728"	1.18093108878468e-05	1.96647566683203e-06	0.226790090983277	-4.75683932121118	-1.07880402245031	2437.5966180869
"ENSG00000172348"	1.18686145015706e-05	1.97810241692843e-06	0.79028061443187	4.75564865090506	3.75829693785934	44.3122997543818
"ENSG00000172602"	1.19408965735997e-05	1.99078226476631e-06	0.395863225181829	4.75435777495304	1.88207540246122	34.3787656409228
"ENSG00000228236"	1.19408965735997e-05	1.99132425150055e-06	0.302332418591971	4.75430277400089	1.43737985638221	67.6598117689846
"ENSG00000152380"	1.194322911079e-05	1.99340861400042e-06	0.241445445542208	4.754091386272	1.14785371290682	83.6543182630903
"ENSG00000114446"	1.20517654946864e-05	2.01574196585664e-06	0.242549793293245	4.75183965804801	1.15255772682219	177.720735087689
"ENSG00000145824"	1.20801972334866e-05	2.02168590064549e-06	0.233104827569497	-4.75124440718487	-1.10753800827737	39.013162690254
"ENSG00000128394"	1.25645762607105e-05	2.10893025391303e-06	0.252342002535466	4.74269561333291	1.19678130848459	393.924461753547
"ENSG00000177788"	1.2752253038848e-05	2.14544989142366e-06	0.308668766922906	-4.7392176219954	-1.46284845956063	25.2127909499981
"ENSG00000116260"	1.28154196532223e-05	2.15796839201987e-06	0.211194270835868	4.73803848235055	1.00064658247231	10897.9363552237
"ENSG00000253549"	1.28802361905083e-05	2.17014998782423e-06	0.429130939016201	-4.73689736596412	-2.03274921467955	7.53300240383078
"ENSG00000163815"	1.29529023729152e-05	2.18494206201919e-06	0.234062400044725	-4.73551995331938	-1.10840716573362	45.13215749998
"ENSG00000124098"	1.30585167120334e-05	2.20468463969396e-06	0.223698741656942	-4.73369544513309	-1.05892171446347	882.907418192308
"ENSG00000168961"	1.31012704314733e-05	2.21319178776462e-06	0.244047568399882	-4.73291409036052	-1.15505617519802	9446.68331107085
"ENSG00000264522"	1.31321597838976e-05	2.21970193907282e-06	0.326102995892208	4.73231809909881	1.54322310963104	123.76698877001
"ENSG00000272374"	1.31645776751673e-05	2.22582907662092e-06	0.241262685972182	4.73175870334336	1.14159681414087	18.7641766954822
"ENSG00000116830"	1.31973596897654e-05	2.23267020725616e-06	0.258328294522065	-4.7311358659697	-1.22218625940813	439.053088025176
"ENSG00000128928"	1.32145733931793e-05	2.23623241206892e-06	0.249494864022766	-4.73081227719495	-1.18031336581598	747.851024815775
"ENSG00000073150"	1.32301790570738e-05	2.23952411134351e-06	0.388339827179518	4.7305137007252	1.83704687300996	134.65214962231
"ENSG00000238247"	1.33846275021703e-05	2.26830193550654e-06	0.249195309343594	4.72792118502132	1.17817578225352	70.4540830158392
"ENSG00000283733"	1.34120351576189e-05	2.27426629222316e-06	0.377363170796057	4.72738782557081	1.78394205944008	40.2513650721264
"ENSG00000279822"	1.34295800707018e-05	2.27790201120523e-06	0.311594091673606	-4.72706336183606	-1.47292501451489	14.665231956701
"ENSG00000266692"	1.34450090737424e-05	2.28184185873727e-06	0.279036202601398	4.72671231757557	1.31892385588554	59.4693607087322
"ENSG00000204099"	1.35021219526181e-05	2.29352750405305e-06	0.667226190772296	4.72567452787445	3.15309381406334	22.1209929202978
"ENSG00000168350"	1.37012923565077e-05	2.32938146320791e-06	0.716143463646707	-4.72252176987952	-3.3820030974285	24.2712124238674
"ENSG00000117226"	1.37272045145633e-05	2.33513740709169e-06	0.433891854920994	4.72201997572339	2.04884600624061	1842.77573150196
"ENSG00000163568"	1.37320505614047e-05	2.33663729298991e-06	0.521178594821611	4.72188941307657	2.46094768921029	299.584171131267
"ENSG00000154265"	1.38238545308602e-05	2.35361868020992e-06	0.231995887714347	4.72041679758196	1.09511728533674	313.013134210638
"ENSG00000137462"	1.39265081428698e-05	2.37315152532964e-06	0.371801718635737	4.71873548434318	1.75443396286623	5047.39483996478
"ENSG00000153246"	1.39609184524679e-05	2.38038879162995e-06	0.865960183285876	4.71811589941033	4.08570050901738	5.67444557454188
"ENSG00000164048"	1.40116678597144e-05	2.39110959294319e-06	0.246059181527928	-4.71720140366862	-1.1607107164891	712.48456778583
"ENSG00000175544"	1.40471601320607e-05	2.39854844639821e-06	0.466138930183938	-4.7165691720194	-2.19857650798367	21.3507513322825
"ENSG00000197083"	1.40960183946379e-05	2.40758440900152e-06	0.531236442385184	4.71580372857481	2.50520679575486	11.7592683589114
"ENSG00000145431"	1.41214330786894e-05	2.41261988795201e-06	0.277421687779309	-4.71537836510778	-1.30814822456624	555.312268764847
"ENSG00000137193"	1.41389892528726e-05	2.41631486936636e-06	0.260151602062054	4.71506677970532	1.22663217656991	6115.45665282003
"ENSG00000178789"	1.41478299020135e-05	2.41852168976273e-06	0.595771949771961	-4.71488090404583	-2.80899378914597	575.733472720018
"ENSG00000112378"	1.43298316306249e-05	2.45104410565145e-06	0.482268975703063	4.71216033210353	2.27252873671217	37.9293704997406
"ENSG00000069493"	1.4370310946326e-05	2.45938172876172e-06	0.261183530617287	4.7114684529805	1.23055796494141	1704.42288726809
"ENSG00000256269"	1.44084775642701e-05	2.46874888608583e-06	0.27524909858722	-4.71069382107704	-1.29661422797184	190.325976942744
"ENSG00000156398"	1.44213122495305e-05	2.47236684325136e-06	0.411354567236545	-4.71039538350628	-1.93764265449524	92.4477003834659
"ENSG00000077348"	1.45019504699762e-05	2.48690472935542e-06	0.371181577377058	-4.70920039604547	-1.74796843118882	147.968603267249
"ENSG00000184508"	1.45604654352578e-05	2.49908814952846e-06	0.279864553157276	-4.7082040948257	-1.31765943517165	168.905118537682
"ENSG00000227932"	1.45805386974043e-05	2.50325069135877e-06	0.966435060927885	4.70786477062773	4.54984557644186	25.3669472242684
"ENSG00000144647"	1.47786136696528e-05	2.53943809268483e-06	0.223340146506677	-4.70493744292361	-1.05080141780731	159.565737762719
"ENSG00000174804"	1.48481959442596e-05	2.55431627396083e-06	0.401344303761686	4.70374549406277	1.88782146038679	11.4308523415643
"ENSG00000112195"	1.50906772624568e-05	2.59899946359019e-06	0.551782477750114	4.70020539864383	2.59349098079816	92.0868931340626
"ENSG00000182621"	1.51851914763577e-05	2.61677123876825e-06	0.431586691609811	-4.69881361595953	-2.02794542300311	75.516575189897
"ENSG00000255833"	1.52062007435022e-05	2.6211396795175e-06	0.476561617864002	-4.69847289415279	-2.23911184392761	987.296138436854
"ENSG00000249898"	1.52286367677612e-05	2.62650533784783e-06	0.328024298591291	-4.69805513821537	-1.54107624145631	7.03741736261017
"ENSG00000111144"	1.52327283954826e-05	2.62796037401405e-06	0.379855969053578	-4.69794199413171	-1.7845413087384	8283.76179371883
"ENSG00000163803"	1.53742169777806e-05	2.65690792222272e-06	0.291090692260198	-4.69570343210697	-1.36687556270061	113.727146836424
"ENSG00000144476"	1.56247655934098e-05	2.70481848303861e-06	0.378537541794348	4.69204935757584	1.77611682979451	11.6452356585868
"ENSG00000135931"	1.57288204592435e-05	2.72747403181982e-06	0.588733230110492	4.69034302920614	2.76136080191076	583.52505544137
"ENSG00000166426"	1.58271267511484e-05	2.746856708877e-06	0.908376491011352	4.68889396277432	4.25928104462926	8.32980500625091
"ENSG00000157456"	1.58810409582752e-05	2.75855743918093e-06	0.392711021255495	-4.68802394785621	-1.84103867223283	54.0965971125562
"ENSG00000184599"	1.59165888544961e-05	2.76710834117954e-06	0.832089985067	-4.68739037707895	-3.90033058886683	8.77372720709518
"ENSG00000182853"	1.59165888544961e-05	2.76786410865031e-06	0.579715933116999	-4.68733446962105	-2.71732247588784	123.178252051276
"ENSG00000273314"	1.59286440763646e-05	2.77074406995401e-06	0.219605008137459	4.68712156034858	1.02931536840161	52.973237518477
"LRG_475"	1.6153851188874e-05	2.81389153186751e-06	0.423726195395745	-4.68395693502533	-1.9847152514758	619.671472972864
"ENSG00000164761"	1.62077292829584e-05	2.82487135229838e-06	0.889557411680402	4.68315905969515	4.16593885163004	5.91141371359892
"ENSG00000131042"	1.62491036810667e-05	2.8344806008e-06	0.273515552535856	4.68246321830024	1.28072651438221	11628.1247285055
"ENSG00000120129"	1.63428048970062e-05	2.85243367643536e-06	0.409499398822079	4.68116921296583	1.91693597849393	5146.98832971321
"ENSG00000004846"	1.64496033204555e-05	2.87350164260811e-06	0.586393603986035	4.67966062451329	2.74412305903989	91.5454738023332
"ENSG00000176170"	1.64642352294729e-05	2.87686754895159e-06	0.27302389785867	4.67942058982638	1.27759364915452	2255.54877017409
"ENSG00000142156"	1.65582037421619e-05	2.89573073117796e-06	0.425373043572627	-4.67808035583854	-1.98992927904036	624.257169557152
"ENSG00000240207"	1.68783410994321e-05	2.95918967327706e-06	0.330008829551867	-4.67363227446778	-1.54233991665294	49.8685714113283
"ENSG00000183019"	1.68900909114581e-05	2.96208058339966e-06	0.448578813347585	4.67343182577365	2.09640250266638	985.894777495614
"ENSG00000197471"	1.70746511021665e-05	2.99864740430611e-06	0.230670751944536	-4.67091244583305	-1.0774428861474	4169.73367982324
"ENSG00000171094"	1.71401631921656e-05	3.01183898673827e-06	1.01779608620362	-4.67001080144932	-4.75311871624375	29.9438836041628
"ENSG00000168765"	1.718143482213e-05	3.01993637443282e-06	0.255501509747437	-4.66945921981643	-1.19305388036719	448.12861828542
"ENSG00000173706"	1.72157527344842e-05	3.02850904065896e-06	0.33975303641925	4.66887680697598	1.5862650718375	2277.74746747792
"ENSG00000233297"	1.723525409115e-05	3.03278747953776e-06	0.284441323002605	-4.66858672825006	-1.32793898553585	110.798282605976
"ENSG00000074410"	1.73691460454967e-05	3.05891100171578e-06	0.803111821467194	4.66682402075518	3.74798153977554	780.328709476447
"ENSG00000230069"	1.73945101257294e-05	3.06508929901431e-06	0.261549351846423	4.66640924665165	1.22049631391189	82.7540609998285
"ENSG00000123453"	1.74593191102782e-05	3.0782270607653e-06	0.466415902717646	-4.66552991500276	-2.17607734696219	52.9042534750373
"ENSG00000259583"	1.7703877044891e-05	3.12831200045497e-06	0.50801204063923	-4.66221034940744	-2.36845899349181	36.6846650499006
"ENSG00000228717"	1.77444497191498e-05	3.13635418343689e-06	0.345436141552208	4.66168207933862	1.6103134706298	9.20573197265276
"ENSG00000132530"	1.77831014953325e-05	3.1440607425337e-06	0.302616646856106	4.66117707324399	1.41054977630766	5391.95220036148
"ENSG00000179361"	1.78302371248496e-05	3.15590285198785e-06	0.299056522325935	4.66040337642225	1.39372402638888	482.966786786749
"ENSG00000136231"	1.78329519280326e-05	3.15726062519625e-06	0.358001292021982	4.66031484517209	1.66839873580083	60.5095980008307
"ENSG00000137285"	1.8026494715976e-05	3.19596059407603e-06	0.25242391353918	4.65780671421418	1.17574179931101	110.263869016877
"ENSG00000259671"	1.8026494715976e-05	3.19581416280302e-06	0.606860970486844	4.65781614935076	2.82664682874429	5.87427934521984
"ENSG00000162174"	1.8099790954087e-05	3.20984584757398e-06	0.39203043729035	-4.65691391179027	-1.82565199726265	517.759328515588
"ENSG00000115318"	1.81251144770501e-05	3.21701166042881e-06	0.309866067588258	-4.65645460813797	-1.44287727832694	530.094848698474
"ENSG00000136059"	1.82345608621016e-05	3.23823124322053e-06	0.282180589208973	4.65510023949937	1.31357892840876	274.974201519065
"ENSG00000269439"	1.83789122815744e-05	3.26838685054563e-06	0.220333769864712	4.653190088789	1.02525491415999	75.5352495028904
"ENSG00000142185"	1.83789122815744e-05	3.26806692866591e-06	0.258528821568208	4.65321026478492	1.20298896626393	3642.92465128223
"ENSG00000106683"	1.84094825280746e-05	3.27654013117739e-06	0.219224808684741	-4.65267653722958	-1.01998212374614	4109.96789282987
"ENSG00000196405"	1.84145374000676e-05	3.27834567349689e-06	0.313842554450716	-4.65256297711215	-1.46017224947971	4970.93486054972
"ENSG00000151692"	1.85381333116483e-05	3.30490924446151e-06	0.40603021164145	4.65089915052308	1.88840556640992	151.870090594305
"ENSG00000233452"	1.85550112819356e-05	3.30883096699216e-06	0.416812267442465	4.65065459808223	1.93844988811838	43.1687770915324
"ENSG00000205413"	1.8648056343773e-05	3.32725798695714e-06	0.272505121103666	4.64950922705245	1.26701507499054	2117.26869650689
"ENSG00000283566"	1.86543896901609e-05	3.32930567669734e-06	0.34021169121013	4.64938232427367	1.58177422362363	7.55794953255261
"ENSG00000156206"	1.87769970802476e-05	3.35488259521149e-06	0.526982128445585	4.64780350539502	2.44930938386992	15.7208116538459
"ENSG00000137267"	1.94213312064465e-05	3.47573804255473e-06	0.256248742741699	4.64049605949613	1.18912128094369	269.626153895559
"ENSG00000196284"	1.94279723104579e-05	3.47788229229419e-06	0.235039621793853	4.64036862124634	1.0906704857218	60.5841234611638
"ENSG00000158488"	1.95001573612649e-05	3.49176371482704e-06	0.701100645615473	-4.63954543083735	-3.25278829692239	61.0978792345377
"ENSG00000261371"	1.95651636663964e-05	3.50629138315043e-06	0.426212823599442	-4.6386872707248	-1.97706799945041	6117.78287351067
"ENSG00000125731"	1.97125759141872e-05	3.53464872133079e-06	0.531655180173378	4.63702195958054	2.46529674538871	29.5137111179157
"ENSG00000248405"	1.99275263239347e-05	3.57613223286668e-06	0.510754253690562	4.63460873506687	2.36714612562684	31.8655775572248
"ENSG00000212293"	2.01882005588862e-05	3.62787763880418e-06	0.338626024554454	4.63163588803792	1.56839244795002	16.0088191120146
"LRG_1311"	2.01914849800922e-05	3.62946114311575e-06	0.237167156194047	-4.63154555595548	-1.09845048828914	403.840230969257
"ENSG00000274816"	2.02638286532436e-05	3.64545559744745e-06	0.40697898684721	4.63063525378977	1.88457124404633	14.9816584213959
"ENSG00000101220"	2.03318840366853e-05	3.6586989278923e-06	0.404698894610727	-4.62988442117941	-1.87370910742673	251.969031869093
"ENSG00000196636"	2.04065945522561e-05	3.67415073107326e-06	0.245347108276143	-4.62901166543727	-1.13571462629157	49.3671762147648
"ENSG00000126262"	2.06762866734337e-05	3.72372518257776e-06	0.462809728699662	4.62623514352302	2.14106663167473	629.25507963682
"ENSG00000236857"	2.06977406091452e-05	3.72860714830233e-06	0.32806648327419	4.62596363819889	1.51762362253819	7.41086517859155
"ENSG00000166816"	2.09537901702766e-05	3.78091806102787e-06	0.361077856453271	-4.62307562260211	-1.66929023603054	113.31533198488
"ENSG00000114554"	2.09601046788281e-05	3.78308855109309e-06	0.299615672805782	-4.622956622057	-1.38511025866956	3694.93142950607
"ENSG00000070882"	2.12761081609176e-05	3.84326392989421e-06	0.221705512301319	-4.61968320680154	-1.02420923203373	774.034501910733
"ENSG00000255491"	2.13138192437756e-05	3.85112446292738e-06	0.509825502446778	4.61925924322771	2.35501616461049	17.0845201519919
"ENSG00000131459"	2.15164341470066e-05	3.88885757634269e-06	0.675809785786198	4.61723555864052	3.12037297380926	61.0756985087236
"ENSG00000224106"	2.1613559196601e-05	3.90847321953488e-06	0.56953173239747	-4.61619096503862	-2.629067237396	33.4740674738851
"ENSG00000091136"	2.16193718185205e-05	3.9114052580038e-06	0.736338866302251	4.61603525678553	3.39896616779268	118.012584955975
"ENSG00000177294"	2.16193718185205e-05	3.91165139455522e-06	0.500411943021933	4.61602219059717	2.30991263342909	20.0389134820601
"ENSG00000134222"	2.18166657186972e-05	3.95271447471279e-06	0.397618210210038	-4.61385330939563	-1.83455209505355	40.0234097167925
"ENSG00000106853"	2.18721555072542e-05	3.96491996478905e-06	0.310052429871985	4.61321279909397	1.43033783787562	1574.6675834121
"ENSG00000138182"	2.19033448948881e-05	3.97272887777708e-06	0.2451616766414	-4.61280399953885	-1.1308827625451	100.390642874103
"ENSG00000152684"	2.19920957214018e-05	3.99531727170095e-06	0.232236711135115	4.61162580994587	1.07098881108764	546.17236044639
"ENSG00000130592"	2.2123429592987e-05	4.02026509821399e-06	0.369527531936844	-4.61033195097377	-1.70364458725291	13338.0659552374
"ENSG00000254154"	2.21415492465287e-05	4.02464701229454e-06	0.468705195362346	-4.61010548833399	-2.1607803935506	79.7922098302157
"ENSG00000260101"	2.2221715277856e-05	4.04140502667422e-06	0.28949083433061	-4.60924158824614	-1.33433319301272	38.0321276756415
"ENSG00000075618"	2.22831442856725e-05	4.05367313894219e-06	0.554609908608734	4.60861132305261	2.55598150469139	2614.27004623616
"ENSG00000008311"	2.23701105204152e-05	4.071694653952e-06	0.344702938453161	4.60768878820891	1.5882838647733	47.7124669937053
"ENSG00000279307"	2.24013662932018e-05	4.07848566760821e-06	0.262382513025869	-4.60734216593987	-1.20888601586935	32.2209789779392
"ENSG00000267467"	2.24223140891352e-05	4.08340253630355e-06	0.606517988005677	-4.60709154753398	-2.79428389596827	19.3327433728663
"ENSG00000188004"	2.24848474175518e-05	4.09721508668866e-06	0.293313903404676	-4.60638905036176	-1.35111795296217	16.4586280950126
"ENSG00000287623"	2.24848474175518e-05	4.09810899655791e-06	0.633290812039926	4.60634366492597	2.91715512009594	12.13002541852
"ENSG00000106868"	2.27493234220908e-05	4.14855086214534e-06	0.226258978928904	4.60379788955901	1.04165060968667	1555.64140646094
"ENSG00000205018"	2.28095582120433e-05	4.16065731258642e-06	0.400103568904156	-4.60319129816566	-1.84175326674464	5.30432614241722
"ENSG00000122121"	2.33035640391725e-05	4.25420730762343e-06	0.531152431435315	-4.59856022943469	-2.44253644696597	65.6970830993415
"ENSG00000090104"	2.33920938305649e-05	4.27267042467962e-06	0.549932692765907	4.59765777909166	2.52840232287199	397.965687969433
"ENSG00000130208"	2.3656470307102e-05	4.33259735110886e-06	0.729218286192783	-4.594754170419	-3.35057876163008	5132.1265126936
"ENSG00000219470"	2.38277334446678e-05	4.36748006763244e-06	0.247813291457524	-4.59308168483688	-1.1382266902527	19.8849264570168
"ENSG00000181467"	2.39515981264044e-05	4.39371848747354e-06	0.260601816420312	-4.59183207131777	-1.19663977848246	2576.68163187675
"ENSG00000153132"	2.42284981478928e-05	4.452856605693e-06	0.811997136232186	4.58904161487368	3.72628864932775	135.210508235902
"ENSG00000158062"	2.45259678636117e-05	4.51005903498586e-06	0.323578030536087	-4.58637607279024	-1.4840505369313	1096.1387236821
"ENSG00000180316"	2.45259678636117e-05	4.51162073187467e-06	0.518074378235924	4.58630375530432	2.37604646643037	189.137660497137
"ENSG00000122863"	2.45259678636117e-05	4.51235339482034e-06	1.02906779972704	4.58626983615107	4.71958260924247	48.8840302492921
"ENSG00000229018"	2.46227010730888e-05	4.53499571121825e-06	0.352272318951278	4.58522418660148	1.61524755712559	22.9212723512691
"ENSG00000155158"	2.47952061198554e-05	4.57164662225591e-06	0.498804003111644	4.58354215684347	2.2862891762645	1118.84074790927
"ENSG00000262001"	2.51388788842534e-05	4.6449050122617e-06	0.456040798002022	4.58021845906868	2.08876648109727	97.340890260288
"ENSG00000182134"	2.51476211650637e-05	4.64899450700066e-06	0.254255262335378	4.58003440371714	1.16449784882216	276.727367158027
"ENSG00000175147"	2.51926978670086e-05	4.65856706425055e-06	0.361134475620845	-4.57960417856797	-1.65385295357817	113.918040636815
"ENSG00000023445"	2.51928401124196e-05	4.65983268509926e-06	0.315853090734077	4.5795473604089	1.44646418794823	5406.35923888679
"ENSG00000163702"	2.52314091196604e-05	4.6682078757892e-06	0.234608502844533	-4.57917174087631	-1.07431262639498	416.464044646468
"ENSG00000237732"	2.56907692405588e-05	4.76077960100281e-06	0.319231707930957	4.57506244802557	1.46050499917399	49.2868606571579
"ENSG00000026297"	2.57975348127706e-05	4.78310255358778e-06	0.271207997233583	-4.57408298111915	-1.24052788448954	1501.60046205265
"ENSG00000143891"	2.60283290931822e-05	4.83101562714366e-06	0.396453643990315	-4.57199539322031	-1.81258423394912	1591.62352093878
"ENSG00000119950"	2.60769612037813e-05	4.84132485158749e-06	0.311966455317846	-4.57154881031777	-1.42616987766735	532.729070883267
"ENSG00000224934"	2.64902305712992e-05	4.92456618107731e-06	0.246263613277696	-4.56797590813415	-1.12492625250258	26.2643190421107
"ENSG00000113302"	2.67075314872224e-05	4.96890417575143e-06	1.20416072667637	4.56609636378061	5.49831391548441	390.514538190801
"LRG_71"	2.67075314872224e-05	4.96890417575143e-06	1.20416072667637	4.56609636378061	5.49831391548441	390.514538190801
"ENSG00000276568"	2.69325347012533e-05	5.01341555044974e-06	0.712144282457709	4.56422555663703	3.25038713400641	5.79198821245257
"ENSG00000163082"	2.69483824111766e-05	5.01769123506018e-06	0.346536024353963	4.56404668837797	1.58160659435637	2384.8797754013
"ENSG00000286075"	2.72778796167559e-05	5.0871015657279e-06	0.262917810085613	-4.5611632264191	-1.19921104693314	29.4381877923927
"ENSG00000162975"	2.7928340837723e-05	5.21526868457283e-06	1.05460969058266	-4.55593651768047	-4.80473480122524	7.18275896837022
"ENSG00000254614"	2.80058944724613e-05	5.23526165856715e-06	0.266901547408496	4.55513230533939	1.21577186094551	24.0707717406552
"ENSG00000121691"	2.82491751105911e-05	5.28629782175761e-06	0.304745607793859	-4.55309264751527	-1.38753498620879	2825.12074096608
"ENSG00000154277"	2.82689614348485e-05	5.29139109895703e-06	0.489554337956754	-4.55289013072286	-2.22888711373587	148.333534637274
"ENSG00000243014"	2.84623507720716e-05	5.33179022727512e-06	0.225189978917444	-4.5512903769273	-1.02490498402742	23.3938516932967
"ENSG00000276753"	2.85588311073834e-05	5.35126857969418e-06	0.314282465485797	4.55052320141199	1.43014965099008	46.2988710610444
"ENSG00000235770"	2.85876650343922e-05	5.35807771453337e-06	0.568211164688543	-4.5502556469772	-2.58550606079953	62.9167749494912
"ENSG00000276470"	2.89256512259742e-05	5.42996286296327e-06	0.271847617193716	4.54745072233865	1.23621364317361	51.0408317694064
"ENSG00000171658"	2.89581842014091e-05	5.43749454431221e-06	0.298061891594663	4.54715890010427	1.35533478314658	426.735100184809
"ENSG00000108384"	2.90977703204913e-05	5.47057791595497e-06	0.22540087576263	-4.54588161925449	-1.0246456980932	144.028449281095
"ENSG00000128581"	2.917574320796e-05	5.48839246493698e-06	0.255056624020804	4.54519689600391	1.15928257580459	43.7236915344406
"ENSG00000177675"	2.95183246068663e-05	5.55574133932854e-06	0.426005098314924	4.54262734734532	1.9351824097139	167.316940074161
"ENSG00000017483"	2.96919297129956e-05	5.58987677152863e-06	0.596102217257173	4.54133635019944	2.70710066766448	181.233831296918
"ENSG00000108798"	2.97746296172792e-05	5.6083754823181e-06	0.408921036987603	-4.54063988122086	-1.8567631688161	631.228713193132
"ENSG00000100823"	2.97746296172792e-05	5.60735602003455e-06	0.280901631590515	-4.54067820626833	-1.27548391666827	1344.44067714963
"ENSG00000105855"	3.05583886602638e-05	5.76652788768063e-06	0.664012170886188	4.53477370313069	3.01114493109341	5479.61179297955
"ENSG00000269720"	3.05931791976503e-05	5.77459802151634e-06	0.386378146736051	4.53447851200306	1.75202340388219	16.3202578861514
"ENSG00000237372"	3.06581940505974e-05	5.78837803847859e-06	0.372675587799365	4.53397537507711	1.68970193797471	89.5446112588011
"ENSG00000143344"	3.06972154215111e-05	5.79725550979837e-06	0.24095452871137	4.53365184707387	1.09240394415312	11114.0776807973
"ENSG00000251230"	3.08469503760973e-05	5.82705083845993e-06	0.631817756099208	4.53256945059741	2.86375785964028	2012.27608593388
"ENSG00000226742"	3.09489431351983e-05	5.84936243238056e-06	0.26404622371424	-4.53176238419747	-1.19659474431758	283.659867082386
"ENSG00000271344"	3.11299319224545e-05	5.88663214826423e-06	0.471819236291509	4.53042079361245	2.1375396789214	7.41182841530456
"ENSG00000224126"	3.11883026442559e-05	5.89920423392187e-06	0.229074741953744	4.52997007186997	1.0377017252718	71.8780550478319
"ENSG00000198417"	3.11944436625777e-05	5.90221915850311e-06	0.482251148136197	4.52986212050528	2.18453120851234	80.9725361023838
"ENSG00000167414"	3.12982525208242e-05	5.92923900323171e-06	0.824080735194784	4.52889700622762	3.73217677451352	8.61058731164691
"ENSG00000007384"	3.13898585564891e-05	5.94968147472218e-06	0.404760042967629	4.52816962021687	1.83282213004369	75.4858386474631
"ENSG00000112379"	3.1736910015423e-05	6.02795206461768e-06	0.803977865983811	4.52540652461841	3.63832668037192	13.8028047136664
"ENSG00000263676"	3.20231050509368e-05	6.09108206269253e-06	0.404160774779019	4.5232028212294	1.82810115671072	21.3753055900823
"ENSG00000163590"	3.22695517243707e-05	6.14023150678207e-06	0.272910927192481	-4.52150222288971	-1.23396736395169	590.513273249878
"ENSG00000009950"	3.2338510805e-05	6.15494383631174e-06	0.556334107564287	-4.52099570084864	-2.5151841085336	55.0017723877689
"ENSG00000125726"	3.24946137707572e-05	6.18785172700714e-06	0.540239440125611	4.51986691584365	2.44181037205765	129.478500346654
"ENSG00000234494"	3.27756458584895e-05	6.2478171832766e-06	0.571921420066683	-4.51782471140578	-2.58384072455955	7.1142697223221
"ENSG00000140859"	3.30721720336518e-05	6.3108498287355e-06	0.301338750039779	4.51569817007964	1.36075484212871	1673.08968406597
"ENSG00000287265"	3.31842790854548e-05	6.33713948296612e-06	0.341365970541052	4.51481723231	1.54120496632297	28.9975247869241
"ENSG00000151413"	3.32617784931647e-05	6.3535756537268e-06	0.297196954894162	-4.5142682488306	-1.34162677712786	78.2710461739717
"ENSG00000224908"	3.38197048225108e-05	6.47512254866253e-06	0.27012031590039	-4.51025014759558	-1.2183101946583	14.6003107815875
"ENSG00000224025"	3.38797397029508e-05	6.4882834840411e-06	0.376473624985065	4.50981941141998	1.69782806184529	14.838453844447
"ENSG00000110799"	3.39369843477299e-05	6.50091583284437e-06	0.489272869955561	-4.50940676053597	-2.20633038752444	136.669425867825
"ENSG00000010327"	3.41361020042183e-05	6.54409629626322e-06	0.450782121487363	-4.50800198864919	-2.03212670011253	7724.34257129161
"ENSG00000279133"	3.42296306034968e-05	6.56371015802983e-06	0.240321108548301	4.50736682565139	1.08321539217438	13.7021558222148
"ENSG00000237181"	3.42836402368249e-05	6.57575330988687e-06	0.244586873041891	4.50697772692621	1.10234758909833	574.705612115355
"ENSG00000280087"	3.45177093272864e-05	6.62744094374257e-06	0.702264502169616	-4.50531547091923	-3.16392312630216	2417.08545868247
"ENSG00000211459"	3.46492521536839e-05	6.65440183038086e-06	0.278754592733379	4.50445333374917	1.25563705453576	43980.5030317378
"ENSG00000187840"	3.47403714877804e-05	6.67361032368076e-06	0.33755747346484	-4.50384113348128	-1.52030523390496	641.105531890324
"ENSG00000270392"	3.47716408088034e-05	6.68491299599247e-06	0.384086282859485	4.50348168954704	1.72972554206388	17.5974693511482
"ENSG00000160870"	3.47716408088034e-05	6.68645926414859e-06	0.757397773946725	4.50343256084153	3.41088979670057	11.6724278962893
"ENSG00000178585"	3.48502863498978e-05	6.7067257084219e-06	0.325153152535961	-4.50278964934008	-1.46409624968922	268.451867571537
"ENSG00000270055"	3.50575769651977e-05	6.75006671791537e-06	0.226303520594014	4.5014209585397	1.01868741059321	124.129341334544
"ENSG00000136689"	3.5100358170802e-05	6.7600306099316e-06	0.467981533915748	4.50110749170409	2.10643518828735	26522.8282090878
"ENSG00000130304"	3.51418148365297e-05	6.77147229017547e-06	0.324109280840554	-4.50074807793616	-1.45873422278439	914.881664247927
"ENSG00000137460"	3.52672554038505e-05	6.79911323926063e-06	0.349827926426061	4.49988219305566	1.57418445675822	67.1571135061969
"ENSG00000275342"	3.5309979912987e-05	6.80908703556223e-06	0.356924165775539	-4.49957057880278	-1.60600547518734	589.693573629087
"ENSG00000109667"	3.57559679584911e-05	6.90212604629669e-06	0.317102683106589	-4.49668458627883	-1.42591074739306	318.86971530564
"ENSG00000254415"	3.6052514739639e-05	6.97001096648864e-06	0.355576114955492	4.49460223830538	1.59817320216688	2887.59976446656
"LRG_188"	3.64174353306358e-05	7.05470932164809e-06	0.468464876686666	4.49203117588615	2.10435883088417	26346.5737525274
"ENSG00000244405"	3.65605274751384e-05	7.08800859796932e-06	0.329546017174026	4.49102843648486	1.48000053425888	242.18791320794
"ENSG00000259394"	3.67189315875706e-05	7.12312989980438e-06	0.262829095609512	-4.48997570083139	-1.1800962527582	19.6879316322715
"ENSG00000240219"	3.68699053349962e-05	7.15705659444585e-06	0.283511756430296	4.48896347598482	1.27267391962791	47.8902532285655
"ENSG00000227288"	3.68737097652827e-05	7.15960903402059e-06	0.302012822292171	4.48888750802248	1.35570158524994	49.0647856287696
"ENSG00000163958"	3.68949269783787e-05	7.16554366935455e-06	0.551211983770706	4.48871097623667	2.47423128178476	47.0578240169076
"ENSG00000042832"	3.71986970534051e-05	7.23153902626715e-06	0.425275012804358	4.48675724526221	1.90810574492893	56.2130754453191
"ENSG00000288681"	3.74888211159186e-05	7.29564031555362e-06	0.509333202162956	4.48487584280778	2.28429617432057	1493.06616921557
"ENSG00000198734"	3.76984550488981e-05	7.34014586203948e-06	0.554184857964364	4.4835788598751	2.48473151363191	45.1028878570963
"LRG_553"	3.76984550488981e-05	7.34014586203948e-06	0.554184857964364	4.4835788598751	2.48473151363191	45.1028878570963
"ENSG00000167378"	3.78053492021861e-05	7.36281864873351e-06	0.227077795309722	4.48292101699696	1.01797182108729	898.780700803969
"ENSG00000175701"	3.8671242399456e-05	7.54874352860306e-06	0.244800467793766	-4.47759840299807	-1.09611818364655	100.403968304033
"ENSG00000170873"	3.8671242399456e-05	7.54948722298582e-06	0.437062637888681	4.47757736547619	1.95698177470568	891.926274271813
"LRG_314"	3.90638327846789e-05	7.63289766926134e-06	0.223823046870154	-4.47523034715263	-1.00165969174548	134.088551713009
"ENSG00000167711"	3.9079316775579e-05	7.63976804733132e-06	0.28091455920632	-4.47503812180115	-1.25710336141725	119.681249179581
"ENSG00000284964"	3.92107707391749e-05	7.67511101786584e-06	0.348250488533566	4.47405187040965	1.55809074959467	18.4767944951486
"ENSG00000153162"	3.94227800918685e-05	7.72242770197858e-06	0.714266928622904	4.47273826692698	3.19472902445206	118.842019319322
"ENSG00000010219"	3.96929384289461e-05	7.78901669584149e-06	0.301928453540768	-4.47090260262313	-1.34989270874139	413.983564415602
"ENSG00000151651"	3.97470617978478e-05	7.80159270825524e-06	0.414666291360273	4.4705576037916	1.85378954187673	2080.34340706747
"ENSG00000250519"	3.99704940253124e-05	7.84938076294014e-06	0.36440672417372	4.4692514609268	1.62862528438495	24.8762909500313
"ENSG00000164125"	4.01806042576373e-05	7.89261869346448e-06	0.259385105605362	-4.46807621657341	-1.1589524212887	1988.87416174614
"ENSG00000113448"	4.02404789222144e-05	7.90635934746774e-06	0.385591210757124	4.46770402231869	1.72270740327034	174.336665399382
"ENSG00000184206"	4.05313075113205e-05	7.96948229647521e-06	0.28319451119819	4.46600211246088	1.26474728524844	27.3082028416721
"ENSG00000126368"	4.06457283974993e-05	7.99597933203462e-06	0.321242897754961	4.46529154113764	1.43444319399577	137.739116345348
"ENSG00000213923"	4.06977365481757e-05	8.01021467577975e-06	0.288296713990194	4.46491072073407	1.28721908904722	1014.03549062427
"ENSG00000152784"	4.07034955520743e-05	8.01335051158015e-06	0.541965134272325	4.46482691858955	2.41978052043608	90.8373979317346
"ENSG00000105697"	4.07976033155891e-05	8.0378985280861e-06	0.410569485372589	-4.46417197804867	-1.83285279164217	392.286871180864
"LRG_885"	4.09072510125783e-05	8.06151355550909e-06	0.281606131703327	-4.46354373161419	-1.2569612839485	119.184768750219
"ENSG00000106341"	4.09335753559234e-05	8.07072855305691e-06	0.757382925798329	4.46329905592387	3.38042649768854	9.08358491435371
"ENSG00000134321"	4.1310637164822e-05	8.15320131371831e-06	0.583279124121019	4.4611210615833	2.60207878539814	21073.5917236862
"ENSG00000270164"	4.13397433893841e-05	8.16097944813059e-06	0.282163207091581	4.46091673954402	1.25870657379826	80.6120447169824
"ENSG00000184293"	4.14775667096507e-05	8.19022790104968e-06	0.426119609371942	-4.46015008105729	-1.90055741028037	85.5646624988016
"ENSG00000187952"	4.18623022254546e-05	8.27397502121433e-06	0.260919267540285	4.45796929478521	1.16317008311244	23.1383235775153
"ENSG00000224307"	4.18623022254546e-05	8.27649511236236e-06	0.580138380640217	-4.45790399878941	-2.58620120690723	115.412930350413
"ENSG00000176894"	4.18676032842435e-05	8.27960277462903e-06	0.28771999005286	-4.45782350488625	-1.28260493448328	27.4564949566801
"ENSG00000256001"	4.25161371483035e-05	8.41850515837405e-06	1.17515559806475	4.45425486404386	5.23444253868829	76.6214194740629
"ENSG00000182957"	4.26184572301621e-05	8.44695809623785e-06	0.29710351567493	4.45353080873671	1.32315966044229	1531.93435806131
"ENSG00000147443"	4.27110157600887e-05	8.46950533888812e-06	0.430282014101903	-4.45295869203098	-1.91602803471966	1151.74791324647
"ENSG00000267127"	4.30095007773679e-05	8.53715740046632e-06	0.261376534675272	-4.45125077483482	-1.16345250249695	55.4744203632334
"ENSG00000186767"	4.37791862060499e-05	8.70501134616558e-06	0.243983366560131	-4.44706843059628	-1.08501072702016	42.3508806604434
"ENSG00000093072"	4.3789093462081e-05	8.70913542243179e-06	0.410351557398766	-4.4469666458129	-1.82481968880969	16632.4464345501
"ENSG00000177045"	4.38943789428235e-05	8.73573582743275e-06	0.605189776134218	4.44631123573443	2.69086210137717	19.1512242680461
"LRG_1217"	4.39606029127667e-05	8.75598728338309e-06	0.411258526901632	-4.44581353550933	-1.82837872549291	16499.0290145512
"ENSG00000186815"	4.40548635070801e-05	8.78149876675957e-06	0.426259087917102	-4.44518812811395	-1.89480183710978	2797.1228758383
"ENSG00000261546"	4.40548635070801e-05	8.78136652016723e-06	0.483455873597801	-4.44519136562565	-2.14905387497795	8.38589545353619
"ENSG00000112139"	4.43134093672635e-05	8.83957472374329e-06	0.644681937703439	4.44377086167642	2.86481880981563	185.86195513896
"ENSG00000275437"	4.43287062646793e-05	8.84480679897379e-06	0.292791176944649	4.44364361709547	1.30105964457196	14.2657729383942
"ENSG00000174306"	4.43842958636404e-05	8.85808187321866e-06	0.254114031600152	-4.44332108848009	-1.12911023548765	244.768960951142
"ENSG00000288582"	4.47260122059732e-05	8.93728165981224e-06	0.433409074095379	4.4414064106396	1.92494584011659	10.9103018573007
"ENSG00000258995"	4.48621782501566e-05	8.96890458523399e-06	0.289430552711622	-4.44064644301696	-1.2852587543993	16.3062048988648
"ENSG00000169116"	4.49566679623893e-05	8.99001809475637e-06	0.618571572143968	-4.4401404636046	-2.74654466711194	417.307750950137
"ENSG00000100342"	4.49566679623893e-05	8.99442978173146e-06	0.26157172809204	4.44003488217636	1.16138759691981	3295.84770435039
"ENSG00000185885"	4.49721056615729e-05	8.99973070795349e-06	0.564290251255217	4.43990808471612	2.50539684867453	2434.05584621033
"ENSG00000102003"	4.51742765766638e-05	9.04463329727576e-06	0.238429282542225	-4.43883687416244	-1.05834869122852	72.2126876748676
"ENSG00000092445"	4.52389068521052e-05	9.06095702300017e-06	0.462084502829249	4.43844870916993	2.05093836510991	18.8463517482216
"ENSG00000121270"	4.53722348649607e-05	9.09765984403678e-06	0.777514151370891	4.43757838024512	3.4502799884581	4.82034323610814
"ENSG00000251235"	4.5798146537333e-05	9.18756599661767e-06	0.274774976507422	-4.4354605414265	-1.21875356607006	11.6411094068511
"ENSG00000254554"	4.61490282337205e-05	9.26476703176965e-06	0.348068378518006	4.43365772794097	1.54321605626824	25.9300280353641
"ENSG00000115267"	4.62955048591463e-05	9.29872817492593e-06	0.296227245803323	4.43286920217078	1.31313663476542	4430.39446022149
"ENSG00000100024"	4.67627122166763e-05	9.39947078499308e-06	0.748463602069667	4.43054619621417	3.31610256515452	197.967971234202
"ENSG00000160539"	4.713129995595e-05	9.48283238979906e-06	0.385576676392546	-4.42864189046742	-1.70758102105923	18.9105316567146
"ENSG00000270049"	4.74395801249124e-05	9.55185957552471e-06	0.272026599734939	-4.4270771042948	-1.20428273144572	42.8979709755103
"ENSG00000277156"	4.74395801249124e-05	9.55101546375983e-06	0.474603573045351	-4.42709617424406	-2.10111566251164	6.90987027892165
"ENSG00000111961"	4.75331718493349e-05	9.57538069278956e-06	0.297612332252207	4.42654636785381	1.31739478835951	1341.71531883046
"ENSG00000187554"	4.8412173824418e-05	9.764360127908e-06	0.442195767815403	-4.42232683328251	-1.95553420957402	420.012139590703
"ENSG00000275180"	4.84668282558474e-05	9.7777677428783e-06	0.280204039439762	4.42203043894841	1.23907079151893	24.4987955797443
"ENSG00000237988"	4.8944436591056e-05	9.87893660631162e-06	0.924191452509717	4.41980639345918	4.08474729058278	3.81893270620971
"ENSG00000130396"	4.89980584330147e-05	9.89217000241501e-06	0.390461522111031	4.4195170875604	1.72565136900454	338.609167892905
"ENSG00000156042"	4.90032679123962e-05	9.89563236818114e-06	0.325814749950877	4.41944145501488	1.43991921258821	50.6261172083273
"LRG_1235"	4.92101841011081e-05	9.93983746158745e-06	0.296734694321009	4.4184780460367	1.31111573235479	4395.11688342973
"ENSG00000134594"	4.98969984464759e-05	1.00883836882633e-05	0.369669253208843	4.41527033418019	1.63218968715155	304.731095913203
"LRG_169"	4.9959313090371e-05	1.01058980434674e-05	0.26149833074997	4.41489510592561	1.15448770063576	3265.26308944554
"ENSG00000108106"	5.02469379129176e-05	1.01690231490428e-05	0.234422991856975	4.41354784501804	1.03463709053303	295.034871187507
"ENSG00000120708"	5.11968759508896e-05	1.0383939371582e-05	0.489487529407617	-4.40902008909527	-2.15816035051979	10874.2692405369
"ENSG00000168758"	5.13138417102914e-05	1.04101870923476e-05	0.505999226918331	4.40847325873949	2.23068406081232	188.991514661764
"ENSG00000109084"	5.14486565818567e-05	1.04451301511867e-05	0.371922673917036	4.40774731416803	1.63934116703601	130.424681197678
"ENSG00000073060"	5.17776973010517e-05	1.0517026375248e-05	0.399435578096917	-4.40626093137203	-1.76001738236845	2115.63332568614
"ENSG00000166347"	5.17806555125631e-05	1.05201745015194e-05	0.263418220556835	4.40619606895863	1.1606723279096	1124.92071880848
"ENSG00000150048"	5.23138885485158e-05	1.06388043712891e-05	0.376438588308218	-4.40376528951684	-1.65774718882645	33.8326091726602
"ENSG00000112799"	5.23382330542266e-05	1.06463298740273e-05	0.423587015162525	-4.40361196289467	-1.86531284729654	782.904159328556
"ENSG00000092068"	5.28768306970399e-05	1.07688940911917e-05	0.499462372523814	-4.40112926779007	-2.19819846587442	1897.89175704482
"ENSG00000140022"	5.30803705228206e-05	1.08155693971627e-05	0.771590077308175	4.40019088758361	3.39514362712137	131.739462336779
"ENSG00000073737"	5.32721401276814e-05	1.08572646865891e-05	0.582034692624572	-4.39935589182965	-2.56057775424717	519.892839620812
"ENSG00000151490"	5.332313654723e-05	1.08711164000545e-05	0.28295557548	-4.39907917287016	-1.24474397894156	992.196651024506
"ENSG00000111110"	5.42554990428912e-05	1.10817016935303e-05	0.251349058797096	-4.3949132156706	-1.10465730025373	332.554271844653
"ENSG00000085733"	5.43301676145431e-05	1.10996254478157e-05	0.409830831473471	4.39456213273467	1.80102705282048	954.529633340874
"ENSG00000271133"	5.43823574129875e-05	1.11157868835067e-05	0.512797228562612	4.39424603308505	2.25335718738826	25.1260586594069
"ENSG00000222042"	5.4673810334584e-05	1.11886585493836e-05	0.969708239747166	4.39282617220899	4.25975973496806	5.2398493693875
"ENSG00000184489"	5.50122147980641e-05	1.12660296243773e-05	0.539492696732703	4.39132827351811	2.36908953251885	18.8534342390075
"ENSG00000165185"	5.51203548625196e-05	1.12908873301619e-05	0.24925087287265	4.39084911395776	1.09442297430607	179.370233147078
"ENSG00000137942"	5.55686793464145e-05	1.13881895984437e-05	0.286913470216729	4.38898314167271	1.25925838390004	60.7271039618489
"ENSG00000206535"	5.58267043411725e-05	1.14465615748724e-05	0.446236758062187	-4.38787102855695	-1.95802934257825	9.56036660922338
"ENSG00000079616"	5.60604223632234e-05	1.14999980939906e-05	0.234494467384596	-4.38685768288834	-1.02869385584092	280.081825710808
"ENSG00000259020"	5.63464483423151e-05	1.15669878459504e-05	0.265742795061408	-4.3855936503578	-1.16543991464964	17.9318708038261
"ENSG00000273167"	5.64778136562232e-05	1.15995116103272e-05	0.303278768299621	4.38498247585408	1.32987208429245	422.301236624569
"ENSG00000177432"	5.66575564233147e-05	1.16392146607518e-05	0.320443356816644	4.38423860423196	1.40490013542521	17.3577395864383
"ENSG00000287216"	5.67193046867299e-05	1.16574800758145e-05	0.730827795509393	4.38389719868704	3.20387392545625	18.2299475070735
"ENSG00000287763"	5.67193046867299e-05	1.16550610735378e-05	0.731188930481201	4.38394238379727	3.20549014289994	13.7653577933665
"ENSG00000237638"	5.67455163651884e-05	1.16712418301285e-05	0.328458714995884	-4.38364030981495	-1.43984486316597	77.7896787701047
"ENSG00000278195"	5.68514313801132e-05	1.17031994129142e-05	0.603514887135951	4.38304487529062	2.64523283322283	41.9421270245271
"ENSG00000173535"	5.85186345272823e-05	1.20675972027926e-05	0.269933883480513	-4.37636301526498	-1.18132866423096	197.738205057949
"ENSG00000151208"	5.89390471430043e-05	1.2161985153346e-05	0.299808360575085	4.37466365730026	1.3115607391626	43.3272166865093
"ENSG00000106070"	5.89882557784853e-05	1.21760488610057e-05	0.351416145511981	4.37441153276195	1.53723883972636	303.833566795183
"ENSG00000282301"	5.94303007227487e-05	1.2273140615609e-05	0.746539003908974	4.37267848261232	3.26437503882361	10.0398392750966
"ENSG00000106571"	6.12580691663836e-05	1.26958011313447e-05	0.579029046157236	4.36528346667083	2.52762592191236	15.8391502078511
"ENSG00000278864"	6.140429794921e-05	1.27291278806558e-05	0.241910564733278	4.36471040387258	1.05586955869803	24.7885287037746
"ENSG00000178385"	6.18519146829237e-05	1.282800434392e-05	0.282902588658941	4.36301858108153	1.23430925095502	3614.03671573063
"ENSG00000130598"	6.19536109354612e-05	1.28551914072105e-05	0.371122177344343	-4.36255557846277	-1.61904112506481	81.2632426358466
"ENSG00000135426"	6.19755486265847e-05	1.28658409683288e-05	0.486998070385511	4.3623744683379	2.12446794837958	174.217174529297
"ENSG00000164066"	6.19755486265847e-05	1.28635351547136e-05	0.349333546295646	-4.36241366966778	-1.52393743763365	26.2985913506212
"ENSG00000240787"	6.23546462881743e-05	1.2950674765283e-05	0.304179760435192	4.36093684213616	1.32650872391398	14.599435850442
"ENSG00000175262"	6.24387653609918e-05	1.29712173415716e-05	0.62666620508781	-4.36059007115329	-2.73263443183322	33.7827554807805
"ENSG00000108448"	6.25838718463985e-05	1.30105983088784e-05	0.325757846301856	4.35992675939472	1.42028035117425	221.050265448101
"ENSG00000231087"	6.25913953515038e-05	1.30152414477965e-05	0.302907238216409	4.35984867914348	1.32062972244081	15.810893174105
"ENSG00000283900"	6.25923698042616e-05	1.30216023171105e-05	0.280608402470481	4.35974175621421	1.22338016939512	506.096116798589
"ENSG00000231574"	6.26984441426879e-05	1.30529228459197e-05	0.742923145248554	4.35921599998348	3.23856246152554	145.390265084162
"ENSG00000116005"	6.32981129991241e-05	1.31902207135129e-05	0.251927719515403	-4.35692538639066	-1.09763027669216	758.297162371439
"ENSG00000162738"	6.39942496124616e-05	1.33534496712795e-05	0.557708855252503	-4.35423156399	-2.42839350105718	6.94986268381051
"ENSG00000178718"	6.43868050945968e-05	1.3445591677812e-05	0.31526536037975	-4.35272475212832	-1.37226333761359	195.714726437044
"ENSG00000210082"	6.43977936916284e-05	1.34510543100479e-05	0.238918949875086	4.35263573048911	1.03992715791724	214202.197054495
"ENSG00000102221"	6.53423777006533e-05	1.36676401998808e-05	0.431764431152925	4.34913364862004	1.87780121580448	60.376873567664
"ENSG00000166444"	6.56943617904664e-05	1.3750959731328e-05	0.558204421680011	-4.34780049749883	-2.4269614622864	117.645349854298
"ENSG00000064393"	6.59313530021194e-05	1.38038094439699e-05	0.26273736799546	4.34695886549555	1.14210853110483	4023.78062303811
"ENSG00000149573"	6.687984338369e-05	1.40320017725028e-05	0.621084163135695	-4.34335983374595	-2.69759200753929	15.7014464111898
"ENSG00000189144"	6.70398070032767e-05	1.40721594098279e-05	0.239079284641789	-4.34273225265622	-1.03825732035587	39.0944022147241
"ENSG00000185015"	6.71950995931876e-05	1.41179786679705e-05	0.264926407078214	4.34201827501531	1.15031530106775	38.0394012576675
"ENSG00000259374"	6.82032003105927e-05	1.43566260394051e-05	0.388785569556367	4.3383349194025	1.68668201256618	9.66489972107129
"ENSG00000147454"	6.82629788813414e-05	1.43725673756465e-05	0.522257597318613	4.33809096110806	2.26560096229789	6127.25030879888
"ENSG00000007866"	6.87400021755917e-05	1.44797662984988e-05	0.608122183831872	4.33645711297505	2.63709576963564	22.9523651138204
"ENSG00000151693"	6.88653551170063e-05	1.45168383131941e-05	0.434213042374472	4.33589477159437	1.88270206018956	341.477486289673
"ENSG00000129682"	6.91015011373002e-05	1.45729110279224e-05	0.691257474946217	4.33504680745228	2.99663350989313	6.30999488062518
"LRG_46"	6.94373462254316e-05	1.46539854047177e-05	0.363961582896497	-4.33382623906311	-1.57734625796778	413.798810403908
"ENSG00000180549"	7.02244266082179e-05	1.48339082967182e-05	0.377076694578057	-4.33114035590708	-1.63317208915907	95.8842960097083
"ENSG00000165511"	7.11731909894626e-05	1.50448249548269e-05	0.251841132824201	-4.32803107045809	-1.0899762476825	28.7210260815253
"ENSG00000278231"	7.19545383213886e-05	1.52206077716436e-05	0.238393320396551	4.32547131141961	1.03116346820934	26.0355837539443
"ENSG00000235257"	7.20939671926273e-05	1.5253647820518e-05	0.507872833246665	-4.324993329147	-2.19654661584681	12.8073027582213
"ENSG00000227682"	7.27703454584575e-05	1.54003358009782e-05	0.292918813646494	-4.32288307991813	-1.26625378330212	12.5600057469672
"ENSG00000117013"	7.28652149794035e-05	1.54311663954315e-05	0.433474925388579	4.32244198982436	1.87367021903558	8.75872444720116
"ENSG00000197766"	7.28652149794035e-05	1.54287704109187e-05	0.364416699958646	-4.32247623880106	-1.57518252659354	414.195542225647
"ENSG00000141837"	7.41225197757621e-05	1.57156660878362e-05	0.421662929676962	4.31841087373854	1.82091378056944	20.0909797924126
"ENSG00000105492"	7.4557615120885e-05	1.58189194222932e-05	0.552596470889469	4.3169650496657	2.38553965139845	18.9400184337924
"ENSG00000130589"	7.47513951107138e-05	1.58747428518768e-05	0.3626603811812	4.31618711399878	1.56531006401218	2826.930435376
"ENSG00000067221"	7.50265670244393e-05	1.59405619332228e-05	0.294660625380721	4.31527322538665	1.27154110728111	235.135575594499
"ENSG00000110002"	7.52358758976195e-05	1.59961361486379e-05	0.251085291006737	-4.31450438170396	-1.08330858822998	936.158349906522
"ENSG00000285106"	7.54792397774581e-05	1.60550333893617e-05	0.335772301696021	4.31369233962087	1.44841840568299	239.374740169806
"ENSG00000136235"	7.6039425991473e-05	1.61856845860441e-05	0.507347044799791	-4.31190108311916	-2.18763027198952	62913.2906569329
"ENSG00000198947"	7.60436162337413e-05	1.61940581796471e-05	0.570519757387276	4.31178674978341	2.4599595303921	21.1864661305367
"ENSG00000167700"	7.60436162337413e-05	1.61907701319672e-05	0.300402712989878	-4.31183163817909	-1.29528592206459	74.0362010054762
"ENSG00000111452"	7.75375891007963e-05	1.65541684719331e-05	0.577897719880565	-4.30692235573744	-2.4889606090833	47.7924042061006
"ENSG00000179041"	7.78367005131498e-05	1.66333445016294e-05	0.273963048109193	-4.30586637515999	-1.17964827688971	140.898100590793
"ENSG00000248208"	7.78708635013102e-05	1.66444756942735e-05	0.248079336596724	4.30571830130005	1.06815973975889	23.7033228233391
"ENSG00000059804"	7.78967181487237e-05	1.66576659677539e-05	0.355233607013409	4.30554295843043	1.52947355527443	6002.5230022933
"ENSG00000283824"	7.7998697576881e-05	1.66833105600295e-05	0.281977920055538	4.30520243438593	1.21397202786618	84.0447464065348
"ENSG00000268543"	7.82899208236874e-05	1.67533036001102e-05	0.362071583435004	-4.3042755580367	-1.55845586683893	7.91521011630898
"ENSG00000258947"	7.84683641767517e-05	1.67953489046166e-05	0.254334118812486	4.30372054967033	1.09458297361559	89.4046424971854
"ENSG00000103490"	7.91893156772376e-05	1.69847213868928e-05	0.297336312793178	-4.30123708615376	-1.27891397564623	350.169693131783
"ENSG00000212747"	7.91894251236059e-05	1.69925360285896e-05	0.358058245196777	-4.30113517144875	-1.54005691184308	90.4763007012371
"ENSG00000196154"	7.91894251236059e-05	1.69909733901939e-05	0.416194627518929	-4.30115554703529	-1.79011783079933	3334.99217107911
"ENSG00000138172"	8.03335274758976e-05	1.72498941082395e-05	0.267736288968036	-4.2978035486307	-1.15067797282404	689.641667495192
"ENSG00000133121"	8.1313563055007e-05	1.74763359399511e-05	0.352788476277528	-4.29491109276861	-1.51519514016529	277.690906723198
"ENSG00000234199"	8.18157909377277e-05	1.76003765137093e-05	0.389747410223327	4.29334176302347	1.67331883334205	27.7652076213384
"ENSG00000187583"	8.18209981512089e-05	1.76055217391474e-05	0.496978458448768	4.29327689480831	2.13366613287554	54.8046616181624
"ENSG00000139970"	8.27013382663601e-05	1.78193556477104e-05	0.381352436777765	-4.29059684277604	-1.63622956122363	588.091922562392
"ENSG00000166313"	8.30718488072558e-05	1.79114479202185e-05	0.372389418565541	4.28945204758234	1.59734655396396	89.6664189969504
"ENSG00000254088"	8.34048359000061e-05	1.79873475297927e-05	0.417553626283168	4.28851275033738	1.79068405026498	8.49666415459814
"ENSG00000165457"	8.42491765409164e-05	1.81818741383806e-05	0.684580289491319	-4.28612251493115	-2.93419499206683	88.4390559640355
"ENSG00000239282"	8.4395207836537e-05	1.82175409281151e-05	0.247981825986596	4.28568690572483	1.06277246448849	71.6052099100319
"ENSG00000130940"	8.51422071071987e-05	1.84081070560871e-05	0.393268639275955	4.28337314330846	1.68451632758009	189.424176175755
"ENSG00000272255"	8.520877130116e-05	1.84266902125098e-05	0.466428836239162	-4.2831487380107	-1.99778408130957	9.19680329763073
"ENSG00000237927"	8.60924698088437e-05	1.86347337248579e-05	0.47753793486235	4.28065107140663	2.04417327250583	66.5589393434887
"ENSG00000115109"	8.6306461607257e-05	1.86895436833503e-05	0.351536005078748	4.27999747136893	1.50457321283218	30.8578223595038
"LRG_549"	8.65148765609885e-05	1.87602113282584e-05	0.806275315462396	-4.27915746032723	-3.4501790312386	17459.8976424103
"ENSG00000283196"	8.66266058340965e-05	1.87887005668305e-05	0.355386778223585	-4.27881966709222	-1.52063593608762	57.5937685120553
"ENSG00000052126"	8.66404501056126e-05	1.87959654154738e-05	0.397906975722478	4.27873360678598	1.70253794939834	607.955686872969
"ENSG00000124491"	8.66711123197467e-05	1.88111446061945e-05	0.806389222889244	-4.27855389440653	-3.45017975000023	17465.2343648963
"ENSG00000151090"	8.6780004608655e-05	1.88433166244886e-05	0.504433546349213	-4.27817345348106	-2.15805420703651	6.32827097063756
"ENSG00000076351"	8.6780004608655e-05	1.88408580986073e-05	0.560473900203123	-4.27820250422812	-2.3978208434035	360.990938119069
"ENSG00000073712"	8.76620190206884e-05	1.90563981725906e-05	0.666166946972284	4.2756692284892	2.84830951620599	147.220428466276
"ENSG00000238142"	8.82647914923663e-05	1.92178260106854e-05	0.23760288759809	-4.27378975330158	-1.01546478637158	93.2503502156363
"ENSG00000138496"	8.90017003897799e-05	1.9391407468828e-05	0.260822321009712	4.27178547929873	1.11417700356628	5348.68286820131
"ENSG00000238172"	9.00009027307495e-05	1.963567510876e-05	0.26487910373766	-4.26899377161055	-1.13076724408586	18.2814325732919
"ENSG00000151704"	9.04666288798346e-05	1.97550848877207e-05	0.616842270644725	-4.26764106514834	-2.63246140492278	27.4310630930599
"ENSG00000151117"	9.07626274848687e-05	1.9837581361436e-05	0.332201173564688	-4.26671106310415	-1.41740642242463	576.740728511611
"ENSG00000231999"	9.10450420228424e-05	1.99250952174055e-05	0.248079242921968	4.26572851612043	1.05823870078981	35.1222703438114
"ENSG00000035403"	9.10450420228424e-05	1.99228396902384e-05	0.250626754416877	-4.2657537880325	-1.06911202703609	1995.16101336046
"ENSG00000008056"	9.10569742975071e-05	1.99332711345881e-05	0.387171431058053	4.2656369324007	1.65153275549166	11.2876963137057
"LRG_383"	9.1569985977392e-05	2.00500790823186e-05	0.25066105349577	-4.26433238292152	-1.06890204755924	1989.06804476438
"ENSG00000160094"	9.24026373312577e-05	2.02414868179895e-05	0.262641783804806	-4.26221024377389	-1.11943450137589	294.749707362954
"ENSG00000247708"	9.25281164627987e-05	2.02735257145467e-05	0.381085908511357	4.26185689636199	1.6241336072955	60.5567405824771
"ENSG00000166394"	9.33766755337533e-05	2.05007921540309e-05	0.411860185820629	4.25936559917721	1.75426310715512	171.284037702401
"ENSG00000140284"	9.35757597714459e-05	2.05567739016942e-05	0.758890301587107	4.25875596389418	3.23192859782555	21.5785504801696
"ENSG00000175048"	9.44031179728191e-05	2.07586549261364e-05	0.289879992607073	-4.2565705524121	-1.2338946402647	70.4708687698981
"ENSG00000166592"	9.47948035597175e-05	2.08587739237808e-05	0.502976199488018	4.25549423512797	2.14041231732784	28.4553583922146
"ENSG00000157800"	9.49986671005095e-05	2.09083056182448e-05	0.244384774428924	4.25496356790187	1.03984831174499	378.888435767379
"ENSG00000250508"	9.50825967409007e-05	2.09314551562146e-05	0.49285575490947	-4.25471596121103	-2.09696124698803	8.04451115337418
"ENSG00000118292"	9.6228243343028e-05	2.12025925783856e-05	0.329994717296533	-4.2518351350506	-1.40308313338249	397.416972275947
"ENSG00000258891"	9.63621028661417e-05	2.12415674411246e-05	0.255486095091351	4.2514239145146	1.08617969449732	21.7551975965589
"ENSG00000248487"	9.70175130271565e-05	2.1405133113282e-05	0.327701537452588	-4.24970594277063	-1.39263517116734	81.5002355747419
"ENSG00000231831"	9.7031306234073e-05	2.14129496146228e-05	0.27347542511016	-4.24962415729706	-1.16216777297522	43.2057278744538
"ENSG00000279805"	9.74869537791101e-05	2.15278893897297e-05	0.415487305843597	4.24842479192307	1.76516657087526	57.9796546402717
"ENSG00000242324"	9.77106329874664e-05	2.15868975180397e-05	0.289141481173177	-4.24781142413368	-1.22821848691835	73.5913371006563
"ENSG00000145945"	9.77535879482644e-05	2.16011962349274e-05	0.24421943334799	-4.24766303447427	-1.03736185933251	48.3463719625907
"ENSG00000175899"	9.83003284931684e-05	2.17385425022134e-05	0.714393977353167	-4.24624242166432	-3.03349001241851	15148.6073667249
"ENSG00000005882"	9.86338810155806e-05	2.18236481282079e-05	0.27112393237946	-4.24536643025446	-1.15102044096234	177.529284611392
"ENSG00000138119"	9.89296463914729e-05	2.19104162480683e-05	0.271182079426038	-4.24447666803051	-1.15102600891182	10568.4262271553
"ENSG00000132004"	0.000102016407603141	2.2643547378265e-05	0.252329839911733	-4.2370899152892	-1.06914422001655	34.2976373400098
"ENSG00000150637"	0.000103435202666288	2.30042577358465e-05	0.503881453134662	4.2335386966179	2.13320163035365	236.69730218798
"ENSG00000188060"	0.000103519858904327	2.30332704557394e-05	0.407278794025439	-4.23325537135074	-1.72411514244544	828.587947208578
"ENSG00000218586"	0.000103870722022258	2.31215573175285e-05	0.285924431035504	4.23239528569065	1.21014521397845	8.51502871973425
"ENSG00000169258"	0.00010499862973978	2.33984549744787e-05	0.279597202147278	4.22971789246338	1.18261728860504	56.2098391006453
"ENSG00000107902"	0.000105027422785884	2.34100380087978e-05	0.320007502745315	-4.22960655132696	-1.35350583008536	290.209895733447
"ENSG00000257027"	0.000105920233740344	2.36194618036688e-05	0.249649360408741	4.22760246963217	1.05541825260608	266.959403432764
"ENSG00000213366"	0.000105936348227471	2.36282665713969e-05	0.360972255533296	-4.227518583238	-1.52601691830035	91.0072373284553
"ENSG00000227199"	0.000106772034093184	2.38251646323634e-05	0.347946080126073	4.2256503883059	1.47029848859426	26.2207038570165
"ENSG00000222009"	0.000106975217933478	2.38810280884554e-05	0.286947084703006	4.22512302340812	1.21238673407851	531.944451120909
"ENSG00000125148"	0.000107114476468735	2.39173853154067e-05	0.441438984467916	4.22478043233044	1.86498278364787	1669.68871384772
"ENSG00000280279"	0.000107247551963474	2.39523753401305e-05	0.242005492363178	4.22445119186214	1.02234039065081	107.538997242804
"ENSG00000131016"	0.000108007124321609	2.41485822531342e-05	0.553525736881581	4.22261340740067	2.3373251978975	134.871273314635
"ENSG00000167261"	0.000108422278601975	2.42520710745367e-05	0.457730643418841	-4.22164978777514	-1.93237847364733	878.236869238733
"ENSG00000224616"	0.000108532151647903	2.42873257500152e-05	0.283670297558215	-4.22132241267658	-1.19746378489313	44.9608727098282
"ENSG00000145882"	0.000110906056510644	2.48458373351768e-05	0.264986835479808	-4.21619551184646	-1.11723630644836	127.750858592083
"ENSG00000111344"	0.00011120417982204	2.49290361791143e-05	0.631067236093834	-4.21544118082409	-2.66022681489878	411.278503914696
"ENSG00000185133"	0.000111616843244257	2.50380167844261e-05	0.655853795781131	4.2144567115975	2.76406743145649	10.332103370506
"ENSG00000011590"	0.000112050146528113	2.51627764118869e-05	1.04949660643795	4.21333469531258	4.42188046451785	20.1115448523188
"ENSG00000147394"	0.000113237606042754	2.5451722845796e-05	0.251294157807253	-4.21075626440013	-1.05813844919404	644.415919389581
"ENSG00000105472"	0.000113454362095707	2.55116041489314e-05	0.480072452306926	-4.21022539464351	-2.0212132299714	88.3689240658708
"ENSG00000137673"	0.000113735347711774	2.55803822185276e-05	0.715255874640319	4.20961711225178	3.0109533695245	520.446526445198
"LRG_599"	0.000114684484723023	2.58220625038014e-05	0.719001002187195	-4.20749192707687	-3.0251909122628	14.6727461000731
"ENSG00000234883"	0.000114910127885103	2.58785205361079e-05	0.555588703884227	4.2069981969919	2.33736067551001	217.606953180284
"ENSG00000213169"	0.000114989622741156	2.59020800143523e-05	0.290073158650312	-4.20679247032437	-1.22027757965334	15.4731328954438
"ENSG00000125900"	0.000115241928310364	2.59759206768048e-05	0.394299113873801	-4.20614882810711	-1.65848075574396	63.6336474008033
"ENSG00000274276"	0.000115426477158053	2.60231968130341e-05	0.437425684753382	-4.20573765230117	-1.83969767245092	58.5250470384779
"ENSG00000285999"	0.000115636019612799	2.60761272090255e-05	0.369257958015546	4.20527814169203	1.55283241948861	19.636087013959
"ENSG00000174123"	0.00011599694549987	2.61632229002806e-05	0.380041812371907	4.20452395532704	1.59789490414358	19.8656860220049
"ENSG00000137331"	0.000116680197484987	2.63517702997627e-05	0.454886622119668	4.20289941587626	1.91184271839668	7546.68702971977
"ENSG00000235823"	0.000116680197484987	2.63469964109411e-05	0.312186669282391	4.20294041149546	1.31210196825713	137.685026464073
"ENSG00000273284"	0.000116728347640951	2.63741293149788e-05	0.349876118402095	4.20270750249874	1.47042698775362	7.86467196805609
"ENSG00000115183"	0.000117767199320254	2.66262321957835e-05	0.294950246468254	4.20055427923826	1.23895451996461	32.5835295816189
"ENSG00000100271"	0.000118118245864988	2.67172222789855e-05	0.244905552495029	-4.19978188727272	-1.02854990346114	86.6356665845229
"ENSG00000282339"	0.000118507924334183	2.68170234128908e-05	0.301101091403221	4.19893757181178	1.26430468560652	75.8368041190405
"ENSG00000239713"	0.000119309067313046	2.70218378576121e-05	0.258635645488368	4.19721416393355	1.08554919454187	1724.98856322293
"ENSG00000214226"	0.00011965721767914	2.71182999728354e-05	0.298256018328979	4.19640678344579	1.25160357851926	48.7289332734183
"ENSG00000133055"	0.000120074086871438	2.72304968751146e-05	0.33577654417155	4.19547113228011	1.40874079796851	75.3414363656491
"ENSG00000131480"	0.000120466344580699	2.73550101625594e-05	0.26487177719819	4.19443705200411	1.11098799631027	49.5016523846665
"ENSG00000274628"	0.000121677260988191	2.76479372542531e-05	0.459291334900613	-4.19202183992279	-1.92535930679066	95.9280753814175
"ENSG00000118849"	0.000121927781420505	2.77168574352692e-05	0.579475207234986	-4.19145712286021	-2.42884548488598	774.445542244983
"LRG_199"	0.000122087436235752	2.77651622253975e-05	0.571370274782561	4.19106211909327	2.3946483146171	20.089088969607
"ENSG00000163171"	0.000122470669631614	2.78824409216405e-05	0.306262890194402	4.19010580583319	1.28327391431482	1847.4222107266
"ENSG00000182625"	0.000123054538227696	2.8039581910207e-05	0.25483288837332	4.18883042524174	1.06745175617039	14.9793733317203
"ENSG00000108582"	0.00012308300204568	2.80521226130281e-05	0.258821975858848	4.18872893595405	1.08413509954076	4964.0304070309
"ENSG00000100060"	0.000123580838749355	2.8189903053953e-05	0.239561031569474	-4.18761673909575	-1.00318978583537	1090.72023308181
"ENSG00000115718"	0.000125412184953723	2.86570050723161e-05	0.721473539031408	-4.18388426049651	-3.01856178431822	14.8370054096773
"ENSG00000224137"	0.00012615640051464	2.88394723136331e-05	0.273537922142234	-4.18244190619129	-1.14405646850017	264.922076518581
"ENSG00000231274"	0.000127674526367415	2.9211640207342e-05	0.645724027055786	4.17952671634773	2.6988208224673	9.17764998330402
"ENSG00000014914"	0.000128241964798724	2.93540860984093e-05	0.337909443952188	4.17842027164709	1.41192767059082	99.9199617397607
"ENSG00000200121"	0.000130921204997947	3.00188772380672e-05	0.38353321660021	-4.17332308851684	-1.60060802805079	6.69841409139579
"ENSG00000287883"	0.000131113295028184	3.00822711536525e-05	0.3864032177268	-4.17284264286913	-1.61239982427224	16.5161784937388
"ENSG00000253326"	0.000131369532960612	3.01604491502939e-05	0.33621771351876	4.17225147586811	1.40278485144165	21.8700778735448
"ENSG00000171992"	0.000133083680085427	3.05670849232024e-05	0.584056703767413	4.16919986798535	2.43504913224306	220.853293389844
"ENSG00000243004"	0.00013315705414805	3.05904881381047e-05	0.456189080268612	4.16902541425307	1.90186386934458	8.04381900641696
"ENSG00000160200"	0.000134412350852075	3.09251556933862e-05	0.395507417780554	-4.16654449297827	-1.64789925348563	340.106858555951
"ENSG00000118596"	0.000134486841688045	3.09489101444645e-05	0.426517488982185	4.16636937013998	1.77702940192439	257.66915578392
"ENSG00000285130"	0.000136233380855726	3.13910446639226e-05	0.248200097828674	4.16313296244631	1.03329000855295	1611.20276947809
"ENSG00000144130"	0.000137877425101789	3.18241282259737e-05	0.425819482984292	-4.16000453004693	-1.7714109781969	44.0887216835974
"ENSG00000091129"	0.000138226241583785	3.1918239767527e-05	0.73842911045563	4.15933005650338	3.07137039371516	168.938578063778
"LRG_777"	0.000139056473296363	3.21373136337226e-05	0.40955007599174	-4.15776729937449	-1.70281391341479	310.036677225906
"ENSG00000183246"	0.000139311463635466	3.22030975808272e-05	0.363574226578057	-4.15730000715105	-1.5114871347529	22.6492209111592
"ENSG00000261183"	0.000139574359811401	3.22776006234454e-05	0.535041682155592	-4.15677187330194	-2.22404621542853	11.2138795100184
"ENSG00000224687"	0.000140637216346083	3.2530312438965e-05	0.303233821325989	-4.15498904754254	-1.25993320645396	19.3542183003027
"ENSG00000183773"	0.000141521542901568	3.27487867871397e-05	0.292527440588901	-4.15345833238628	-1.2150005355656	171.286140569234
"ENSG00000116353"	0.000142713404871055	3.30596922244096e-05	0.285655226408345	-4.15129665204094	-1.18583958502696	114.044247114357
"ENSG00000183734"	0.00014384297529625	3.33425865602091e-05	0.276578494961075	-4.14934644380366	-1.14761999449931	194.589135195068
"ENSG00000218565"	0.00014401039414596	3.33884783357886e-05	0.493120967189839	4.14903155908125	2.04597445531531	132.757876137692
"ENSG00000163071"	0.000144675039980585	3.356392604036e-05	0.524890801703786	-4.14783150942269	-2.1771586063131	164.38258275311
"ENSG00000278852"	0.000146898051841424	3.41374654121846e-05	0.274860855629578	4.14394969892579	1.13900955993268	44.5296378873664
"ENSG00000256029"	0.000147455358661295	3.42814848993152e-05	0.26250854187659	-4.14298468334604	-1.08756886824222	21.4513292344079
"ENSG00000215424"	0.000148757540854107	3.46208149242807e-05	0.32101471302427	4.14072610947824	1.32923400374626	13.8865402777988
"ENSG00000138640"	0.000150043699028599	3.49718145413963e-05	0.36995237330044	-4.13841187708819	-1.53101529562351	180.116591398111
"ENSG00000203804"	0.000151444257831562	3.53504035522808e-05	0.354959882617114	4.13594033822459	1.46809289696759	34.3798179060338
"ENSG00000278000"	0.000151640342454502	3.54036336722288e-05	0.41519539650313	4.13559485392538	1.71707994515185	7.44126413339539
"ENSG00000181790"	0.000152001333661081	3.54953921137915e-05	0.418646277896348	4.1350004621326	1.73110255257149	182.89169405388
"ENSG00000143318"	0.000152031312748263	3.55098717497418e-05	0.919378636410533	4.13490679942827	3.801544974943	9.97863959362575
"ENSG00000008853"	0.000152496671094185	3.56335688556365e-05	0.297149040249208	-4.13410812969028	-1.22844626302392	345.992362258143
"ENSG00000204472"	0.000156060901143135	3.65048005182805e-05	0.324219494738411	-4.12855633588981	-1.33855844922126	2637.19093608299
"ENSG00000257838"	0.000156144399321478	3.65320131431006e-05	0.427418099362936	-4.12838496125353	-1.76454645357751	129.944212507171
"ENSG00000170379"	0.000156811803394368	3.6695875085941e-05	0.435696465581675	4.1273555769837	1.79827423709061	101.179492862283
"ENSG00000277147"	0.000157197479486904	3.6830825556595e-05	0.252797632698331	4.12651108707405	1.04317223411573	144.622669835832
"ENSG00000173918"	0.000157197479486904	3.68325263083493e-05	0.839061920214736	4.12650046290621	3.46238940217308	1081.00781729466
"ENSG00000221963"	0.000158202786125351	3.70758595583025e-05	0.275505973972983	4.12498520126731	1.13645806549929	6307.56799795289
"ENSG00000285551"	0.00015883235880993	3.72624714268279e-05	0.46661812897981	-4.12382953288914	-1.92425362086841	24.9801330916997
"ENSG00000253945"	0.000159053279654491	3.7322124358123e-05	0.410279053489616	-4.12346126708748	-1.69176978576174	14.6515539847039
"ENSG00000223478"	0.000159388861996388	3.74243918884671e-05	0.356341982302187	-4.12283121940264	-1.46913784941928	33.8997995015081
"ENSG00000228923"	0.000160449341147065	3.76812846633259e-05	0.874264772110033	4.12125574072881	3.60306871097544	10.6847078763485
"ENSG00000242113"	0.000161739104267606	3.80075721295751e-05	0.58319801893582	4.11926931163543	2.4023497020089	22.4597305069896
"ENSG00000011083"	0.000162206338359807	3.81258306121191e-05	0.790062544636129	4.11855335201368	3.25391474151159	9.56494278088919
"ENSG00000283345"	0.000162712317937198	3.82607674016041e-05	0.415296459528056	4.11773898917325	1.71008242346429	10.4947613111138
"ENSG00000151474"	0.000162822123655984	3.82945972648199e-05	0.421235104272825	-4.11753524855474	-1.73445038977199	1205.28936476264
"ENSG00000111266"	0.000162903103427677	3.83216568571011e-05	0.250166854139987	4.11737240489155	1.03003010185451	933.996571488744
"ENSG00000055332"	0.000163561302069428	3.84925850600228e-05	0.245519413803699	4.11634628035418	1.01064292576559	2826.14903025198
"ENSG00000143375"	0.000165009687025862	3.88740353781412e-05	0.572475583491945	4.11407184734612	2.35520568133726	9.25131829861767
"ENSG00000255823"	0.00016605061467062	3.91927808534845e-05	0.287701453312171	4.1121874855995	1.1830823158991	550.636768511161
"ENSG00000122547"	0.000166205373966076	3.92374847335301e-05	0.348130399049332	-4.11192436873069	-1.43148587134689	725.74726016109
"ENSG00000144218"	0.000166366546963468	3.92837182912556e-05	0.459469515247152	4.1116525476443	1.88917900293084	40.7358670514465
"ENSG00000079150"	0.000166659984402338	3.93649543622719e-05	0.486379788020219	-4.11117567079281	-1.99959275127409	13.033972821454
"ENSG00000120341"	0.000166802778983735	3.94113413744038e-05	0.470620612672939	-4.1109037857453	-1.93467605828696	51.8103843117796
"ENSG00000237476"	0.0001671819672004	3.95395857138722e-05	0.312308381965552	-4.1101536934144	-1.28363544961999	29.4151465013103
"ENSG00000164904"	0.000167246004784425	3.95654288178031e-05	0.555293660080252	-4.11000281844352	-2.28225850799365	100.475538129983
"ENSG00000236682"	0.000167959047132495	3.97506383192855e-05	0.284875035367629	-4.10892427338267	-1.1705299477028	46.6294347840127
"ENSG00000224080"	0.000168360570225273	3.98539484417558e-05	0.32961689610678	4.10832472969492	1.35417324560077	18.9224740909986
"ENSG00000140450"	0.000168378367918417	3.98664445489641e-05	0.285552169737827	4.10825231056246	1.17312036111155	3911.3449202497
"ENSG00000089692"	0.000168450491297466	3.99000942344204e-05	0.767808947692333	4.10805740640692	3.15420323427299	236.548139225529
"ENSG00000215533"	0.000169280245609652	4.01465989809197e-05	0.411642032197298	4.10663435166256	1.69046331000961	77.0836689836133
"ENSG00000124731"	0.00017005118161515	4.03443390342917e-05	0.670283856340119	4.10549879316587	2.75184956328292	1979.32753382723
"ENSG00000197149"	0.00017025381174874	4.04109918185592e-05	0.320953599306237	-4.10511721729481	-1.31755214646477	11.4847412605923
"ENSG00000230539"	0.000171101887375447	4.06627911211524e-05	0.417663347623269	4.10368107871802	1.71395717691564	5.69412202136777
"ENSG00000169220"	0.000171448340628317	4.07704288959702e-05	0.345227415894071	-4.10306973927764	-1.41649216332398	280.499441629865
"ENSG00000236790"	0.000172839872838502	4.11693557794188e-05	0.613946667820453	4.10081727272166	2.51768309992802	90.5810493654044
"ENSG00000085265"	0.000172926846840192	4.11985792624484e-05	0.676392232313211	-4.10065308290871	-2.77364989269067	3198.75197131192
"ENSG00000100321"	0.000174128377718289	4.15105331770381e-05	0.461203002956015	-4.09890724789926	-1.89042833156931	136.723664993511
"ENSG00000158050"	0.000174801273474613	4.17053412215602e-05	0.294184452479939	4.09782331748958	1.2055159090152	639.502595751398
"LRG_7"	0.000175236650278348	4.18350779122798e-05	0.434741234945223	4.09710411199669	1.78118010134859	17.7244971843914
"ENSG00000077063"	0.000178064958590026	4.2562850934127e-05	0.565019457710657	-4.09310845802466	-2.31268592130399	120.456515569886
"ENSG00000150681"	0.000178235582965949	4.26124032474672e-05	0.442538965796508	-4.09283876578211	-1.81124063458107	83.0757653533817
"ENSG00000010030"	0.000178306199718562	4.2655600611539e-05	0.597465666772134	4.09260390346086	2.44519032001548	706.515356049954
"ENSG00000167083"	0.000178306199718562	4.26545183191572e-05	0.411142902150609	-4.09260978508438	-1.68264746440957	150.841627737485
"ENSG00000277728"	0.00017948086032146	4.29630985007981e-05	0.376094148683548	4.09093854054842	1.53857804772428	5.87699307690877
"ENSG00000111913"	0.000180492480400651	4.32585283604866e-05	0.450115706888579	4.08934915271867	1.84068028459018	510.863502596525
"ENSG00000172728"	0.000181029544364876	4.34050570264859e-05	0.391921727363501	-4.0885646570608	-1.60239732283263	90.1646946659345
"ENSG00000129244"	0.000181233981247686	4.34897363501678e-05	1.0335224219753	4.088112439478	4.22515586975668	66.5055627196857
"ENSG00000101439"	0.000181819212542469	4.36391154070596e-05	0.246749327483536	-4.08731673487615	-1.00854265554289	7106.5676561057
"ENSG00000107201"	0.000183032616078951	4.39483569008934e-05	0.310507309292868	4.08567766125468	1.26863277723417	2034.5245381817
"ENSG00000261377"	0.000185098507176319	4.44808248502714e-05	0.432458630557218	4.08288088620996	1.7656770767786	44.4417393983508
"ENSG00000244482"	0.000185536404103924	4.46043096642992e-05	0.266171904439324	4.08223682266856	1.08657674946203	3902.76974857432
"ENSG00000236319"	0.000186523045933596	4.48598569248991e-05	0.247314878419693	-4.08090931087243	-1.00926959006021	23.6956288135816
"ENSG00000160318"	0.000186862804506513	4.49691479558176e-05	0.389115328435243	4.08034375638077	1.58772430089279	11.4372278702378
"ENSG00000010704"	0.000188568741317112	4.54446213947526e-05	0.29717370724433	-4.07789837218052	-1.2118441770265	227.407573938049
"ENSG00000246100"	0.000191427855055675	4.61619119186795e-05	0.276129898024773	-4.07425484083535	-1.1250235737268	157.256129148038
"ENSG00000130529"	0.000192335949571264	4.64092794493825e-05	0.261359161446725	4.07301075984839	1.06451867675746	265.682452419174
"ENSG00000054219"	0.000193061962868802	4.66319479381059e-05	0.349422618116449	4.07189626320998	1.42281265298942	6933.55640264233
"ENSG00000288684"	0.000193242259620662	4.66945090149888e-05	0.30738493691204	4.07158404159053	1.25154360375637	1964.71021440821
"ENSG00000183722"	0.000193601917253363	4.68004634682716e-05	0.429442493387595	4.07105616163892	1.74828450877515	720.625636932047
"ENSG00000158825"	0.000193740172744676	4.68434154388076e-05	0.366909384157603	-4.07084249163626	-1.49363031160886	421.658060045385
"ENSG00000115339"	0.000194645402304406	4.70733814667952e-05	0.263856220316313	4.069701646993	1.07381609439065	52.7623206135607
"ENSG00000135114"	0.000194935341069008	4.71707468869761e-05	0.455775737664996	4.06922021586807	1.85465184560859	1864.84824883149
"LRG_1333"	0.000196223744976058	4.7521128321386e-05	0.278730873936561	-4.06749548840199	-1.13373657221531	8441.51709395762
"ENSG00000108700"	0.000196896380705442	4.77130839903093e-05	0.697180448619852	4.0665557058133	2.83512313131654	9556.89695304989
"ENSG00000088881"	0.000197780629396976	4.79760076523263e-05	0.57568188399846	4.06527427686392	2.34030475467549	17.4289773424183
"ENSG00000270532"	0.000199560509372826	4.84523749307514e-05	0.292500649910543	-4.06296944034155	-1.18842120186658	71.5175918943289
"ENSG00000267138"	0.000202823924626441	4.93590099924735e-05	0.299571381456846	4.05864155365632	1.21585285706698	12.1844237855026
"ENSG00000107593"	0.000202986571223174	4.94085770568804e-05	0.412440042273581	-4.05840712002547	-1.67384960414671	94.9273670822325
"ENSG00000075213"	0.000203279821716064	4.94899565954744e-05	0.361519154483009	4.05802270837067	1.46705293840301	61.7568865753553
"ENSG00000080573"	0.000204344689194388	4.97793634834027e-05	0.545223706987811	4.05666047761853	2.21178746359812	151.606968441372
"ENSG00000197646"	0.00020453252859864	4.98452453107862e-05	0.328828067324077	4.05635142272285	1.33384219872122	1960.8445329923
"ENSG00000183307"	0.00020453252859864	4.98383345178892e-05	0.252290046996651	-4.05638382340891	-1.02338526544429	430.197348350321
"ENSG00000273812"	0.000204797911713438	4.99199947136996e-05	0.389372306566622	4.05600123812744	1.57929455752675	53.9665780701037
"LRG_493"	0.000209766579109483	5.12549487621409e-05	0.319369455024358	4.04982956429437	1.29339186089023	123.733457859285
"ENSG00000272142"	0.000209774122986407	5.1267111520881e-05	0.379999957732332	-4.04977403769875	-1.53891396315102	12.3577946462638
"ENSG00000124875"	0.000210877740290246	5.15679480019092e-05	0.999067759474372	4.04840458853434	4.04463050171277	44.8409972703895
"ENSG00000171643"	0.000211257349455997	5.16919547517773e-05	0.50353555644413	-4.0478422952512	-2.0382325225374	11.7637707558917
"ENSG00000274818"	0.000212235956685744	5.19627290645881e-05	0.377252431783394	4.04661893260252	1.52659683282502	12.5491605285854
"ENSG00000083123"	0.000212760398788036	5.21015970664523e-05	0.260139894854339	-4.04599386649387	-1.05252441901101	65.2108055306347
"ENSG00000182197"	0.000213773945552133	5.24128957414321e-05	0.319139274714511	4.0445983805068	1.29079019366642	126.972832281137
"ENSG00000278619"	0.000213907803352673	5.24562376875775e-05	0.249891606350251	-4.04440471096272	-1.01066278995299	84.1264966508986
"ENSG00000285184"	0.000214423926626803	5.26144503155497e-05	0.382043260428759	-4.04369903693789	-1.54486796426439	9.28591991304294
"ENSG00000102970"	0.000214625670769172	5.26745115834023e-05	1.05646203882347	4.04343167278717	4.27173206887612	3497.70779804818
"ENSG00000023608"	0.000215857826256371	5.29981508680415e-05	0.264027955308596	4.04199593836561	1.06719992297232	188.146930202278
"ENSG00000254704"	0.000216064758754964	5.30595865655639e-05	0.436460270227395	-4.04172433473385	-1.76405209532257	232.840876566231
"ENSG00000237513"	0.00021681319158221	5.32540469091881e-05	0.528728566785309	4.04086659700251	2.13652160440377	142.434904274778
"ENSG00000169896"	0.000218232230137619	5.36777425564784e-05	0.279375052245071	-4.03900796526574	-1.12839806131437	8492.25516927134
"ENSG00000186469"	0.000218913568459462	5.38884049867744e-05	0.402043216129913	4.0380890173102	1.62348629553827	353.031804247473
"ENSG00000019991"	0.000219900773014694	5.41530534096596e-05	0.515731490586048	-4.03693938443528	-2.08197676614033	96.0640759188994
"ENSG00000255987"	0.000220976717793132	5.44288875437924e-05	0.67896157542312	4.03574681232215	2.74011701370308	16.961587639197
"ENSG00000109072"	0.000222106819615288	5.47400219535907e-05	0.805813312175977	4.03440847177681	3.25098005331329	53.8773064847706
"ENSG00000259959"	0.000223521278964225	5.51326098350367e-05	0.278590991288535	-4.0327300065511	-1.12348225012409	22.372440068882
"ENSG00000169860"	0.000224249920741296	5.53564591833836e-05	0.279718830301619	4.03177802562768	1.12776423336434	199.546727636433
"ENSG00000159788"	0.00022449661212509	5.5428399068075e-05	0.278342312644676	-4.0314728557197	-1.12212947802526	1393.51905622011
"LRG_631"	0.000226450234572415	5.5955309339691e-05	0.599029433254655	-4.02924906635175	-2.41363878465853	3424.9244943317
"ENSG00000211584"	0.000226525695960938	5.5996242729423e-05	0.286326790613394	-4.02907714109682	-1.15363272694404	696.286181863578
"ENSG00000269970"	0.000226906911297603	5.61016399144899e-05	0.298491394460122	-4.02863500731436	-1.20251288110413	24.9577552555157
"ENSG00000138363"	0.000227240962069695	5.61954110745944e-05	0.262521507082488	-4.02824230481512	-1.0575002407535	835.471570725703
"ENSG00000095970"	0.000228327151679951	5.65089482537305e-05	0.599131512858015	-4.02693374088893	-2.41266290435777	3428.06637323661
"ENSG00000274929"	0.000228446131413684	5.65496326876063e-05	0.438728227502731	-4.02676444662175	-1.76665522823738	6.20020774796096
"ENSG00000267265"	0.000228658368009105	5.66134182501882e-05	0.542809718471034	4.02649925704952	2.18562292814288	82.1898916279488
"ENSG00000230701"	0.000229233810698723	5.67784453398302e-05	0.276848852942714	4.02581446518019	1.11454211684532	18.0548139973651
"ENSG00000104213"	0.00022951885039864	5.6871627777349e-05	0.663225289138084	4.02542863023792	2.66976606719427	125.109340663905
"ENSG00000155719"	0.00022967716717112	5.69221550673015e-05	0.314982101899171	-4.02521966521603	-1.26787215075562	92.9869190607197
"ENSG00000262097"	0.000230741021688413	5.72198686703705e-05	0.665190870268488	-4.02399197099054	-2.67672272113661	81.6480107624178
"ENSG00000139679"	0.000231536595307572	5.74513275645117e-05	0.366018402057174	-4.02304166731327	-1.47250728247944	613.058692241362
"ENSG00000213185"	0.000231606724157271	5.7480122165163e-05	0.255112872776941	-4.02292369867747	-1.02629962173205	31.3148554635109
"ENSG00000119139"	0.00023171840423224	5.75192378864564e-05	0.262980954646116	4.02276353505941	1.05791019476551	1599.67928622861
"ENSG00000250510"	0.000233173615061823	5.79263457330877e-05	0.252493025164679	-4.02110268401389	-1.01530038118448	478.920383028206
"ENSG00000184838"	0.000234013030515353	5.81579019167435e-05	0.660665764317935	4.02016294502221	2.65598402475574	88.2827488474462
"ENSG00000169710"	0.000234273303210391	5.82341106415834e-05	0.307298865344947	4.01985443728986	1.23529670743103	1590.12435699078
"ENSG00000167191"	0.000234295323434644	5.82511100274837e-05	0.896622204605971	-4.01978567263141	-3.60422909183827	35.9494474568993
"ENSG00000188343"	0.00023510964711037	5.84882666980097e-05	0.380971086148455	-4.01882832091673	-1.53105739046382	63.0502075239292
"ENSG00000134061"	0.000238948851049162	5.94903647756695e-05	0.560460742993889	-4.01482322915788	-2.25015081000295	1372.15730620048
"ENSG00000106034"	0.00024175384762088	6.02481794592375e-05	0.33562672173875	-4.01183666775587	-1.34647958895021	281.126429474899
"ENSG00000064989"	0.000242165235096288	6.03745283091296e-05	0.324234834111108	4.01134218735365	1.3006168686795	79.8773867318299
"ENSG00000159860"	0.000242451953728797	6.04579374976029e-05	0.47309981822291	4.01101629278119	1.89761107900391	18.4601788863946
"ENSG00000169508"	0.000242701600404855	6.05321287904671e-05	0.417616537429875	4.01072677172089	1.67494582698338	1638.35966358199
"ENSG00000196352"	0.00024276345174761	6.055949743271e-05	0.300664815027259	4.01062005428091	1.20585233676498	2076.48740603272
"ENSG00000268912"	0.000243298013555719	6.07167858504605e-05	0.274632795812102	-4.01000762984208	-1.10127960661139	15.6740306340115
"ENSG00000227191"	0.000243893373640696	6.08893580886723e-05	0.711043439133057	4.00933742151893	2.85081306884168	130.605483696778
"ENSG00000270019"	0.000245207561288697	6.12777652177579e-05	0.328375177621691	4.00783554361085	1.31607370851174	11.3863472942386
"ENSG00000170275"	0.000245700387134456	6.14250967836139e-05	0.279379318913416	-4.00726820434352	-1.11954786163288	2747.75519054439
"LRG_4"	0.000246052126766552	6.15367955825721e-05	0.279410887080497	-4.00683893649921	-1.11955442163592	2747.58319709189
"ENSG00000267475"	0.000246284535089854	6.16074803685512e-05	0.310044848848261	-4.00656766990876	-1.24221566761719	23.6158203446222
"ENSG00000184313"	0.000249133252468105	6.24303811527217e-05	0.489786722187834	-4.00343112964616	-1.96082741049413	57.0585839577433
"ENSG00000240622"	0.000249139987539445	6.24565808983181e-05	0.361691049437394	-4.00333191183279	-1.44796932043701	9.84151921764071
"ENSG00000141447"	0.000249276730613211	6.25276490258147e-05	0.260367797844466	-4.00306297678924	-1.04226869189933	1335.50166110704
"ENSG00000168779"	0.000249895458429578	6.2707434742684e-05	0.507737356541734	-4.00238392392879	-2.03215983340074	39.8497143451681
"ENSG00000073910"	0.000250324451077055	6.28397124088061e-05	0.288361934066046	-4.00188548540479	-1.15399143848216	617.561332628841
"ENSG00000089220"	0.000250828710656013	6.29786373075704e-05	0.264007422528336	-4.00136306751729	-1.05638955005531	2835.85898063079
"ENSG00000167693"	0.000251029727491467	6.30538069938719e-05	0.643880294122183	4.00108085154117	2.57621711549696	10.7676798786585
"ENSG00000183549"	0.000251651860931177	6.32348340041544e-05	0.507386433103971	-4.00040251127141	-2.02974996117417	107.917652336314
"LRG_333"	0.000252075561945804	6.33537015929316e-05	0.793230985466735	-3.99995809247714	-3.17289069952129	343.726367673192
"ENSG00000250802"	0.000255533838699886	6.43528869352261e-05	0.462676807984422	-3.99625326378484	-1.8489737039853	65.4304537748154
"ENSG00000284633"	0.000256634234917728	6.46761700847855e-05	0.490464857674996	3.99506623081929	1.95943959030096	276.842762090034
"ENSG00000275801"	0.000258389164351589	6.51678053918399e-05	0.391112858439859	-3.99327176215311	-1.56181993342288	40.191376227354
"ENSG00000186205"	0.000258438202188861	6.52070808257903e-05	0.503540699425534	-3.99312896003879	-2.01070294943429	54.9884829879705
"ENSG00000215035"	0.000259416357411695	6.5493386825854e-05	0.290547512013967	3.9920904288686	1.15989194184254	18.6634878809887
"ENSG00000273036"	0.000259416357411695	6.55049273216367e-05	0.721162750238954	3.99204865763489	2.8789167890277	13.6643678142594
"ENSG00000158234"	0.000259630066161097	6.55716627150271e-05	0.264184082116902	-3.99180724301605	-1.0545719324838	141.0437829473
"ENSG00000065268"	0.000260893177001875	6.59420082366998e-05	0.253531332385888	-3.99047173293284	-1.01170961529869	199.560369777069
"ENSG00000133106"	0.000261466139051351	6.61254142494586e-05	0.316850127032895	3.98981297499441	1.26417274796447	2943.80764465945
"ENSG00000182782"	0.000262233091313536	6.63580785968532e-05	0.537577996034277	3.98897977458093	2.14438775344048	1019.86481969959
"ENSG00000081985"	0.000262503799684225	6.64524081648475e-05	0.835669786735451	3.9886427559037	3.33318824118994	81.9837870238432
"ENSG00000011028"	0.000262608558435898	6.65047647987014e-05	0.39871888693875	-3.98845589256168	-1.59027269408649	514.879364602954
"ENSG00000161958"	0.000262807600808923	6.65680999884468e-05	0.344595475455141	-3.98823003220227	-1.37432602417121	39.2645547563008
"ENSG00000232434"	0.000265393375888298	6.72752885651515e-05	0.278972687791052	-3.98572183862632	-1.11190753410908	71.9629480641267
"ENSG00000255874"	0.000265560990554885	6.73439052691083e-05	0.486083594311551	3.98547980443693	1.9372763483968	45.8996836888242
"ENSG00000274021"	0.000268228932398992	6.80468616874067e-05	0.299387837321478	-3.98301359384079	-1.19246582588204	16.1817329451133
"ENSG00000224023"	0.000268487536683344	6.8125674646433e-05	0.445038252274826	-3.98273859566672	-1.77247102388301	8.51828670292091
"ENSG00000092621"	0.000269019901382617	6.82872240817742e-05	0.515256702217497	-3.98217584884155	-2.05184279552426	460.384890894896
"ENSG00000158714"	0.000270054563565003	6.8576429413742e-05	0.33385335000353	-3.98117155982853	-1.32912746218753	10589.4258539515
"ENSG00000162390"	0.000270310253857293	6.86679531148692e-05	0.418633462925331	-3.98085457101254	-1.66651893446511	151.130317400049
"ENSG00000286558"	0.000270547698517508	6.8768199441163e-05	0.474145777833839	-3.98050783010753	-1.88734098128002	10.7732727065032
"ENSG00000176974"	0.00027337640195566	6.95409963849231e-05	0.33843649076374	-3.97785075302792	-1.34624984963667	190.534455078012
"ENSG00000229391"	0.000273798808353812	6.9688854507213e-05	0.372926265230126	-3.97734556400999	-1.48325662671586	6566.5248885157
"LRG_127"	0.000274840896235758	7.00081739821308e-05	0.301809586882821	3.97625799129694	1.20007278169285	2022.12410966444
"ENSG00000227986"	0.000274840896235758	7.00014480965291e-05	0.326653279598979	-3.97628085061741	-1.29886518046079	12.8606374636669
"ENSG00000110315"	0.000274903467877292	7.00376357800323e-05	0.288624944954078	-3.97615788372909	-1.14761835032003	271.628036553532
"ENSG00000128694"	0.000275393667785895	7.0203167378321e-05	0.292375047331918	-3.97559616735901	-1.16236511760418	97.2993033528109
"ENSG00000270264"	0.000276008958661232	7.03871724567014e-05	0.436304345317941	-3.97497323159099	-1.73429809346565	6.34110089100951
"ENSG00000279073"	0.000276531566368534	7.05340501584441e-05	0.367513655470771	-3.97447709252699	-1.46067460485944	41.4065345074065
"ENSG00000150510"	0.000277598704908366	7.08198978578702e-05	0.799655674301943	3.97351432152065	3.17744327412402	506.472276261364
"ENSG00000176714"	0.000277870155589653	7.09028186266986e-05	0.335608873577652	-3.97323572178385	-1.33345316504636	18.4566429325895
"ENSG00000171236"	0.000278243640848625	7.10118068045388e-05	0.524556263243033	3.97287000839288	2.08399384595289	138.467057888812
"ENSG00000166123"	0.000279248037967582	7.13023430543193e-05	0.341187479768928	-3.97189769266753	-1.35516176366126	95.0016200254075
"ENSG00000040608"	0.000279248037967582	7.13093548351888e-05	0.469978114427706	-3.97187427321645	-1.86669398167018	99.4420928212494
"ENSG00000166448"	0.000279476482767588	7.13814393215918e-05	0.879616801974741	-3.97163363620301	-3.49351567769221	222.054852032938
"ENSG00000177409"	0.000279814223260572	7.14814670106331e-05	0.341200856028534	3.97130009794302	1.35501099296436	5945.73077293562
"ENSG00000285554"	0.000281035763190438	7.18349973208143e-05	0.266396528270732	3.97012479277494	1.0576274615968	22.5627200250053
"ENSG00000213560"	0.000281372779598682	7.19488246927366e-05	0.266257601870565	-3.96974753994921	-1.05697546001845	15.4766439053307
"ENSG00000226067"	0.000281779121796011	7.20801812678245e-05	0.269676763159523	3.96931289191026	1.07043145265773	226.738389464013
"ENSG00000255750"	0.000281779121796011	7.20943138754945e-05	0.825282346628979	3.9692661729307	3.27576530159128	37.8874077116169
"ENSG00000130203"	0.00028274835529869	7.23701147490695e-05	0.695726182067506	-3.96835617187598	-2.7608892885433	10685.1041270115
"ENSG00000110077"	0.000282800208423113	7.23972985357084e-05	0.57828363799947	-3.96826665702664	-2.29478367897736	1928.59836157271
"LRG_1201"	0.000284379250936497	7.28295149732095e-05	0.26327528544481	3.96684764495318	1.04437294604112	1527.79327107082
"ENSG00000236056"	0.000286240897385364	7.337668812845e-05	0.449987828593395	3.96506259899701	1.78422990915955	46.9860194608521
"ENSG00000224666"	0.000288145047343884	7.38931587860914e-05	0.615775876944549	3.96338922641815	2.44055947657022	8.73241881904555
"ENSG00000161944"	0.000288619170467091	7.40289430743512e-05	0.496960402679475	-3.96295111976667	-1.96942978427832	168.606812075001
"ENSG00000256045"	0.000290258010592421	7.45185760973691e-05	0.287371489334459	3.96137760993898	1.13838698358434	246.993137684255
"ENSG00000261795"	0.000291042964420476	7.47794865785195e-05	0.736065084603936	-3.96054312347275	-2.9152175092565	10.6335428968734
"ENSG00000006432"	0.000292767543938267	7.53090066535417e-05	0.395835534002002	3.95885795706109	1.56705665347135	26.2947055659391
"ENSG00000084110"	0.000294207304097034	7.56938311898607e-05	0.343075410638147	-3.95764029164233	-1.35776906821327	78.9341551796669
"ENSG00000104140"	0.000297130100030319	7.65080218001519e-05	0.806572306623412	3.95508320024782	3.19006057971139	6.6292852879408
"ENSG00000083454"	0.000297481146888045	7.66239317741935e-05	0.590510826043613	3.95472126127106	2.33530571876541	152.536902052217
"ENSG00000115598"	0.000299418275738207	7.71670772625179e-05	0.449113000128564	-3.9530321091588	-1.77535811014886	15.4045545069598
"ENSG00000278341"	0.000299545150817023	7.72145115250492e-05	0.588220466853028	-3.9528851254463	-2.32516793390641	7.36431895045288
"ENSG00000104432"	0.000301845770358032	7.78669431206965e-05	0.337721683294387	3.95087206366162	1.33429516382057	44.4183671783904
"LRG_748"	0.000303319781631859	7.82770353424209e-05	0.294553714280443	-3.94961488048694	-1.16337373302474	164.011308552179
"LRG_1239"	0.000305051621265817	7.8798999570386e-05	0.267483694653514	-3.94802371741622	-1.05603197051419	280.737828340285
"ENSG00000213265"	0.000306751327005825	7.93135072187434e-05	0.269515659188504	-3.94646500708736	-1.06363411784951	17.1588515755639
"ENSG00000187037"	0.000309424432288621	8.01112154238003e-05	0.30420860744141	-3.94406713344903	-1.19981917032196	1012.32436906457
"ENSG00000111537"	0.000311121260266024	8.06117511718393e-05	1.02883070190993	3.94257404449466	4.0562412215293	12.7863770315807
"ENSG00000137098"	0.000311155410565503	8.06359062799621e-05	0.406096072145897	-3.94250221211164	-1.60103466276505	12.3613456258357
"ENSG00000268581"	0.000312166207548591	8.09592801159077e-05	0.253861840583818	3.94154251788523	1.00060723832972	100.420287136132
"ENSG00000255398"	0.000313564039570546	8.13835041703169e-05	0.518688106247191	3.94028900476162	2.04378104194643	1496.76584575955
"ENSG00000261375"	0.00031472460368416	8.180857958811e-05	0.445691161136381	3.93903915545618	1.75559493495694	30.9510731060689
"ENSG00000168734"	0.000317986307887223	8.28128450391066e-05	0.440413926293026	3.93611052445115	1.73351789039683	195.60699225338
"ENSG00000196684"	0.000320162219706808	8.34740143863677e-05	0.369391267881966	3.93420069597086	1.45325938318679	886.925898531194
"ENSG00000110076"	0.000320288933048663	8.35228076589415e-05	0.726472059950585	3.93406032061667	2.85798490508825	17.6296435995497
"ENSG00000125869"	0.000320709610935975	8.36482859692316e-05	0.630418053281352	3.93369968255869	2.47987529607212	41.2651362724595
"ENSG00000197272"	0.000322171274277295	8.41087639014956e-05	0.467098400345239	3.93238058606464	1.83680868129947	179.398049057388
"ENSG00000198502"	0.000322595422386227	8.42353651134441e-05	0.343229382219176	-3.93201911719834	-1.34958449246998	24769.771178118
"ENSG00000132016"	0.000324301172095417	8.47126733484192e-05	0.324532797751514	-3.930660918509	-1.27562838489626	16.6618470486552
"ENSG00000136856"	0.000325263959577254	8.50030549398697e-05	0.263430306895811	-3.92983816037187	-1.03523847263763	203.526042169986
"ENSG00000276278"	0.000330091677376167	8.63713907892479e-05	0.345622655148899	-3.92599655677691	-1.35691335405867	15.8899644833354
"ENSG00000248476"	0.000330186008880734	8.64123163737457e-05	0.2679432199238	3.9258825460942	1.05191361044313	38.7354903230369
"ENSG00000220517"	0.000330480237989111	8.65055758726908e-05	0.63665456209126	3.92562293382659	2.49926574987077	5.86766972954611
"ENSG00000243089"	0.000332995376663561	8.71966937219664e-05	0.617505523219059	3.92370722644176	2.42291088382232	86.80047868825
"ENSG00000253336"	0.000333234285179971	8.72756461185639e-05	0.279473166049757	-3.92348929232687	-1.09650997448891	82.3443628543125
"ENSG00000198515"	0.000333330351414792	8.73172039199019e-05	0.825650679705761	-3.92337465418767	-3.23933694997041	16.3622697284706
"ENSG00000133246"	0.000334011172012486	8.75284097456963e-05	0.348834692711519	-3.92279283365487	-1.36840623269895	1463.40981897898
"ENSG00000277632"	0.000339416496595388	8.9128554645129e-05	0.616268193215981	3.91842742960025	2.41480219228769	28033.1896862081
"ENSG00000168389"	0.000339898295430046	8.92717925669528e-05	0.336027184056009	3.9180402760893	1.31656804099232	1264.64873709186
"ENSG00000230592"	0.000340196409694967	8.93668254511572e-05	0.350354103536261	-3.9177837382274	-1.3726116094556	16.1337328737875
"ENSG00000120457"	0.000342069971855022	8.9959960130704e-05	0.806900637953758	-3.91618839216465	-3.15997491198476	561.468075720885
"ENSG00000228203"	0.000342664559762052	9.01561123597148e-05	0.584728740074354	3.91566299002258	2.28960068671168	9.70465717151364
"ENSG00000233901"	0.000348274128921084	9.16943692436856e-05	0.46462181166879	-3.91157974462331	-1.81740526743383	122.222521226557
"ENSG00000125347"	0.000348599243137234	9.17976490873401e-05	0.314187161821597	3.91130791521895	1.22888273289299	10808.3353596078
"ENSG00000269906"	0.000348673623070172	9.18510060773696e-05	0.303863738731491	3.91116759438939	1.18846200803661	11.3620610348621
"ENSG00000073670"	0.000350906638749411	9.24910355381417e-05	0.513326197699218	3.90949038768027	2.00684383564956	21.1785518092462
"ENSG00000236700"	0.000354871901165441	9.36583898933782e-05	0.586901159811203	-3.90645935204327	-2.29270552446952	306.393804626574
"ENSG00000169442"	0.000355993418206348	9.40426174636586e-05	0.520900522638616	-3.90546950586086	-2.0343611067521	4833.46587975882
"ENSG00000261167"	0.000355993418206348	9.4078526838614e-05	0.326403943027869	-3.90537719145213	-1.27473051430108	15.432035156931
"ENSG00000224174"	0.000358394776898466	9.48349815494318e-05	0.274228416096409	-3.90344022143347	-1.07043422925072	19.2842707035706
"ENSG00000112290"	0.00035862513892127	9.49312215926482e-05	0.35705514891142	3.90319483716466	1.39365581381412	38.5264055175767
"ENSG00000284594"	0.000359564617839251	9.51975980524818e-05	0.402346331043766	-3.90251687716221	-1.57016334736259	633.626602369045
"ENSG00000133216"	0.000359991275064856	9.53282680870779e-05	0.3664417070412	-3.90218496091098	-1.42992331826672	620.917903921057
"ENSG00000286088"	0.000362671696359389	9.61094268146412e-05	0.309377606901022	-3.90020964754576	-1.20663752716999	24.2386135382481
"ENSG00000104738"	0.000363816930198688	9.65560969314207e-05	0.267847718313526	-3.89908695617083	-1.04436154471639	285.34423785644
"ENSG00000042317"	0.000365771814597948	9.71109053219758e-05	0.315189205017987	-3.89769927115603	-1.22851273467486	37.968805897533
"ENSG00000278126"	0.00036608437076924	9.72118965669203e-05	0.359339600849101	3.89744747774088	1.40050722098175	6.72803855047457
"LRG_780"	0.000367659773801384	9.77568416664934e-05	0.367253553651259	-3.89609305678626	-1.43085402046075	619.662857477108
"ENSG00000235978"	0.000369261109542381	9.82371153288665e-05	0.343224689866207	3.89490526861729	1.33682765287943	9.06653834216675
"ENSG00000101187"	0.000371180734003071	9.88391043466461e-05	0.611875330477704	3.8934241788441	2.38229020612011	696.316471659606
"ENSG00000270672"	0.000374308727400325	9.98561702426191e-05	0.290855419863895	3.89094110509575	1.13170130878831	107.382621345855
"ENSG00000169047"	0.000379286689064843	0.000101333432128648	0.51974679044329	3.88737669925136	2.02045156267993	14.4373114607287
"ENSG00000272884"	0.000381718714200236	0.000102020748438109	0.346532388871773	-3.88573499972165	-1.3465330319762	37.6870772141711
"ENSG00000258860"	0.000383310079081922	0.000102502636259806	0.501198067667606	3.88459019327839	1.94694909855166	5.32700145583404
"ENSG00000137965"	0.000383436988834893	0.0001025554362601	0.367680407790755	3.88446506684226	1.42824169982551	2344.4240938649
"ENSG00000265750"	0.000384794262987312	0.000102975245506246	0.269361109611128	-3.8834723530497	-1.04605642216161	55.8383901573868
"ENSG00000285853"	0.00038731953244168	0.000103727249833358	0.263180686271295	-3.88170361598897	-1.02158942155774	20.31696093383
"ENSG00000131471"	0.000387538669912296	0.000103805000869365	0.273949863593348	3.88152143405459	1.06334226739391	33.65718034677
"ENSG00000173200"	0.000389639394625046	0.000104444365471855	0.298399512714592	3.88002817516623	1.15779851678849	196.977754686513
"ENSG00000162817"	0.000392230850849053	0.000105216195871698	0.466868655729507	3.87823698813439	1.81062728925075	81.9491470869047
"ENSG00000050438"	0.000392337722888223	0.000105264164730046	0.262343771139869	3.87812607646856	1.01740221985663	363.931673419256
"ENSG00000177707"	0.00039383507804088	0.000105704652980669	0.499613308382356	3.87710982132652	1.93705566479467	19.7699888983346
"ENSG00000177455"	0.000394302741379919	0.000105849570036906	0.493453414472776	3.8767763551581	1.91300852960009	47.172119466533
"ENSG00000112759"	0.000394545517604054	0.000105934151666811	0.374464711837906	-3.87658192486058	-1.45164313340895	825.793684905577
"ENSG00000236969"	0.000396055416989677	0.000106417487583511	0.340903613887174	3.8754736687488	1.32116297920105	23.857870477819
"ENSG00000253123"	0.000400011993053097	0.000107559305097807	0.637392642319478	3.87287430817987	2.46854158866199	275.821623881061
"ENSG00000238249"	0.000401442976651589	0.000108003327396081	0.274356024531624	-3.87187051196167	-1.06227100116303	8.68927295909811
"ENSG00000275719"	0.000406290756452679	0.000109467457353961	0.337272841309316	-3.86858793719695	-1.30476964543336	24.2453009613431
"ENSG00000060982"	0.000406619022578748	0.000109575905435182	0.283362167247758	3.86834644750392	1.09614303302988	2283.30705339728
"ENSG00000230373"	0.000410343419069242	0.00011072086056645	0.300535399166394	3.86581055448519	1.16181291809386	24.5958782472908
"ENSG00000171130"	0.000414060274182916	0.000111764498447543	0.271708735437424	-3.86352052323393	-1.04975227570442	209.94727063689
"ENSG00000100368"	0.000425939105026198	0.000115243264346915	0.261473530377292	3.85603018406577	1.00824982546908	12086.4023483129
"ENSG00000276991"	0.000426749781142811	0.000115504589524191	0.600477112467714	3.85547615471242	2.31512518856984	32.4599490126065
"ENSG00000224172"	0.000427592064735044	0.000115795666881465	0.393303194560475	3.85486043846715	1.51612892503392	9.41899934278706
"ENSG00000249138"	0.000427592064735044	0.000115789421859367	0.610373620632676	3.85487363323911	2.35291317660159	6.66581027312212
"ENSG00000214269"	0.000428471795468288	0.000116097139386036	0.355096321639552	-3.85422427023947	-1.36862086113592	431.205509706979
"ENSG00000284280"	0.000431768816856119	0.000117139168878468	0.737769917246774	3.85203731121383	2.84191724832571	32.3250724717606
"ENSG00000284762"	0.000432486319837381	0.000117397654115637	0.44401140557838	-3.85149765577377	-1.71010888772194	22.8192062827957
"ENSG00000152766"	0.000434383113226814	0.000117976641485893	0.604046126503447	3.8502929228681	2.32575452596211	1727.35944070468
"ENSG00000156966"	0.000436696465598469	0.000118669385870029	0.693869482821635	3.84885879367378	2.67060566061993	144.274731266475
"ENSG00000276070"	0.000438442975145632	0.00011918712517979	0.642824683537512	3.84779210795723	2.47345574411574	3275.31760342244
"ENSG00000163606"	0.0004412756489408	0.000120152534282139	0.515850877569986	-3.84581471607767	-1.98386689626023	418.871813143871
"LRG_35"	0.000443016736035153	0.000120648398794304	0.511777056177701	3.84480488137027	1.96768292376533	44.1844449068839
"ENSG00000184428"	0.000443510281829137	0.000120826443367265	0.266396116039107	-3.84444324578924	-1.02414474901103	167.433250713276
"ENSG00000132613"	0.000451673713561607	0.00012320595935159	0.356611497977166	3.83965771954328	1.36926609108592	130.906330267195
"ENSG00000161544"	0.000452579721688917	0.000123475360905487	0.385517559397892	-3.83912141881021	-1.48004871961189	222.087729817366
"ENSG00000282508"	0.000453584373533801	0.000123816395549934	0.284357652905223	3.83844409706519	1.09149095424936	131.141887891952
"ENSG00000172828"	0.000455703576083898	0.000124439716196464	0.835381826359847	-3.83721066510473	-3.20553605354268	10.1734180299763
"ENSG00000225889"	0.000457790523804386	0.000125054642792491	0.298843967338661	3.83599953703833	1.1463653203578	52.7889859485781
"ENSG00000270000"	0.000459071909304579	0.000125427262115192	0.329960758085014	3.83526837360939	1.26548806001563	7.15012169956724
"ENSG00000256292"	0.000459272951385053	0.000125549970033783	1.0525550085993	3.83502804100573	4.03657797267936	16.2727867040258
"ENSG00000188886"	0.000459272951385053	0.000125529393157249	0.408357088319402	3.83506832689665	1.56607733547748	17.2701124837282
"ENSG00000112394"	0.000460635969085852	0.000125990554315099	0.772986182302266	3.83416694468027	2.96375806887795	181.620906391617
"ENSG00000135218"	0.000460919456514364	0.000126113440433535	0.491885919013959	-3.83392727713732	-1.88585484214738	2122.29468014678
"ENSG00000280114"	0.000464190597890577	0.000127122641600592	0.349879626034068	3.83196729487179	1.34072728410452	14.061853113073
"ENSG00000255921"	0.000468900725512869	0.0001285509515586	0.505119918549173	3.82921827562873	1.93421442349259	203.705976981957
"ENSG00000185420"	0.000471785401713436	0.000129481048610747	0.265983673944602	-3.82744358379311	-1.01803750623298	51.0230803547286
"ENSG00000128656"	0.000472863695852709	0.0001298700321697	0.317889736892479	3.82670493575761	1.21647022519314	12.8261588282404
"ENSG00000142494"	0.00047316238078581	0.000129975341121014	0.467921876679911	-3.82650532128306	-1.79050555106043	1031.60841136547
"ENSG00000180509"	0.000475749114348672	0.000130756114810411	0.265495230231797	3.8250300909049	1.01552724462835	662.33533139065
"ENSG00000010278"	0.000475751116677514	0.000130780068870226	0.503441473788855	-3.8249849623504	-1.9256560666659	4539.90694791132
"ENSG00000182578"	0.000477009633395176	0.000131172956054655	0.356931965486109	-3.82424588702468	-1.36499560095788	10937.8584712219
"ENSG00000197629"	0.000479159556479787	0.000131811306564097	0.450071121061829	-3.82304949744278	-1.72064417318893	7255.01605741412
"ENSG00000245534"	0.000480071450672291	0.00013208577447905	0.356777765718547	-3.82253677022461	-1.36379612825773	11.2952896447771
"ENSG00000163220"	0.000481985240444076	0.000132730882330084	0.412533231337145	3.82133560081117	1.5764279234263	13243.4224348722
"ENSG00000257764"	0.000482065537793757	0.000132800423634644	0.421325388598866	-3.82120644583263	-1.60997129070692	11.4463362479559
"ENSG00000132514"	0.000483934306257096	0.000133386654759864	0.683529016743369	-3.82012019913058	-2.6111630035532	2379.87965653763
"ENSG00000142627"	0.000484194450394239	0.000133482177292863	0.472923911792817	3.81994362864738	1.80654268368797	12.1135729262796
"ENSG00000227252"	0.000485330289971653	0.000133819179225261	0.318454164105799	-3.81932164036723	-1.21627888043434	10.934548210194
"ENSG00000115226"	0.000485877509222109	0.000134017866696594	0.830389744001855	3.81895562363917	3.17122158266818	23.098502205496
"ENSG00000259005"	0.000487040429531722	0.000134386549057626	0.278120843722158	3.81827779936517	1.06194264312503	20.8778841573453
"ENSG00000220305"	0.000487463317749335	0.000134534339855205	0.389196723621046	3.81800657709747	1.48595565056994	8.85460303401958
"ENSG00000223391"	0.000503581577280555	0.00013947089138575	0.392493012603165	3.80910470425648	1.49504698069451	5.69969231071022
"ENSG00000275915"	0.000504326815570658	0.000139751719407198	0.288569983860681	3.80860726654196	1.09904973743769	29.1422592887271
"ENSG00000123612"	0.000508095015728075	0.000140920882461378	0.566440389662493	3.80654636722795	2.15618160752095	11.2847024940372
"ENSG00000168569"	0.000508145145961505	0.000141009778058287	0.295525856759611	-3.8063903292672	-1.12488676321819	74.8222305594792
"ENSG00000271952"	0.000508145145961505	0.000141003558508943	0.831612094821886	-3.80640124339377	-3.16544931175133	8.92745721529855
"ENSG00000166341"	0.000510400896169945	0.00014166085479097	0.367897752442339	3.80525031391539	1.39994303796998	95.7144231108637
"ENSG00000165832"	0.000511545770361642	0.000142054106340588	0.276356078747392	-3.80456413062666	-1.05141442448297	175.805698882855
"ENSG00000203685"	0.000514545706961183	0.000143114985594182	0.544161474069006	-3.80272189049514	-2.06929474940631	28.8425204294035
"ENSG00000185686"	0.000515213068073877	0.000143325949427281	0.890347123662711	3.80235708074669	3.38541768998136	15.5843097489178
"ENSG00000227032"	0.000516988750925737	0.00014384535494077	0.451320962769785	3.80146104813885	1.71567906017786	27.7971047198768
"ENSG00000127412"	0.000520491247728932	0.000144973506721823	0.551028864813796	-3.79952530969598	-2.09364811823306	23.8229242439383
"ENSG00000198826"	0.000524564294286701	0.000146314420927076	0.278054540877936	-3.79724286837035	-1.05584062236674	101.754525319858
"ENSG00000245904"	0.000531887004430435	0.000148670895276158	0.321975313982634	3.79327909343567	1.22134222713271	18.9351295642882
"ENSG00000162894"	0.000534811895973808	0.000149632566824838	0.437958046995623	3.79167845916915	1.66059609281309	492.140763044095
"ENSG00000282416"	0.000534811895973808	0.000149646303832105	0.292410944458008	3.79165566512957	1.10872161410009	14.385741989746
"ENSG00000231443"	0.000536184971933962	0.00015010963573771	0.267551087460059	3.7908880024172	1.01425620748601	12.86568230893
"ENSG00000232807"	0.000536184971933962	0.000150104864896127	0.581708449097269	3.79089589552288	2.20519617207382	4.70851998640919
"ENSG00000176490"	0.00053687044857783	0.000150327951264512	0.408378705706687	-3.79052706333814	-1.5479705360722	40.5210697172888
"ENSG00000128016"	0.000537407601907546	0.000150531232057338	0.314554171757906	3.79019142444845	1.1922205243213	3300.07723775685
"ENSG00000173040"	0.000538375980398752	0.000150908418748135	0.407394609869819	3.78956977670234	1.54385030075411	41.5496958459899
"ENSG00000268061"	0.000539017801603749	0.000151114839204042	0.34883645421445	-3.78923019069017	-1.3218216239227	13.4807483560375
"ENSG00000275004"	0.000539541720324159	0.000151314804583237	0.312043090548404	3.78890164020274	1.18230057759278	19.2856248552562
"ENSG00000285016"	0.000540208332303708	0.000151554905506102	0.400031759482911	3.78850768514164	1.51552339510174	150.647418870675
"ENSG00000251429"	0.000540516123271365	0.000151693288824905	0.267556320981517	-3.78828089407126	-1.01357849886228	49.8981007777677
"ENSG00000259660"	0.000541484294237276	0.000152099336879912	0.269216638240138	3.78761656001335	1.01968939722947	19.9540875156723
"ENSG00000104341"	0.000543196410148936	0.000152633702025321	0.443070178997483	3.78674482643228	1.67779370806514	50.0391784594249
"ENSG00000263368"	0.000543315919943022	0.000152694010755337	0.504888719287061	3.7866466226046	1.91183516367951	5.32827457620716
"ENSG00000203666"	0.000545334762606052	0.000153368695288213	0.266310842104011	-3.78555048090095	-1.00813313639598	130.534738922563
"ENSG00000267751"	0.000545512677697111	0.000153472402781866	0.395954931267648	-3.78538239275744	-1.49884082514604	21.012521983657
"ENSG00000170522"	0.000547212602005965	0.000154004491148963	0.504787503272515	3.78452166679522	1.9103792432623	22.0633103496069
"ENSG00000212719"	0.000547390783542199	0.000154081565497268	0.278307340389806	-3.78439722062882	-1.05322552545178	141.199736014005
"ENSG00000124256"	0.000547844856010125	0.000154236329739568	0.552886637905934	3.78414751127657	2.09220459484981	216.427559506673
"ENSG00000187595"	0.00055092090072199	0.000155156540566381	0.464858113580778	3.78266761975849	1.75840373402403	8.61755202597822
"ENSG00000285162"	0.000559919070903505	0.000157938604514005	0.427515679202355	-3.77824319682812	-1.61525820648365	395.339304939969
"ENSG00000050327"	0.000561553120930612	0.00015842715213189	0.424550903347905	3.77747382055887	1.60372992289133	100.735150584455
"ENSG00000143226"	0.000562381671314035	0.000158688570772201	0.333543595767102	3.77706304889303	1.25981519076683	7337.6230418853
"ENSG00000236761"	0.000562740187874902	0.000158817417249032	0.659419025701031	3.77686082441049	2.49053388504116	5.16375482641924
"ENSG00000143333"	0.00056413478828343	0.000159294258399591	0.628229230850363	3.77611376305109	2.37226504496506	125.329410201496
"ENSG00000160791"	0.000566796557188466	0.000160129507474093	0.273167176484642	3.77481024539146	1.03115425649888	8912.96325843947
"ENSG00000105889"	0.000567994238245034	0.000160551696819951	0.769723634594092	3.77415379508473	2.9050553766697	23.7263246757701
"ENSG00000277511"	0.000567999568529051	0.000160609086968958	0.35241412182486	3.77406468620249	1.33003369209826	13.6732562238199
"ENSG00000128641"	0.000574057395838547	0.000162406733740038	0.751701251500548	3.77128856488235	2.83488233399177	523.903411933368
"ENSG00000283525"	0.00057477547533091	0.000162638160866952	0.391605022003351	3.77093327294051	1.47671640732304	22.9564555869556
"ENSG00000168874"	0.000576261736650906	0.000163087060751312	0.489391659512232	3.77024546626854	1.84512668550563	16.9998338867488
"ENSG00000205622"	0.000577247496948188	0.000163394436119632	0.794478560118023	3.76977553087225	2.99500583573554	18.8415343342787
"ENSG00000266899"	0.000577497681284123	0.000163493661737019	0.356320524692785	3.76962400589864	1.34319440367632	16.6679130619477
"ENSG00000234718"	0.000578122528380391	0.000163727439781873	0.438498585439983	-3.76926735104982	-1.65281840158046	5.49153367987279
"ENSG00000183779"	0.000580121291828357	0.000164407652608381	0.318663209895081	3.76823232808851	1.2007970092991	179.553985289049
"ENSG00000268758"	0.000580392608640435	0.000164513095778541	0.349197366192814	-3.76807224483364	-1.31580090352015	491.512832032262
"ENSG00000183160"	0.000580585937740626	0.00016466024900424	0.522552660747354	-3.76784899888647	-1.96889951966238	58.171727758616
"ENSG00000162999"	0.000583695187021323	0.000165621499347648	0.266535783125974	-3.76639528855987	-1.00387911779828	13.1128490958656
"ENSG00000149150"	0.000586419387818361	0.000166509873400609	0.348661449153473	-3.76505883054431	-1.31273086800566	62.9414413585837
"ENSG00000083720"	0.00058848289678286	0.000167124742381319	0.333580894327848	3.76413775232476	1.25564443779371	126.60679575346
"ENSG00000142798"	0.000591349307192856	0.000168084233419929	0.441400224910163	-3.76270677705517	-1.66085961766314	231.424900270505
"ENSG00000174946"	0.00059679702306248	0.000169881880961833	0.634223286902651	3.76004634667907	2.38470895289711	48.5312970266826
"ENSG00000177807"	0.000598504110652606	0.000170412327452641	0.718180549583232	-3.75926637095494	-2.69983198832218	52.2704465100875
"ENSG00000256150"	0.000599533117963088	0.000170734810108634	0.306672164531827	-3.75879330351156	-1.15271727841563	11.3695011649083
"ENSG00000224116"	0.000600389502651368	0.000171037761208878	0.670836852584932	3.75834965298432	2.52123945212167	9.27202495280796
"ENSG00000100600"	0.000600629656431048	0.000171169380861469	0.359919972755731	-3.75815713555631	-1.35263581384118	10962.8099054587
"ENSG00000275454"	0.000600629656431048	0.000171197603128082	0.409073904231431	-3.75811587354191	-1.5373471329439	6.65956106828091
"ENSG00000258701"	0.000602409546589585	0.000171761399647444	0.325640542566051	-3.75729291956787	-1.22352690490766	22.8437790857929
"ENSG00000114315"	0.000609192062219331	0.000173905034290574	0.649641754552977	3.75418695331184	2.4388765992694	59.2817012644991
"ENSG00000229083"	0.000614276050959223	0.000175477224907527	0.340576907107978	3.75193177163911	1.277821318465	19.9699669271219
"ENSG00000175857"	0.000614834726453351	0.000175689320530231	0.39404538883605	-3.75162899321447	-1.4783121053998	276.350336292711
"ENSG00000185561"	0.000618070551724278	0.000176682800869233	0.292148683881686	3.7502153044097	1.09562046545625	134.003016359877
"ENSG00000274008"	0.000620403215580094	0.000177502218703946	0.532001284550389	3.74905491468322	1.99450203046142	12.2361197533665
"ENSG00000092853"	0.000621135550859016	0.000177742301227219	0.375988163121118	3.74871588434668	1.40947279941847	62.4325352806712
"ENSG00000175352"	0.000623131000744617	0.000178374620884146	0.361669661768046	3.74782501624812	1.35547460599228	750.980258720217
"ENSG00000279699"	0.000630408962584899	0.000180644047966206	0.559365255249757	3.74465191525977	2.09462817440077	5.54240113954683
"ENSG00000106069"	0.000633994047989588	0.000181764920881706	0.426839692897488	-3.7430985194848	-1.59770302254193	407.485367820367
"ENSG00000263033"	0.00063722245788174	0.00018275319408946	0.428496950925345	3.74173634393401	1.60332261454227	10.3739176255207
"ENSG00000179855"	0.000638759776718537	0.000183225514465062	0.469019322006136	-3.74108777035753	-1.75464244961854	137.211502227517
"ENSG00000178965"	0.000639581125832894	0.000183505735839519	0.980592710619611	3.74070372279679	3.66810680316217	8.06252058345667
"ENSG00000196664"	0.00063982332071312	0.000183625012447872	0.548502177057088	-3.74054041968836	-2.0516945635691	190.875557273719
"ENSG00000228594"	0.000643705384185894	0.000184770804640136	0.384300392732768	-3.73897676133031	-1.43689023779793	101.146142563429
"ENSG00000162733"	0.000648972081997218	0.000186410270896387	0.340789427273495	3.73675516695671	1.27344665320845	9.41020453311367
"ENSG00000012171"	0.000654472362057835	0.000188215536628793	0.308270447272695	3.73433004942682	1.15118359460067	11.8526405037255
"ENSG00000146416"	0.00065668978711061	0.000188917841156181	0.332467488816151	3.73339250632641	1.24123163134338	150.879157434541
"ENSG00000242082"	0.000657148420364073	0.000189082108948714	0.59118016029659	-3.73317368941271	-2.20697822012202	16.5561989309484
"ENSG00000166922"	0.000660849711695711	0.00019030963263807	0.786843836005977	3.73154417003253	2.93614252897414	55.4243885460453
"ENSG00000262050"	0.000664686061169281	0.000191610602048996	0.316270113804935	-3.72982790004941	-1.17963309442145	13.7679833187569
"ENSG00000267130"	0.000670118785390468	0.000193275602063376	0.611431876223752	-3.72764729869002	-2.27920238173844	4.49276115889023
"ENSG00000224796"	0.000670361673017553	0.000193378632948393	0.509173262297444	-3.72751294287184	-1.897949925378	36.0528318298612
"ENSG00000243859"	0.000671035702592107	0.000193686531447423	0.300620382485514	-3.72711183315972	-1.12044578485076	19.1634225960829
"ENSG00000225210"	0.000679850789243111	0.000196350058227386	0.572555600045163	-3.72366676557441	-2.13200625933169	11.5520194875479
"ENSG00000137976"	0.000681020492414869	0.000196754887443552	0.734986242465056	-3.72314699858009	-2.73646182263143	33.7027921647328
"ENSG00000217801"	0.000682330353637036	0.000197166887901611	0.537293595904006	3.72261905501111	2.00013937824769	595.568079221503
"ENSG00000197046"	0.000683182508651741	0.000197446735454987	0.446182830768351	3.72226104499263	1.66080896991357	354.066133999279
"ENSG00000232545"	0.000685766279741909	0.000198294676914745	0.338579919762772	3.72117917387916	1.2599165461149	16.6405186497972
"ENSG00000275532"	0.000688908299318506	0.000199304885295756	0.29446106222034	3.71989592935356	1.09536450670657	12.9523830573218
"ENSG00000225783"	0.000697195109929596	0.000202010979805457	0.598423824008695	3.71648831429212	2.22403514892232	605.933340854902
"ENSG00000172379"	0.000697309648303515	0.000202078469999804	0.854336120168715	3.71640387741998	3.17505806961496	1205.41271802458
"ENSG00000250929"	0.000700506957693946	0.000203142882507173	0.53727267381249	3.71507568464398	1.99600864650444	331.365574576698
"ENSG00000239948"	0.000701919103423867	0.000203586926101295	0.463254321145511	3.71452353079664	1.72076907663822	27.8574375937445
"ENSG00000241679"	0.00070458083770607	0.000204428265485557	0.357901572847059	3.71348044781852	1.32906049301105	10.9062043060672
"ENSG00000157445"	0.000708860659248686	0.00020570489122924	0.665738051511387	-3.71190537808808	-2.471156653803	15.4235618128147
"ENSG00000253831"	0.000716322979337152	0.000208011341353168	0.565692789574743	3.70908287315916	2.09820143728131	159.839868140258
"ENSG00000162772"	0.000717493202039138	0.00020842175118266	0.362651081657996	3.70858371929391	1.34492189722117	4430.32361566937
"ENSG00000116679"	0.00071815696858442	0.000208649894552321	0.280032157578465	3.70830664294136	1.03844511018542	3186.17975026775
"ENSG00000286872"	0.000721577140926026	0.000209750065217035	0.353065135823196	-3.7069744855518	-1.30880345023447	20.3041148934589
"ENSG00000282804"	0.000727648251899727	0.000211738534024297	0.49008901903014	3.70458328273919	1.81557558695311	24.1956881813122
"ENSG00000249249"	0.000732740075954591	0.00021331935111665	0.403106984169322	3.70269729488574	1.4925831398333	23.734773880654
"ENSG00000233038"	0.000733401773125192	0.000213618163195811	0.504361914215558	-3.70234227377251	-1.86732043628108	75.0171537706871
"ENSG00000272909"	0.000733401773125192	0.000213620223272052	0.289789113287006	-3.70233982779781	-1.07289777578469	12.1729716767103
"ENSG00000232656"	0.000733706473532105	0.000213781161094582	0.355941263305408	-3.70214881113773	-1.31774752478098	10.4768533834146
"ENSG00000134986"	0.000736267413571695	0.00021467222354582	0.43258144546081	-3.7010936488453	-1.60102444040332	260.950467092138
"ENSG00000153885"	0.000738777515962658	0.000215449814601961	0.430569559888398	-3.70017621009524	-1.59318324229023	42.3638527739147
"ENSG00000257242"	0.000741481744658257	0.000216411412389681	0.324056964226059	3.69904596164517	1.1987016048634	35.1032984383188
"ENSG00000164741"	0.000744233251792004	0.000217287699202358	0.307814574187301	3.69802008557399	1.13830447797705	64.9590050426247
"ENSG00000230216"	0.000753348335883118	0.000220319552185416	0.308798367053398	-3.69450039389085	-1.14085568871163	17.2006331077627
"ENSG00000160339"	0.000754303339942265	0.00022063595333022	0.838716447024686	-3.69413570676877	-3.09833237480814	4.45459673302493
"ENSG00000173638"	0.000758001646379764	0.000221866873079476	0.435133377244658	-3.69272159124153	-1.60682641722119	194.003067014969
"ENSG00000119862"	0.000759780272815623	0.000222649108872622	0.419038179154046	3.69182675908567	1.54701636287944	28.4644138947456
"ENSG00000170425"	0.00075999450351847	0.000222749274496411	0.53125691945796	-3.69171238867312	-1.96124775113127	54.0171030087296
"ENSG00000266786"	0.000764371720519484	0.000224145013086218	0.2934300384121	-3.69012371973805	-1.08279314482814	371.879328099902
"ENSG00000279873"	0.000767481731872374	0.000225101861602024	0.282685096924002	-3.68903996420999	-1.04283661983922	13.4208853184356
"ENSG00000007038"	0.00076929467011828	0.000225739999373059	0.534398136728503	-3.68831959112294	-1.97103111715534	122.606797453276
"ENSG00000229331"	0.000781635657122381	0.000229707369915835	0.530543209978185	3.68388337685372	1.95445931194125	11.8525882281548
"ENSG00000173114"	0.000786405536962267	0.000231340245639539	0.668744390541513	3.68207839384727	2.46236927141946	15.8804493494366
"ENSG00000258033"	0.000787829448812361	0.000231837650668809	0.323710097003928	-3.68153093715551	-1.19174873678957	14.5486462417963
"ENSG00000239719"	0.000792060692972533	0.000233277615546367	0.275826049627584	-3.67995226692899	-1.01502669660509	84.9524138613811
"ENSG00000141096"	0.000792185453652645	0.000233353330208188	0.63434045188291	-3.6798695122983	-2.33429008930145	13.6902756978579
"ENSG00000276980"	0.000796860442371619	0.000234926437973884	0.377365265772553	3.67815581233216	1.38800824567358	40.1260899649762
"ENSG00000166523"	0.000798843753147609	0.000235707636333105	0.317444904105238	3.67730879407889	1.16734293750172	3914.07579086417
"ENSG00000259379"	0.000806079426750946	0.0002380408696766	0.621483653358866	3.67479456617001	2.28382475232665	7.13838296332937
"ENSG00000175567"	0.000808475819421781	0.000238867855738254	0.279108703354246	3.67390897627122	1.02541997060858	5905.63847592295
"ENSG00000214050"	0.00081106514467344	0.000239752580398598	0.409979116980848	-3.67296473543678	-1.50583883893617	167.822382783454
"LRG_473"	0.000811673671212909	0.000239972390987288	0.607883820170588	-3.67273064504323	-2.23259353496647	21.2807099389564
"LRG_1390"	0.000815113944243393	0.000241149904598572	0.344388924810148	3.6714800503301	1.26441706699509	9.36640735505133
"ENSG00000263781"	0.000827658840256441	0.000245472016327532	0.284654402367057	-3.66693827755393	-1.043810123914	13.5066715521638
"ENSG00000254912"	0.000829736465919432	0.000246169845826451	0.391222153208477	3.66621202540076	1.4343033626961	26.4120463232726
"ENSG00000166926"	0.000830263605946793	0.000246367083386022	0.377272388225458	-3.66600710438597	-1.38308325552319	37.5861823343898
"ENSG00000203446"	0.000830346830859061	0.000246432626454778	0.279485012971379	3.66593904212948	1.02457502074184	405.152823862633
"ENSG00000185897"	0.000830718575905746	0.00024658381970756	0.61866882321311	3.66578210241195	2.26790509945488	16.9311201414347
"ENSG00000196353"	0.000831255339403315	0.000246784040402352	0.837820286490964	3.66557441070049	3.07109260292704	7.02854893558195
"ENSG00000233834"	0.000842278996891314	0.000250222494206348	0.715116590063665	3.66203210223288	2.61877990965245	38.7795428470263
"ENSG00000185022"	0.00084324498643287	0.000250592432262936	0.35965787151632	3.6616537149155	1.31694258133634	2512.66302209099
"ENSG00000234232"	0.000843265462767642	0.00025064000029723	0.643613248437212	3.66160509846236	2.35665755191562	25.9139612394107
"ENSG00000110203"	0.000843786784756191	0.000250836459085088	0.518716955627182	-3.66140440127374	-1.89923254434868	104.317279280471
"ENSG00000242048"	0.000844665504274188	0.000251139231987072	0.326333174743299	3.66109538484587	1.1947368799748	1163.37367232571
"ENSG00000233392"	0.000846480607992214	0.000251803829030348	0.667527593329335	-3.66041830643637	-2.44343022267411	37.1997986669364
"ENSG00000049759"	0.000850607265204693	0.000253156924168064	0.374280716215012	3.65904496388993	1.36950996974765	740.847216723394
"ENSG00000137269"	0.000851591316485688	0.000253491689101481	0.350591309611349	3.65870625196545	1.2827106163598	30.391620648644
"ENSG00000168916"	0.000852128962896974	0.00025371359577958	0.539615459644933	3.65848196005199	1.97417342447615	10.5690120192215
"ENSG00000152503"	0.000853393717931184	0.000254154150351997	0.342190254843455	3.65803721468871	1.25174468672117	301.75922967844
"ENSG00000270959"	0.000857838524129625	0.000255880658219167	0.292568695269172	3.65630122328843	1.06971927840857	30.1135209018622
"ENSG00000197375"	0.000857838524129625	0.000255807588864078	0.373424051577312	-3.65637447109897	-1.36537816908163	142.205662381828
"ENSG00000281183"	0.000857838524129625	0.000255861716252647	0.289423908606719	3.65632020963297	1.05822648618971	107.956039921513
"ENSG00000166171"	0.000861923986496233	0.000257288210845098	0.297878656491558	-3.6548940477095	-1.0887149285507	29.7942201581307
"ENSG00000188873"	0.000873056742890328	0.000260869079905345	0.279325377581496	-3.65134642099671	-1.01991371772575	27.2388182703294
"ENSG00000225329"	0.000873845233051636	0.000261147667787716	0.662909193503875	3.65107233701407	2.42032941835431	5.56796100711737
"LRG_1389"	0.000879735747902569	0.000263081149719585	0.588132269008884	3.64917763245728	2.14619912099357	6.59383078016601
"ENSG00000213750"	0.000886980656489032	0.000265553142236927	0.461080790294314	-3.64677414290278	-1.68145750383448	7.40210312820862
"ENSG00000235513"	0.000891530824138658	0.000267003131511027	0.420654614650586	3.64537407682195	1.53344342754277	59.4657012234689
"ENSG00000106066"	0.000893209303361393	0.000267637636106565	0.476285659479162	-3.64476365884024	-1.73594866289641	4435.6999653315
"ENSG00000072422"	0.000893898889555836	0.000267888234709472	0.438291698962084	-3.64452294690862	-1.59736415430688	62.0691386195187
"ENSG00000134954"	0.000901431674862017	0.000270373527797806	0.460982695093381	3.64214706484216	1.67896676987739	1095.99745574668
"ENSG00000118777"	0.000901431674862017	0.000270500453397201	0.594477722078655	-3.64202627709991	-2.16510348496096	326.534707661725
"ENSG00000163376"	0.000903539166115689	0.000271266210684969	0.357451104188825	3.64129867534295	1.30158623218264	272.506475453275
"ENSG00000275120"	0.00091952727277321	0.000276563840305756	0.361765099463531	-3.63631710917014	-1.31549262067988	20.0147455972595
"ENSG00000287507"	0.000919559506407898	0.000276618771235945	0.388794598148505	3.63626592549414	1.4137605492636	19.7994043806926
"ENSG00000108846"	0.000920226121318663	0.000276909837864338	0.277086626934368	-3.63599487357611	-1.00748555506986	5832.85297555231
"ENSG00000230997"	0.000921013292899057	0.000277192017215488	0.431621403657073	-3.63573235259397	-1.56925990134804	38.6052265408403
"ENSG00000145390"	0.000925341866068128	0.000278995488839608	0.332122457977162	3.63406041365089	1.20695307701924	83.0578969518219
"ENSG00000186918"	0.000928065326671804	0.000279907935745023	0.402415655644923	-3.63321836884719	-1.46206395200082	456.158376534307
"ENSG00000213344"	0.000929021804370716	0.00028024211454158	0.472753186641181	3.63291061785142	1.71747007137184	6.70187147252983
"ENSG00000211454"	0.000929996969309865	0.000280688502109314	0.478010135737169	-3.63250006790128	-1.73637185052276	7.06549081199179
"ENSG00000091986"	0.000929996969309865	0.000280856522756457	0.846444600620435	3.63234569502846	3.07457940114372	9.16988593802942
"ENSG00000165912"	0.000929996969309865	0.000280673968295658	0.298419795164617	3.63251342524889	1.08401391229549	20.7802325204161
"ENSG00000131152"	0.000929996969309865	0.000280792938583731	0.291904226195122	-3.63240410428389	-1.06031410928897	36.2235608557485
"ENSG00000189136"	0.000929996969309865	0.00028080846980245	0.295977484018028	3.63238983595872	1.07510560461972	28.1628908491612
"ENSG00000236882"	0.00093731691928971	0.000283297675723926	0.558983352727504	3.63011253765952	2.02917247707906	4.5547964473746
"ENSG00000187474"	0.000941577759899065	0.000284631805124939	0.497501230920607	-3.62889968932772	-1.80538206232795	6667.23697108932
"ENSG00000121764"	0.000944652957747492	0.000285700825670581	1.03124274892733	3.62793168754099	3.74127824638033	9.73930987527057
"ENSG00000262136"	0.000950957380645607	0.000287841438563185	0.401089788295176	3.62600351368742	1.45435298166245	9.8413430171765
"ENSG00000249863"	0.000953217047349601	0.000288572299753515	0.372910261917925	-3.62534826015935	-1.35192956923972	13.4112540751588
"ENSG00000165023"	0.000954344723156012	0.000289101476052475	1.15316840828675	3.6248747968592	4.18009109973288	16.4819949563855
"ENSG00000213658"	0.000954557245941646	0.000289212813742355	0.327145447035345	3.62477528446607	1.18582873083932	1092.25221390528
"ENSG00000155366"	0.000959785204364347	0.000290957676394175	0.280838441661672	3.62322041607853	1.01753957544825	1726.10615091735
"ENSG00000113749"	0.000969487696915138	0.000294213380670479	0.342017653274123	3.62034242977538	1.23822102188051	1212.78845321235
"ENSG00000248323"	0.000982951129300413	0.000298589296705532	0.422185238430169	3.61652083304442	1.52684171018653	1655.34575362396
"ENSG00000260691"	0.000986850852089626	0.000299919547629364	0.665499744792987	-3.61536948589181	-2.40602747019335	13.1554418299391
"ENSG00000143412"	0.000987660607092563	0.000300214231170058	0.448323088632089	-3.61511508115202	-1.62073955894252	24.7141359646292
"ENSG00000138161"	0.000988535880079856	0.000300577542049075	0.368886850651634	-3.61480175110972	-1.33345283369688	12.7924747460617
"ENSG00000170545"	0.000989803304736181	0.000301011611072367	0.618964811206629	3.61442786184711	2.23720365912818	18.4430144143752
"ENSG00000108691"	0.000996150660993032	0.000303039929534677	0.62085188948404	3.61268741643648	2.2429438086098	25512.1294028756
"ENSG00000129116"	0.000996362020446512	0.000303153241659862	0.433037477003164	3.61259050840632	1.56438707920585	6721.16107337775
"ENSG00000226979"	0.000996723540920421	0.00030331226997903	0.69438696109669	3.61245455966832	2.50844134378797	74.2222602937051
"ENSG00000228278"	0.000998233991676206	0.000303821020587401	0.884203216062383	3.61202009129244	3.19375978120272	77.9741637693459
"ENSG00000164684"	0.000999983389304618	0.000304469963638838	0.545429420507611	-3.61146688752977	-1.96980029164779	72.6791658027319
"ENSG00000138771"	0.00100852023988744	0.000307299014456061	0.902792555491754	3.60906803618496	3.25823975533103	10.9691362068299
"ENSG00000223804"	0.00101056576947911	0.000307972006194564	0.408769151781324	3.60850042833022	1.47504365929109	17.1228561352552
"ENSG00000273026"	0.00101114501881194	0.000308198275116036	0.314515734838195	3.60830985175324	1.13487022454807	7.73264026154387
"ENSG00000130340"	0.00101165063023711	0.000308402152478325	0.320506103646056	3.60813824679143	1.15643033089543	6351.13418342285
"ENSG00000267462"	0.00101953953813298	0.000311007707396821	0.827391050666092	3.60595443688232	2.98353443018611	7.10007578014335
"ENSG00000279491"	0.00102712110117334	0.000313775188817713	0.342862111130514	3.60365359040566	1.23555627778954	11.759001212873
"ENSG00000141854"	0.00102912298554	0.000314589247941046	0.336233564112406	-3.60298040852739	-1.21144294418634	36.0279388613132
"ENSG00000067798"	0.00102969724675169	0.000314815446111853	0.837904034692247	3.60279364467517	3.01879533103691	8.4642302536013
"ENSG00000126251"	0.00103033231570852	0.000315060294886076	0.65687792843938	3.60259162321453	2.36646292247022	14.7431406375086
"ENSG00000128268"	0.00103483950748727	0.000316540341280788	0.497907625076458	3.60137357702102	1.79315136474765	117.040516520735
"ENSG00000278535"	0.00103699196470131	0.000317300768420018	0.369393720232185	-3.60074983373486	-1.33009437670874	995.792096659748
"ENSG00000121743"	0.00104567939689319	0.000320113286445607	0.829788115976682	3.59845494969338	2.98595515313304	231.624002737716
"ENSG00000113070"	0.00104661495015353	0.000320451173246535	0.516318315357693	3.59818052078846	1.85780650484636	1311.05517134849
"ENSG00000232203"	0.00105372669033999	0.000322784145058399	0.281802261178443	-3.59629305802978	-1.01344351561313	16.9145163236471
"ENSG00000123989"	0.00105481791066024	0.00032317030438764	0.360804670093186	3.59598187277328	1.29744705326704	34.6918014609181
"LRG_45"	0.00105796812063511	0.000324239541103735	0.31002375190394	-3.59512204425426	-1.11457322471227	26.0435814699315
"ENSG00000115112"	0.00105932738152117	0.000324812454202156	0.550380681078299	-3.59466242653207	-1.97843275456129	60.0135716582645
"ENSG00000169855"	0.00106009357084188	0.000325099533679076	0.63035432427523	3.59443240320938	2.26576600867804	34.0746217849923
"ENSG00000166455"	0.00106218123321332	0.000325844262609122	0.323130363815146	3.59383657192053	1.16127771897686	20.8992187950076
"ENSG00000071282"	0.00106799145470197	0.000327870677481164	0.754987742147057	3.59222173787629	2.71208337917079	7.93659086343019
"ENSG00000165695"	0.00107153499169793	0.000329082691517621	0.488132188197441	3.59126035164919	1.75300977383723	243.757802002795
"ENSG00000171916"	0.00107283817397694	0.000329588468933786	0.354130292420531	-3.59086014160281	-1.27163235198703	34.2990139681623
"ENSG00000232334"	0.00107292642369971	0.000329668361001004	0.465536965548012	3.59079697741402	1.6716487287643	12.135557270962
"ENSG00000198216"	0.00107930241684797	0.000331940858811876	0.707086939710469	3.58900626971806	2.53773945985663	18.0146296428389
"ENSG00000196391"	0.00108989720534775	0.000335633436908546	0.325117351344764	3.58612087119374	1.16591011924469	19.0335590418992
"LRG_119"	0.00109495356496458	0.000337405998176807	0.293036257866997	-3.58474631938828	-1.05046064683603	711.241872369725
"ENSG00000151150"	0.00109938317889561	0.000338933214390929	0.569169993220582	3.58356743064672	2.03965905020669	53.6016350228829
"ENSG00000283486"	0.00111122887782088	0.000343087474105267	0.595828220746004	3.58038564271038	2.13329480708066	35.9143204220081
"ENSG00000231672"	0.00112230653290772	0.000346773284789126	0.418070537580089	3.57759267581693	1.49568609322137	10.2818991203302
"ENSG00000259673"	0.00113330508367272	0.00035036320731953	0.29627883466514	-3.57489893688545	-1.05916689106607	73.6031835878428
"ENSG00000283646"	0.00113367976493058	0.000350566263397955	0.550306550630129	3.57474734400727	1.96720688025485	14.4315744483722
"ENSG00000124920"	0.00114250656410462	0.000353745391306302	0.394733084188853	3.57238459183131	1.41013838784231	15.5210204874632
"ENSG00000004660"	0.00114327402916162	0.000354095498209442	0.294573587116304	-3.572125604841	-1.05225385304801	285.526489664125
"ENSG00000273112"	0.00114522396444472	0.000354755770568104	0.331907053194357	3.57163782806752	1.18545178659139	1576.15013131556
"ENSG00000267519"	0.00114803090943101	0.000355907654035528	0.312046897700102	3.57078890221299	1.11425359927751	776.917181307291
"ENSG00000174939"	0.00114890261268947	0.000356290932231132	0.607528527513903	-3.57050699992489	-2.16918486014245	47.7580656805512
"ENSG00000162654"	0.00115546029655893	0.000358438244298535	0.499728325534572	3.56893287119913	1.78349684766963	7974.926033849
"ENSG00000173262"	0.00115591542111924	0.000358693156061599	0.398520259416738	3.5687465891302	1.42221781649277	339.097758157338
"ENSG00000134532"	0.00115883673774383	0.000359656679379468	0.867563296577626	3.56804359096619	3.0955036601113	94.6958228489473
"ENSG00000184271"	0.00116806687454557	0.000362923572394225	0.322524398580613	3.56567306494677	1.15001656080705	93.4268820344233
"ENSG00000092067"	0.00116961571880246	0.000363519879545156	0.31191307766809	-3.56524252654696	-1.11204576908842	25.9575176787823
"ENSG00000118308"	0.00117885277089788	0.000366622747816626	0.2898225666689	-3.56301283413771	-1.03264152466402	371.269153255229
"ENSG00000196782"	0.0011826604546615	0.000368239640149656	0.450986764450593	-3.56185793345672	-1.60635078484232	125.571902817843
"LRG_1366"	0.00118325932599771	0.000368517059862824	0.332389568635789	-3.56166025701718	-1.18385871645717	39.9726512125878
"ENSG00000260643"	0.00118424593592718	0.000368999102625088	0.303550944156593	3.5613171063342	1.08104117006877	30.8975414570922
"ENSG00000119698"	0.0011870507938116	0.000369931462947487	0.949895557601385	3.560654576696	3.38224996455657	10.4324983903092
"ENSG00000160460"	0.00118785482909383	0.000370240466211064	0.374276279823122	-3.56043534522905	-1.33258649556308	28.3100934342111
"ENSG00000139567"	0.00118817789233127	0.00037039961155565	0.319756715827543	3.56032250160434	1.13843703039991	345.932946528074
"ENSG00000112486"	0.00118912129503568	0.000370752202279425	0.538356888619407	3.56007265493602	1.91658963777039	28.6786845930204
"ENSG00000130881"	0.0011961297697486	0.000373290400397734	0.387739661996169	-3.5582806087498	-1.37968652052417	84.1270531029706
"ENSG00000157833"	0.00119667349278574	0.000373577822964302	0.305157317081646	3.55807839804773	1.08577365791441	22.0948436258886
"ENSG00000167895"	0.00120049078662729	0.000375005730769545	0.292614964739509	-3.55707597151032	-1.04085365997925	731.053905038165
"ENSG00000272695"	0.00120180698550969	0.000375476001818775	0.782238918139757	3.55674661057537	2.78222562075373	4.78250343617681
"ENSG00000138311"	0.00120283998330126	0.000375857908989061	0.469678050605877	3.55647942013102	1.67040032106706	132.618580545274
"ENSG00000112294"	0.00120292583671883	0.000375943911878921	0.492983588535161	-3.5564192856761	-1.75325634178826	234.088455341165
"ENSG00000100453"	0.00120484299045597	0.000376720879935957	0.904199584344689	3.55587660055389	3.21522214420183	381.910815912675
"ENSG00000257539"	0.00121075678732971	0.000378689081751393	0.447879078947085	-3.55450654804031	-1.59198911884768	6.31448265629617
"ENSG00000160298"	0.00121204247620586	0.00037915083167026	0.362910658073545	-3.55418609096188	-1.28985201318682	26.3515413255126
"ENSG00000091409"	0.00121661593946241	0.000380880747675069	0.422604476069077	-3.55298875384875	-1.50150895079957	399.940893261975
"ENSG00000263535"	0.00121979403441418	0.000381995711485669	0.292987038797912	3.55221973807753	1.04075434221883	352.580718186309
"ENSG00000196876"	0.00122923456835711	0.000385556848083674	0.585940243764341	3.54977751535877	2.0799575026585	6.77323240864717
"ENSG00000163563"	0.001237505199884	0.000388333612261905	0.42610719326976	-3.54788779804912	-1.51178051166274	1896.97997014
"ENSG00000153982"	0.0012426820332832	0.000390080384414605	0.341089287794362	-3.5467054979779	-1.20974325232163	29.0517709394412
"ENSG00000254521"	0.00124394311505629	0.000390598627676323	0.743682204289399	3.54635567740695	2.63736160736823	64.1084091913285
"ENSG00000063660"	0.00125054174430331	0.000392855154423501	0.545896075040316	3.5448375320987	1.93511289542828	7.94515004336794
"ENSG00000235890"	0.00125517315317141	0.000394618832247073	0.651690260315252	-3.54365662793537	-2.30936651032707	49.0732664544443
"ENSG00000125804"	0.00125548252059301	0.000394777856731135	0.582519181472233	-3.54355039255888	-2.06418607417901	5.22723558025655
"ENSG00000225544"	0.00125800839156705	0.000395943412497342	0.30565653482871	-3.542772968136	-1.08287170912527	22.5451832345328
"ENSG00000176125"	0.00125914455919423	0.000396362949344937	0.342496003382329	-3.54249366078403	-1.21328992082576	6.65216797617391
"ENSG00000135253"	0.00126516873365286	0.000398383759548993	0.343103872157453	-3.54115216064362	-1.21498301821556	532.665249781923
"ENSG00000134864"	0.00126611860770483	0.000398745145933015	0.293725878711879	-3.54091292728137	-1.04005776100797	44.3994253882822
"ENSG00000185818"	0.00127092631970269	0.000400446825939382	0.520636951494007	-3.53978915154361	-1.84294503279123	34.667336358758
"ENSG00000272379"	0.00127574710789043	0.000402091288875148	0.42299686578681	3.53870739242982	1.49686213593443	10.6006358432101
"ENSG00000274181"	0.00128115789685898	0.000403922715514032	0.355379837544904	-3.53750749895898	-1.25715884029392	6.39644718667859
"ENSG00000143153"	0.00128149570799304	0.000404092261326022	0.289800522847708	-3.53739667501308	-1.02513940593853	1686.9826144248
"ENSG00000177599"	0.00129099968452687	0.000407279662380501	0.361393207365639	-3.53532126804277	-1.27764109212593	12.9320305167966
"ENSG00000251400"	0.00129099968452687	0.000407277994473391	0.562839692350507	-3.53532235009109	-1.98981974388514	21.2076972316782
"ENSG00000136160"	0.00129511087429267	0.000408655977855895	0.586472877147934	-3.53442979654158	-2.07284721185513	14.8202408411848
"ENSG00000087303"	0.00130152110380106	0.000410855023764828	0.403717358806367	3.53301122696054	1.42633796118175	66.5070817662393
"ENSG00000214076"	0.00131010728740171	0.000414016588659416	0.578161103265169	-3.53098412932662	-2.04147767982328	13.3181094233249
"ENSG00000279803"	0.00131084937069865	0.000414315584747089	0.296769335210237	3.53079317125661	1.04783114219867	48.4431214507275
"ENSG00000285448"	0.00131579633897067	0.000416008612286721	0.527780451286873	3.52971431696554	1.86291421512181	6.50066521774043
"ENSG00000249825"	0.00131721354164234	0.000416586278001702	0.377520094779305	-3.52934714696525	-1.33239946943139	25.7971320667533
"ENSG00000065057"	0.00131740842193803	0.000416777526637322	0.325698284155481	-3.52922569222064	-1.1494627523537	43.3244261851694
"ENSG00000226711"	0.00131814959017514	0.000417076847894851	0.341513868076561	3.52903570909723	1.2052146355941	11.1662391004572
"ENSG00000135436"	0.00132216783335356	0.000418738513928091	0.549344401310622	3.52798333778825	1.93807789453114	29.1907307911912
"ENSG00000162840"	0.00132312602501709	0.000419237245530061	0.479260151924199	3.52766824048044	1.69067081687083	63.6446681788744
"ENSG00000138439"	0.00132312602501709	0.000419230808871501	0.401160696873531	-3.52767230491405	-1.41516348018078	73.8348984086936
"ENSG00000120051"	0.0013238010311747	0.000419516245711699	0.37261680591093	3.52749212155872	1.31440284721118	20.8550929827421
"ENSG00000111859"	0.00132420933096053	0.000419775921325742	0.401952190898458	3.52732829952615	1.41781733801267	158.549173797797
"ENSG00000257336"	0.00133256089075568	0.000422761604309077	0.309820874073557	3.5254514853395	1.0922584606918	36.9289406734011
"ENSG00000126467"	0.00133325711432214	0.00042310318991008	0.584322764387598	-3.5252375526672	-2.05987655189747	9.88311774585998
"ENSG00000173210"	0.00133366419412482	0.000423297982117932	0.757883802358297	3.52511562786826	2.67162803580145	89.4067437009559
"ENSG00000132386"	0.00133827318829381	0.000424985867525541	0.483207819018665	-3.52406133104469	-1.70285398986212	293.06586529384
"LRG_24"	0.00134026437245112	0.000425722503587017	0.408892538066608	-3.52360243417437	-1.44077474244724	4794.13927964286
"ENSG00000188388"	0.00135204745792668	0.000429864360516536	0.400143741041132	3.52103593346259	1.40892049075598	8.98501566761309
"ENSG00000244586"	0.00135241346021236	0.00043004725535285	0.645714917445022	3.52092313577577	2.27351259194772	5.1158941788122
"ENSG00000079263"	0.00135449285870872	0.000430775104857924	0.337934217193895	3.52047468868892	1.18968885807301	684.314448565786
"ENSG00000281162"	0.00136383087296075	0.000434080369345537	0.496798647892219	-3.5184470881522	-1.74795975607432	126.263674732527
"ENSG00000159189"	0.00136389747559032	0.000434168662167697	0.408891322931316	-3.51839312319434	-1.43864041873538	4796.20676100648
"ENSG00000139182"	0.00136456200856524	0.000434447329763587	0.299731804641676	3.51822286751659	1.05452328921236	619.030775715233
"ENSG00000107798"	0.00136531843303871	0.00043475532354681	0.523343377948958	-3.51803481318404	-1.84114022287377	47198.940676143
"LRG_543"	0.00136543943030242	0.000434888911922064	0.322758507631465	3.51795328568441	1.13544935240471	333.185508737717
"ENSG00000178977"	0.00136877638313205	0.000436058434531835	0.284779649305735	-3.51724053565818	-1.00163852626865	94.5424292616075
"ENSG00000213876"	0.00138768711890536	0.000443106901260068	0.646085664817786	-3.51298235565504	-2.26968754074654	72.156440443094
"ENSG00000137101"	0.00139846910977096	0.000446756119581495	0.364852803656079	-3.51080253829055	-1.28092614917818	165.097416376514
"ENSG00000062282"	0.00140053804609697	0.000447485960714276	0.347800970528255	3.51036857135848	1.22090959603036	215.950403914191
"ENSG00000196358"	0.00140671154710181	0.000449804459669508	0.46316006543295	3.50899435020692	1.62522605284569	43.3565659647094
"ENSG00000205045"	0.00141028373727184	0.000451120841971179	0.494724802068165	3.50821704324793	1.735601982333	71.3392779574174
"ENSG00000254477"	0.00141780409225963	0.00045383959210613	0.325100286068596	3.50661833404279	1.14000262353069	13.0713788833292
"ENSG00000183762"	0.00141987646295378	0.000454572807010193	0.607480999934409	3.50618871122245	2.12994302425215	1404.13218406836
"ENSG00000273124"	0.00142970942019461	0.000458002151923816	0.652869025382242	3.50418785361126	2.28777570874348	34.9018905450091
"ENSG00000164241"	0.00143200203373217	0.000459088806268818	0.469760140130645	3.50355675930718	1.64583131420781	6.72991805591254
"ENSG00000118515"	0.00143425446854959	0.000460022586331333	0.309190256756027	-3.50301556204944	-1.08309828105042	9388.17001931795
"ENSG00000167034"	0.00144287067325742	0.000463141044028171	0.8914546143239	3.50121557435022	3.1211747794972	157.20372496654
"ENSG00000177575"	0.00146273790448551	0.000470453582227777	0.523445382628448	3.49703869795186	1.8305087593159	9487.9678388931
"ENSG00000283904"	0.00146273790448551	0.000470420635329804	0.681293826319185	3.49705738079608	2.38252360382031	31.2998169517918
"ENSG00000226380"	0.00147224925879709	0.000473874798322973	0.485382299478067	3.4951052786957	1.69646223709125	109.491028592885
"ENSG00000101445"	0.001472768027391	0.000474114225267941	0.506795144513495	3.49497046021874	1.77123405945695	748.937636055524
"ENSG00000257181"	0.00147672858562295	0.000475461855219509	0.346745040195182	3.49421280843795	1.21160096071234	11.9935536075426
"ENSG00000227017"	0.00147747593110507	0.000475817673854208	0.38881423100975	3.49401309772835	1.35852201573124	52.3684000152116
"ENSG00000142303"	0.00148747845803681	0.000479654727097171	0.4952709607455	-3.4918682770759	-1.72942095638411	37.3313442916605
"ENSG00000273151"	0.00148894124032007	0.000480272909916308	0.316866475519294	3.49152422548777	1.10634697552054	47.9987054643568
"ENSG00000214439"	0.00149096293524532	0.0004810674041101	0.323857516362952	-3.49108265329943	-1.13061335751534	11.0029854165648
"ENSG00000160111"	0.00149492532364831	0.000482497296756029	0.400838915201247	3.49028964370385	1.3990439145204	193.002928001216
"ENSG00000189430"	0.00149695284261823	0.000483298972161719	0.588831268845829	3.48984599791385	2.05493044702815	35.5735912428448
"ENSG00000186431"	0.00149779145453295	0.000483717084760371	0.489482253191857	3.48961488737922	1.70810455784623	2251.67095486752
"ENSG00000163453"	0.00152191210886203	0.00049225561372333	0.306491443983129	3.48493553912744	1.06810292557529	131.241861954207
"ENSG00000173868"	0.00152273540170109	0.000492729562675133	0.626350847862675	-3.48467802493981	-2.18263103544948	25.5699407964487
"ENSG00000173212"	0.00153275602839528	0.000496430934785832	0.482673522719256	3.48267483967536	1.68099493335183	22.6498747746376
"ENSG00000268734"	0.0015351900972376	0.000497456570764662	0.491388396619644	3.48212222892069	1.71107445890296	433.732442004576
"ENSG00000134184"	0.00153572683628395	0.000497781588167797	0.639101636810342	-3.48194733180437	-2.22531823904358	172.21632719963
"ENSG00000219986"	0.00153841645400213	0.000498804744604882	0.287277390822413	-3.48139744913612	-1.00012677560363	31.1063389679719
"ENSG00000113140"	0.00153938545259329	0.000499346107556088	0.474030280713888	-3.48110692566342	-1.65015009316729	2763.6419160982
"ENSG00000284956"	0.00154165446059773	0.000500157967711631	0.299604551190554	-3.48067178930545	-1.04282510927648	56.5780696672238
"ENSG00000124216"	0.00154433541700784	0.000501179690377839	0.532129592720308	3.48012510692075	1.85187755576145	48.0975350071814
"ENSG00000154146"	0.00154532050770348	0.00050157539894862	0.436402014698156	-3.4799136584117	-1.5186413315065	129.68086824977
"ENSG00000024422"	0.00155040660396005	0.000503302498009267	0.689165786543119	3.4789925929188	2.39760266667657	31.0219753559171
"ENSG00000257976"	0.00155111036068002	0.000503777271591639	0.302979315618098	3.47873991155425	1.05398623761607	8.13556566656944
"ENSG00000172794"	0.0015553406610115	0.000505363295256837	0.39259672570863	-3.4778974134368	-1.3654111368658	50.0303548042041
"ENSG00000149218"	0.00156041565809637	0.00050724255552444	0.351564380092677	3.47690233251925	1.22235501317491	268.052300947655
"ENSG00000267727"	0.00156041797422605	0.000507320070427978	0.580163039975286	-3.47686136170426	-2.01714645717895	7.31096429693841
"ENSG00000286065"	0.00160729103531525	0.000523824434718788	0.537993191515432	3.46826808790864	1.86590461764509	105.202698195985
"ENSG00000155792"	0.00161487800953169	0.000526455950864152	0.603561882538846	-3.46692132760892	-2.09250156310572	17.9239672628218
"ENSG00000149557"	0.00161630408968937	0.000527079880487546	0.580887107795849	3.46660293238962	2.01370495127242	55.0751280724979
"ENSG00000102471"	0.0016220301614729	0.00052926633515593	0.423753294699496	3.46548993602456	1.46851277813835	117.497196615943
"ENSG00000267385"	0.0016346847354759	0.000533717167913889	0.54541731973216	3.46323745368914	1.88890968958716	16.2779429394196
"ENSG00000180644"	0.0016520515582667	0.000540037514988304	0.919622028279294	3.46006873699216	3.1819554298985	446.687927229503
"LRG_94"	0.0016520515582667	0.000540037514988304	0.919622028279294	3.46006873699216	3.1819554298985	446.687927229503
"ENSG00000101443"	0.00165691984037153	0.000541943742975845	0.967355440318947	3.45911982728066	3.34619838363509	10.5094147703964
"ENSG00000186281"	0.00165691984037153	0.000541954939916878	0.501701425338207	-3.45911426269762	-1.73544255600312	68.1944786229427
"ENSG00000285062"	0.00165837895517977	0.00054251377666005	0.296009007467032	3.45883667162787	1.02384681015914	25.9679670625868
"ENSG00000226453"	0.00166322528632488	0.000544262819983918	0.621834613830923	-3.45796958743629	-2.15028518304252	11.0706972578608
"ENSG00000233662"	0.00166494367373603	0.000545152749527106	0.32896956459761	-3.45752940288862	-1.1374219422517	15.2262696013855
"ENSG00000106336"	0.0016684224742216	0.000546455963861049	0.347394484196988	-3.4568860023252	-1.20090312970555	10.0618693305761
"ENSG00000248734"	0.00167991479547239	0.000550791126875576	0.352193587604244	3.45475595852461	1.21674289532992	9.44127900795706
"ENSG00000171989"	0.00167991479547239	0.000550798510026736	0.381637906420061	3.45475234421907	1.31846445184756	13.6245853037332
"ENSG00000249237"	0.00169096424244455	0.000554837244052792	0.827722797387468	-3.452781978065	-2.85794635765299	5.63763902692745
"ENSG00000107249"	0.00170885359505565	0.000561547718170589	0.680650133667051	3.44953750589502	2.34792816447695	112.15598075761
"ENSG00000261215"	0.00171897073420208	0.000565295127810945	0.352931212887648	-3.44774133633273	-1.21681553155479	16.0702591534417
"ENSG00000279432"	0.00173151370559995	0.000570057514555179	0.358911793119308	3.44547461153999	1.23662147097487	6.05622844523069
"ENSG00000104783"	0.00173315651072863	0.000570727552283423	0.329749783532328	3.44515711378533	1.13603981250557	2300.12311679451
"ENSG00000137225"	0.0017357158344959	0.000571655721760627	0.816301730529494	-3.44471787311115	-2.81192916100651	9.02121446878307
"ENSG00000106976"	0.0017421397614987	0.000573942836617315	0.42368412730303	-3.44363836213954	-1.45901491421033	40.893196020306
"ENSG00000230555"	0.00174371410346282	0.000574547277892264	0.366807547000432	-3.4433537369821	-1.26304813771718	27.8548351279731
"ENSG00000119865"	0.00175576012796213	0.000578948255496369	0.395771657826897	3.44128972778942	1.36196494062989	88.4452458007361
"ENSG00000053918"	0.00177084310179561	0.000584531543341624	0.506801242612341	-3.43869214925305	-1.74273345420275	549.498343488987
"LRG_287"	0.00177168937515874	0.000584898041946593	0.507081058392702	-3.43852244778003	-1.74360960212736	549.258772060936
"ENSG00000259753"	0.00178787836444369	0.00059068236401042	0.856217139840173	3.4358571364532	2.94183977027341	1111.98697170889
"ENSG00000099998"	0.00180491589369059	0.000597021569715442	0.844677660000376	3.43296390623489	2.89974791918423	856.945801549995
"ENSG00000226318"	0.00181002267624911	0.000598977889764255	0.309143288107241	3.43207680936696	1.06100350988431	6.80157021003461
"ENSG00000135454"	0.00182828285558747	0.000605650174612652	0.690576506759191	3.42907140019562	2.36803614897494	5.43525043019919
"ENSG00000280332"	0.00182829451939591	0.000605743978164671	0.299341924535571	3.42902936816066	1.0264522503542	42.4357241765661
"ENSG00000231808"	0.00182833023046744	0.000605935692771506	0.580684522643445	3.42894348241568	1.9911344092579	52.5741821796778
"ENSG00000204959"	0.0018399767320147	0.000610067058922623	0.466212204175763	3.42709879994339	1.59775528544972	115.69400079915
"ENSG00000167680"	0.00184000664124433	0.000610200094553256	0.407629681379005	3.42703959205985	1.39696305698459	2837.40357900706
"ENSG00000117425"	0.00185118434140774	0.000614329474967367	0.369082719609254	-3.42520774707621	-1.26418499051757	43.3722352742156
"ENSG00000061676"	0.0018735370786941	0.000622392556691326	0.353253035427747	3.42166365401033	1.20871307199194	112.208339798593
"ENSG00000142089"	0.00188328092178435	0.000625866030844224	0.362569529778798	3.42015005208622	1.24004219615783	5688.48542462209
"ENSG00000224821"	0.00188695509682064	0.000627314174749797	0.931074700701907	-3.41952131580603	-3.18382978565789	98.6404636507478
"ENSG00000103253"	0.00190367299428206	0.000633714834332285	0.345456096131969	-3.41675843522375	-1.18034003045837	82.3341091905731
"ENSG00000133056"	0.00191804242189375	0.000638970055148785	0.342484518710486	3.41450932820666	1.16941658390332	157.680530035681
"ENSG00000204790"	0.0019274159299526	0.000642377160833769	0.321266859483784	-3.41306034546044	-1.09650317841471	9.56124467908178
"ENSG00000205444"	0.00193407623742489	0.000644787222600771	0.945091274845233	3.41203969838455	3.2246889483688	5.6787118549296
"ENSG00000106089"	0.00193743988368964	0.00064600391241875	0.542258370390678	3.41152578441346	1.84992841240182	39.6217982764707
"ENSG00000226701"	0.00194140984581715	0.000647805144833614	0.314649515559175	-3.4107666176976	-1.07319606394395	11.5552607551846
"ENSG00000107282"	0.00194630499731434	0.00064982152778298	0.347012457534329	-3.40991909677731	-1.18328440576593	156.90242865673
"ENSG00000107331"	0.00194630499731434	0.000649756931085579	0.305468778081167	-3.4099462099506	-1.04163210207612	567.581836076316
"ENSG00000132561"	0.00195521092778155	0.000653283128168402	0.582334238779758	-3.4084698128653	-1.9848686738787	8.73056633058793
"ENSG00000121807"	0.00196174643086336	0.000655942074506998	0.463362295220592	-3.40736142134009	-1.57884280883824	301.02957462378
"ENSG00000162614"	0.00196260485771953	0.000656325650471142	0.503363270158723	3.40720187126021	1.71506027600846	27.7030789273573
"ENSG00000154040"	0.00196375215841272	0.000656805929016534	0.410729940585848	3.40700221953624	1.39935781920597	33.2048193481757
"ENSG00000168140"	0.00196526680477468	0.000657409202699126	0.806288481160001	3.4067516310241	2.74682459826778	10.3726155365025
"ENSG00000250041"	0.00196829388361412	0.000658615456333296	0.435507120755963	-3.40625121659983	-1.48344665991288	15.8261809808621
"ENSG00000270426"	0.00196958335580818	0.000659143819832893	0.309804461065511	3.40603229331454	1.05520399900204	34.141559663047
"ENSG00000254468"	0.00197528947332913	0.000661247779712944	0.359603764924475	3.40516214953497	1.22450912915109	10.7877405114975
"ENSG00000284977"	0.00197636133870603	0.00066170382089892	0.334207759475424	-3.4049738821374	-1.13796869222148	19.3114128235018
"ENSG00000173110"	0.00198115734347147	0.000663483040189943	0.313484971735998	3.40424051908338	1.06717824290739	490.507072015529
"ENSG00000166530"	0.00198115734347147	0.000663592807423201	0.571024152012881	-3.40419533486014	-1.94387775437472	11.7545749438797
"ENSG00000262880"	0.00198115734347147	0.000663601945675779	0.369892986752751	-3.40419157353324	-1.25918658861276	23.5586424878376
"ENSG00000090661"	0.00198925267015998	0.000666509245201675	0.29504301194697	3.40299736011129	1.00403059077482	192.621174465337
"ENSG00000242615"	0.00201655153113758	0.000676548673866504	0.313235587097878	3.39891043600457	1.064659705915	10.5725696990479
"ENSG00000284505"	0.00201657665312987	0.000676656304161692	0.667885167622696	-3.39886692732842	-2.27005280748598	6.42754812131184
"ENSG00000119917"	0.00202060279954045	0.000678206065587588	0.445260020107873	3.39824116102986	1.51310092769156	11362.8188091234
"ENSG00000127561"	0.0020563247679591	0.000691713339399073	0.545946963906664	3.39284275236363	1.85231219966565	19.1597446683927
"ENSG00000092421"	0.00205823389758732	0.000692456789925211	0.669858221559341	3.39254847285731	2.27252648658206	21.9441874891897
"ENSG00000150764"	0.00206546625196892	0.000695398023832905	0.330208118509609	-3.39138711784736	-1.1198635593221	31.3756704273683
"ENSG00000078269"	0.00206829279062649	0.000696654896567275	0.513827047447823	3.3908922295537	1.74233214252534	277.768449178843
"ENSG00000156968"	0.00207008410738209	0.000697461926970676	0.957302819475073	-3.39057490203299	-3.2458069133576	7.38743841716352
"ENSG00000164237"	0.00207952359864519	0.000700744620755587	0.699641884359609	-3.38928764100973	-2.37128759179278	71.612073586952
"ENSG00000236530"	0.00208586599885257	0.000703596142080687	0.546435912042653	3.38817399818506	1.85141994885746	5.70418413570928
"ENSG00000287255"	0.00209423932358879	0.000706630633633191	0.539891265509677	-3.38699349453777	-1.82860820403904	10.7357187626773
"ENSG00000157601"	0.00210653933101985	0.000710988112461982	0.400157005353049	3.38530652387223	1.35465412079485	13087.8515468501
"LRG_442"	0.00211172589160764	0.000713050301062319	0.505260012532065	3.3845115069147	1.71005832639864	27.5678199677231
"ENSG00000263843"	0.00211485826635772	0.000714316059465372	0.303196782996519	-3.38402458789349	-1.02602536863043	18.6255608672293
"ENSG00000231466"	0.00212645687582545	0.00071875665061967	0.318522989253186	-3.38232267265175	-1.07734752831186	9.24457718654296
"ENSG00000142959"	0.00213132335999361	0.000720506401509056	0.350465855295645	3.38165473930305	1.18515452052441	11.986977104102
"ENSG00000154920"	0.0021341706245928	0.000721573922807276	0.403002530643361	-3.38124797360624	-1.36265149009605	22.8010925399091
"ENSG00000173621"	0.00213831116461775	0.000723184241280352	0.327543291094764	-3.3806354383096	-1.10730445745552	211.248842730296
"ENSG00000134824"	0.00214813594216751	0.000727035383811122	0.372282034978202	3.37917565826305	1.25800639060698	3542.20397248548
"ENSG00000251417"	0.00216227717403749	0.000732353322670608	0.314436689222444	-3.37717165111955	-1.06190667291393	8.91643134060061
"ENSG00000187479"	0.00216255856584351	0.000732661395265851	0.731160928010099	3.37705597197424	2.46917137841073	9.18467869567173
"ENSG00000187627"	0.00216691519202847	0.00073477697848545	0.400216783233758	3.37626280328773	1.35123703848361	51.1965090308112
"ENSG00000229314"	0.00216857302950075	0.000735552491066885	0.958173301395111	3.37597258145248	3.2347667937897	264.714766300802
"ENSG00000233028"	0.00217505225302156	0.000738285150819008	0.667566398937068	-3.37495219218605	-2.25300468152241	36.9054818200633
"ENSG00000232053"	0.00217604422845908	0.000738943000248575	0.460512813146858	-3.37470707175508	-1.55409584716053	14.526503448592
"ENSG00000270210"	0.00218563610666448	0.000742522774135423	0.386861294201463	3.37337675860068	1.3050288986614	12.8254320072943
"ENSG00000153976"	0.00219540271701301	0.000746164766422812	0.687216426212571	3.37202942271942	2.31731400896488	20.0690323057551
"ENSG00000122574"	0.00219777179259643	0.000747186189425125	0.808186209014229	-3.37165264928665	-2.72492317273976	6.51165115869304
"ENSG00000144677"	0.00220632034011615	0.000750309548958232	0.353090786001506	-3.37050349257463	-1.190093727414	190.334111622379
"ENSG00000259225"	0.00221354967922537	0.000753312508898126	0.584497991434861	3.369402814822	1.96940917759843	152.432252987183
"ENSG00000232093"	0.00221721837623431	0.000754779428533428	0.462987016126945	-3.36886662388509	-1.55974150592221	13.1426531299502
"ENSG00000230753"	0.00222678380747616	0.000758692672696767	0.395601943208199	3.36744096806345	1.3321661906048	6.89802409952198
"ENSG00000162551"	0.00222808641351942	0.000759246093390843	0.724107773993887	3.3672398996298	2.43824458822433	24.7383130120759
"ENSG00000250765"	0.002238497086466	0.000763124006749772	0.4913234269642	3.36583478445252	1.65371348089252	6.95599464588774
"ENSG00000232341"	0.002238640419141	0.000763353859247212	0.364142527007628	-3.36575170844456	-1.22561333239324	9.66134591818311
"ENSG00000287569"	0.00223976144852724	0.000763972326213038	0.526457237306484	-3.36552829006958	-1.77180672566684	7.99515883181615
"ENSG00000251661"	0.00224773147956358	0.000767207629275249	0.450469196091126	3.36436228144711	1.51554157228278	17.7255621699933
"ENSG00000159259"	0.00225655744664576	0.000770502028589543	0.306268792358328	3.36317965604177	1.03003697174001	39.8462563868698
"ENSG00000284969"	0.00226513019885726	0.000773997813987304	0.315703245281984	3.36192985956021	1.06137216707357	2931.99608397354
"ENSG00000162746"	0.00226578646295718	0.000774433507704961	0.443434907502872	3.36177445985372	1.49072814665075	123.883767514782
"ENSG00000288604"	0.00227543406082174	0.000778850363793668	0.342793837391719	3.36020365695151	1.1518571059841	12.2027319209762
"ENSG00000241343"	0.00227678541280801	0.000779536918198727	0.372515425412775	-3.35996023487868	-1.25163701626584	222.853086952195
"ENSG00000280184"	0.00227951898969723	0.000780584990519601	0.347205700950172	3.35958901793125	1.16646845987532	10.1498503849382
"ENSG00000180155"	0.00228759584070763	0.000784363587649163	0.394228418209155	-3.35825450574338	-1.32391936174298	58.6309026982075
"ENSG00000168672"	0.00229031287737441	0.00078552053232263	0.556685590347064	3.35784709311718	1.86926509132711	28.110145874711
"ENSG00000273320"	0.0022972043411783	0.000788110503831641	0.451067271896327	3.35693706212624	1.51420444254096	15.8886967058914
"ENSG00000228022"	0.00230849551866556	0.000792551663949573	0.492853900728541	3.35538302554626	1.65371361257881	16.3359993518555
"ENSG00000158104"	0.00231561101444009	0.000795108465210146	0.768807065176701	3.35449201980279	2.57895716490325	267.959328451656
"ENSG00000275652"	0.00232893521831643	0.000800027284017298	0.399671704358699	-3.3527853406769	-1.3400134314572	20.6277680343975
"ENSG00000286030"	0.00233829786345482	0.000803496986944568	0.619468133594118	3.35158730771183	2.07620153408599	63.4483727930759
"ENSG00000167914"	0.00234431167458421	0.000806157112622917	0.637912902216743	-3.35067205571239	-2.13743693543603	51.4053578267679
"ENSG00000278571"	0.00235128957357528	0.000808978712986302	0.35196389060596	3.34970430395776	1.1789749592005	7.78975240332631
"ENSG00000215270"	0.0023718662563179	0.000816291633667849	0.338154049862323	-3.34721062313688	-1.13187282795592	11.8833158828601
"ENSG00000154451"	0.00241241130843961	0.00083238158782937	0.50803955960681	3.34179617888692	1.69776465901743	31669.1059575798
"ENSG00000182257"	0.00243977432459517	0.000842663101779942	0.356551170493407	-3.33838695551744	-1.19030577654966	13.7580978041073
"ENSG00000276830"	0.00244236215911901	0.000843797198125383	0.796746131570508	-3.33801326892773	-2.6595491591492	5.22777279044878
"ENSG00000164171"	0.0024470919142146	0.000845672013840887	0.681465833155389	3.33739653446257	2.27432170992744	10.2569853400941
"ENSG00000285413"	0.00245766677797455	0.000849689202853461	0.50876436569915	3.33607930883509	1.69727827348154	22.2096689534164
"ENSG00000122641"	0.00248796442900324	0.000861265529658391	0.796559720644707	3.33231551101388	2.65438831255324	5328.24204593467
"ENSG00000288046"	0.00249066982941312	0.000862814686084573	0.484463906260799	-3.33181539910688	-1.6141443031912	7.99143315441162
"ENSG00000058335"	0.00251001929562534	0.000870135083445088	0.431274851789618	-3.32946337162234	-1.43591382213539	116.081182799306
"ENSG00000242856"	0.00251713935935634	0.000872851010630796	0.308056015705582	3.32859541409193	1.02539384116103	153.620111218457
"ENSG00000273321"	0.00251953626065388	0.00087386408609979	0.430543562658436	-3.32827229595821	-1.43296621179922	10.7902285727713
"ENSG00000153064"	0.00252104355937181	0.000874798750653639	0.437289181292742	3.32797449468291	1.45528724214302	62.7775290555259
"ENSG00000244198"	0.00253544452823883	0.000880820014680373	0.409291351439113	3.32606305119958	1.36132884119717	108.420116028941
"ENSG00000105991"	0.00253663738979687	0.000881359203273087	0.351843190594016	-3.32589247783245	-1.17019262097321	20.6326446670761
"ENSG00000164932"	0.00256792985969914	0.000893242426108454	0.429686477377801	3.32215754835764	1.42748617424787	5.90075737342634
"ENSG00000166578"	0.00257049009780926	0.000894259443708536	0.48583803736022	-3.32184004013129	-1.61387624552198	30.7501146654086
"ENSG00000112299"	0.00258048115472233	0.000898243046576901	0.425062923227765	3.32059959211577	1.41146376949365	817.080856272615
"ENSG00000182048"	0.00259842985905626	0.000905129960250755	0.408229185215863	-3.3184670644456	-1.3546951058843	49.8756198830932
"ENSG00000280561"	0.00261543286153108	0.000912082032437714	0.484823503448637	-3.3163295584668	-1.60783451512615	5.80448774127829
"ENSG00000266698"	0.00261815546414248	0.000913160283390898	0.69324591761224	3.31599938936371	2.29880303948107	13.3682558741322
"ENSG00000053524"	0.00262026034378057	0.000914152221472442	0.617376773556548	3.31569596886183	2.04703367935037	6.25228344485403
"ENSG00000133063"	0.00264656589917346	0.000923850433910608	0.780035989224367	-3.31274538407967	-2.58406062271905	234.738676313744
"ENSG00000198794"	0.0026483701505447	0.000924610535144418	0.490938931143916	-3.3125153453591	-1.62624274304842	21.2641310841619
"ENSG00000286945"	0.00265109433239681	0.00092595286107917	0.559305974880761	-3.31210952848632	-1.8524826487419	36.2943636670851
"ENSG00000101670"	0.00266983540690895	0.000933417957344642	0.79870828260671	3.3098625496383	2.64361463268587	10.265991031569
"ENSG00000216867"	0.00267549344387503	0.000935790947754402	0.371173977709047	-3.30915177110046	-1.2282710257223	12.5672495380191
"ENSG00000225411"	0.00272468168491598	0.000953933468690821	0.44981888531201	-3.30377209717711	-1.48609908207713	9.28149761790278
"ENSG00000172164"	0.00273349044011811	0.00095728642479343	0.320816184995792	-3.30278825716672	-1.05958792851313	992.498900110152
"ENSG00000204116"	0.00274669224714574	0.000962585378230334	0.403251190398032	3.30123990242178	1.33122892044107	19.3863605132276
"ENSG00000204252"	0.00275220595644691	0.000964788451674572	0.36302992911838	-3.30059848634475	-1.19821603454597	2454.26441187051
"ENSG00000112303"	0.00275762628841056	0.000967095523911791	0.470803324463531	3.2999282438376	1.55361718768985	2653.19352955797
"ENSG00000071575"	0.00275900046602068	0.000967713170145979	0.460163492121765	3.29974905871433	1.51842404998349	103.357765629474
"ENSG00000102554"	0.00276426154369692	0.00096996643010577	0.371009302227435	3.29909626304913	1.223995402535	152.031000454481
"ENSG00000131797"	0.0027677226107362	0.000971317055538768	0.469951155641594	3.29870564399098	1.55023052951501	160.492935337268
"ENSG00000090447"	0.00279432036039022	0.000981888544582218	0.338374161256267	-3.29566548667519	-1.11516804483495	78.6512975141722
"ENSG00000213889"	0.00281404915199001	0.000989374719070866	0.323789807091332	-3.29353088358883	-1.06641172944657	51.7327097423461
"ENSG00000054654"	0.00286960749996812	0.0010110256254807	0.601144919158054	3.28744046874784	1.97622813482233	681.986503843341
"ENSG00000255964"	0.00288786313260846	0.00101845192826004	0.553329295484262	-3.28537922963118	-1.81789657453045	6.88486294741356
"ENSG00000089505"	0.00290782974203531	0.00102631851623529	0.312117418680384	-3.28321090324724	-1.02474731210482	25.3346868202615
"ENSG00000134028"	0.00291366825820724	0.00102884252053382	0.399672945643231	3.28251845185036	1.31193381877929	14376.9211930501
"ENSG00000125810"	0.00291534019747806	0.00102957631236201	0.753977047603519	3.28231743369919	2.47479200795807	4215.54951938634
"ENSG00000261188"	0.00292338924942778	0.00103313795591741	0.358428396134425	-3.2813436210988	-1.17612673127637	12.2783134585901
"ENSG00000144681"	0.00293107256580599	0.00103614164983677	0.893621603516018	3.28052477306125	2.93154780807701	76.1313933236325
"ENSG00000110848"	0.00295414733513375	0.00104502526008199	0.624003543441523	3.27811577125758	2.04555585707627	77.2236303457733
"ENSG00000255847"	0.00295612885301171	0.00104587164063657	0.546368984734373	3.2778872447793	1.79093592600382	13.5805656976597
"ENSG00000197647"	0.00295827131206669	0.00104692069160802	0.306769526022174	3.27760423376844	1.00546909728141	20.9950614884935
"ENSG00000161905"	0.00296109638915135	0.00104843312212896	0.920552569005429	-3.27719667459743	-3.01683181793672	4963.12218068463
"ENSG00000268355"	0.00296109638915135	0.0010486021936801	0.32573266321074	3.27715114819183	1.06747517124466	24.366683757778
"ENSG00000217181"	0.00297555747182395	0.00105412121864313	0.412236518108973	-3.27566874069695	-1.35035027614332	7.0680296996244
"ENSG00000162267"	0.00298810367345308	0.00105909518728992	0.655188341830723	3.27433887445297	2.14530865774472	6.49083441235693
"ENSG00000095637"	0.00302077438971372	0.00107275532857848	0.821200916004286	3.270716132834	2.68591508427328	54.7635816009452
"ENSG00000260317"	0.00302337655192389	0.00107382815352669	0.531150751588508	3.27043342433739	1.73709317135698	5.48714377829403
"ENSG00000234076"	0.00303434353818472	0.00107846970008779	0.345652301076161	3.26921329667055	1.13001109870296	20.1214460928255
"ENSG00000120278"	0.00303806177506398	0.00107994069198211	0.544813411335475	3.26882762916357	1.78090113171226	42.0231237013044
"ENSG00000022556"	0.00304383743386646	0.001082293239472	0.531555793778397	3.26821184248001	1.73723694016542	448.639747600545
"ENSG00000108821"	0.00305372756058275	0.0010861103041624	0.701099824546273	3.26721534288255	2.29064410364985	82.964806789737
"ENSG00000138135"	0.00307992723578121	0.00109603471190679	0.604937114001262	3.26463951359335	1.97490160560764	122.409461058622
"ENSG00000185955"	0.00308150165710656	0.00109686562270791	0.347012707415838	3.26442483464192	1.13279690002459	8.99330802660867
"ENSG00000230606"	0.00308150165710656	0.00109689816956036	0.330985724112267	3.2644164287089	1.0804752354602	74.3711315583739
"ENSG00000230649"	0.00309086046156731	0.00110114184684526	0.58632302519173	-3.26332237750188	-1.91336104855277	6.10315373472655
"ENSG00000169994"	0.00309086046156731	0.00110112750780544	0.660734651308091	3.26332606764203	2.15619261140806	43.0863716277436
"ENSG00000188322"	0.00309217399151249	0.00110176191561024	0.644822973780467	3.26316284580678	2.10416237016306	35.9321486190428
"ENSG00000117595"	0.00311120796159752	0.00110946214647877	0.51660212190715	3.26118861261959	1.68473695721872	42.2826626624726
"ENSG00000115648"	0.00311125508179527	0.00110963200231285	0.732658579974285	-3.26114520691294	-2.38930601638678	87.9022946080782
"ENSG00000278182"	0.00313685329750291	0.00112030474910818	0.38912960878336	3.25843009183039	1.26795162688189	7.07092222735136
"ENSG00000270640"	0.00317043917270467	0.00113354741771043	0.531787476215963	3.25509424816091	1.73101835507459	9.96174754378819
"ENSG00000149635"	0.00317169041105434	0.00113415080666834	1.01584498110596	3.25494311347521	3.30651762560919	105.711282204185
"ENSG00000072682"	0.00317236275881093	0.00113454728731579	0.395022461669185	3.25484384489764	1.28573642796026	216.401292277088
"ENSG00000095585"	0.00318156756787936	0.00113846529362232	0.359291155728653	-3.25386459722422	-1.16908477172124	424.960976752692
"ENSG00000131080"	0.00319365599974368	0.00114357644736985	0.452803585540604	-3.25259181215959	-1.47278523484587	121.510098568006
"ENSG00000278404"	0.00319856662382332	0.00114549217933067	0.819816790249252	3.25211610893632	2.66613938994606	7.65146578125084
"LRG_1"	0.00320993259218643	0.0011503521710979	0.703475372656585	3.25091259563373	2.28693694968742	82.6053202834869
"ENSG00000240240"	0.00322483295692537	0.00115632661467085	0.76933345205894	-3.24943952602943	-2.49990252781698	8.04258129944226
"ENSG00000260190"	0.0032425303478631	0.00116442697458681	0.373000018336279	3.24745348079649	1.2113002078833	5.85619588352791
"ENSG00000222041"	0.00327271015777913	0.00117639183013046	0.338782065456559	3.24454317277494	1.09919303753567	310.316533282836
"ENSG00000259287"	0.00327548917068924	0.00117771302383745	0.396755013212035	3.2442234870003	1.2871619324476	6.85257064430242
"ENSG00000159685"	0.00327933763750234	0.00117925807409199	0.602990644607471	-3.24385005533852	-1.95601123587856	194.599738576823
"ENSG00000287985"	0.00328471398410666	0.00118135300756611	0.720468787193363	-3.24334444079701	-2.33672843571136	8.15823496157956
"ENSG00000126266"	0.00328758499608374	0.0011825472988668	0.470384081920226	3.24305656790626	1.52548218630994	16.2626035932257
"ENSG00000105516"	0.0033173247429454	0.00119438704218897	0.414286884070831	-3.24021714851893	-1.34237946617278	155.086873005813
"ENSG00000076555"	0.00331829381042498	0.00119489918793343	0.336171803644962	-3.24009491285402	-1.089228550835	225.387408010846
"ENSG00000103888"	0.00335683675788983	0.00121042962590183	1.02650908174504	3.23641100662919	3.32220529056447	2911.46557890313
"ENSG00000234389"	0.00336523438255874	0.00121395433526679	0.81140888351178	3.23558100792172	2.62537917314968	6.93904954206728
"ENSG00000225062"	0.00342977499879943	0.00123909226639035	0.428754112107422	3.22972526063636	1.38475798647505	24.1931790880208
"LRG_22"	0.0034315889895129	0.00124008523794578	0.467718691806832	-3.2294962128108	-1.51049574385099	2983.26008588603
"ENSG00000173372"	0.00344873177379489	0.00124729811102617	0.467790702470253	-3.22783749123376	-1.50995236748406	2983.86202470722
"ENSG00000109099"	0.00349415244394937	0.00126492856331284	0.483347793789487	3.22382005863608	1.55822631291604	718.944599613399
"ENSG00000162490"	0.00350171830014022	0.00126801202318635	0.571710454890725	3.22312275049278	1.84269297385287	56.4020530180311
"ENSG00000084734"	0.00351224466664637	0.00127251485487261	1.0152570411019	3.22210726595216	3.27126708894351	565.905509916195
"ENSG00000259244"	0.00353836298560816	0.00128371836968025	0.414966855991302	3.21959495732722	1.33602519700753	7.24351601863953
"ENSG00000279686"	0.00354128653391339	0.00128495324056204	1.19111148690283	3.21931928586088	3.83456818139671	6.44422360010089
"ENSG00000132965"	0.00354511538920364	0.00128704012063769	0.44897896149404	3.21885396797952	1.44519771174441	324.533657130757
"ENSG00000171227"	0.00355546083064662	0.00129128400249861	0.914730811036578	-3.21790984122531	-2.94352127890662	138.767194391913
"ENSG00000228709"	0.00359606907308918	0.00130695387209676	0.680631701405356	-3.21444843383712	-2.18785550660234	24.8392577479613
"ENSG00000104043"	0.00360238574862475	0.00130960402805671	0.417048497306723	3.21386681557215	1.34033832597831	337.666768649836
"ENSG00000169282"	0.00361602928423561	0.00131598704470558	1.16609885125128	-3.21247040873052	-3.74605805329939	13.8669259783981
"ENSG00000230438"	0.00361656230662347	0.00131666605901157	0.631536558027243	3.21232222938754	2.02869892402181	590.51791485254
"ENSG00000249617"	0.00362069140376022	0.00131875241801656	0.375000822201794	-3.2118673700525	-1.2044529045728	9.35199084515244
"ENSG00000171631"	0.00364172928717882	0.00132748986707965	0.375730628916569	3.20996965264826	1.20608391639263	815.246291548345
"ENSG00000168062"	0.00364362962478463	0.00132865635016456	0.412975438452271	3.20971717265614	1.32553435668545	738.94067716895
"ENSG00000227543"	0.00364927149117335	0.00133113676244837	0.414845134739478	3.20918097775622	1.33131311512065	21.781725060204
"ENSG00000166503"	0.00364930887524609	0.00133135247100046	0.372074969304022	3.2091343912564	1.19403858011921	117.915608754491
"ENSG00000198283"	0.00364954317956496	0.00133177446408958	0.534280260518176	3.20904327369328	1.71452847628294	8.14101486531872
"ENSG00000150773"	0.00366135611889198	0.00133698575711015	0.35928380436092	3.20792023158729	1.15255378489105	9.67307388426393
"ENSG00000162779"	0.00366265792936345	0.00133800166191721	0.982142001514048	3.20770177294899	3.15041863954428	18.2535542143851
"ENSG00000185272"	0.00369835964998262	0.00135213542496413	0.642113351330227	3.20467823940765	2.0577666842411	148.632587165007
"LRG_65"	0.00371779843569544	0.0013605225582024	0.692532258794348	3.20289779597041	2.21811004533083	62.1358016637558
"ENSG00000280067"	0.00372247937807401	0.00136241866257726	0.382271150829176	3.20249668923827	1.22422209492174	7.60219160161805
"ENSG00000163600"	0.00372707970461654	0.00136501910669373	0.692738713303159	3.20194742121433	2.21811293663639	62.1113492688389
"LRG_263"	0.00373490036139984	0.00136843456767542	0.483200531169087	3.20122746909521	1.54683481345988	699.439134069789
"ENSG00000286105"	0.00374246230497088	0.00137138930095081	0.398577825962226	3.20060597058605	1.27569056951791	24.634714017769
"ENSG00000250274"	0.00376619804475679	0.00138082812020722	0.558971145313961	3.19862885056763	1.78794123203606	90.452767597603
"ENSG00000254233"	0.00377366743916853	0.00138412359437429	0.505940140757833	3.19794149257437	1.61796696888839	12.5088405793029
"ENSG00000228672"	0.00377591385985932	0.00138531904598735	0.458548498118443	3.19769252263376	1.46629710369829	11.0477176469501
"ENSG00000018280"	0.00377714544025446	0.00138595670202961	0.486403940091315	3.19755980263664	1.55530568668007	6694.77231246056
"ENSG00000138411"	0.00377902369117646	0.00138683179536483	0.53371011446126	3.19737775472454	1.70647284744992	16.8342299902373
"ENSG00000261618"	0.00379201236449858	0.00139234456358803	0.609625417049422	3.19623334916995	1.948505088475	173.235030170981
"ENSG00000282608"	0.00379588056693326	0.00139395161511987	0.593132829384319	-3.19590052497863	-1.8955935208114	188.826783344948
"ENSG00000184106"	0.00379886735953876	0.00139542220452951	0.439504822654811	3.19559627230781	1.40447997293702	112.799168293878
"ENSG00000283791"	0.00379886735953876	0.00139529639882599	0.399871356243416	3.19562228888949	1.27783781869993	10.6819155791839
"ENSG00000164485"	0.00380317666890315	0.00139737930637729	0.696296232411046	-3.19519182252645	-2.22480002785575	62.2292291870328
"ENSG00000187912"	0.00381169155012961	0.00140163293669908	0.44998557054427	3.19431457616088	1.43739546705163	25.2870300031681
"ENSG00000237276"	0.00383062495511976	0.0014097257619663	0.429889161437401	3.19265231110016	1.37248662478003	19.9679840020896
"ENSG00000275894"	0.00383283587111622	0.00141072796082702	0.44332891184596	3.19244707222403	1.4153040866549	7.92523734532595
"ENSG00000249751"	0.0038495792106116	0.00141726932370214	1.19431716584031	3.1911107686665	3.81119836911629	6.89329962993861
"ENSG00000102024"	0.00385003515644377	0.0014176265813647	0.788180278674771	3.1910379500881	2.51511318076221	4.72766535323324
"ENSG00000233214"	0.00386853641448565	0.00142500987168775	0.671898350985701	3.18953681524157	2.143044526569	7.2547033106696
"ENSG00000248727"	0.00387481004365725	0.00142751143334067	0.419001425433117	3.18902983576755	1.33620804693534	16.9874559071115
"ENSG00000172965"	0.0038769595654733	0.0014284940547715	0.380291337561646	3.1888309166176	1.21268477453844	363.425881231532
"ENSG00000071967"	0.00389824421029772	0.00143710360645273	0.345823310093377	-3.18709339711073	-1.10217118816558	960.072994635699
"ENSG00000174680"	0.00391586581412294	0.00144456305293723	0.480134814557408	-3.18559572457214	-1.52951541247232	8.07913663545863
"ENSG00000161911"	0.00392921477769829	0.00144987406766602	0.503184884208716	-3.18453374229264	-1.60240924237427	145.141737158033
"ENSG00000008118"	0.00393280504047058	0.00145139233636414	0.408033728323287	3.18423081063422	1.29927356950496	326.036705535085
"ENSG00000169495"	0.00393432124807677	0.00145214543114522	0.417745994932413	-3.18408065819691	-1.33013694250352	706.068464463519
"ENSG00000149927"	0.00394110048971344	0.00145522925402347	0.53329882322811	-3.18346655166712	-1.69773896579013	31.2022822105215
"ENSG00000236849"	0.0039484670573061	0.00145814355564723	0.63813524840606	-3.18288730459206	-2.03111258076435	5.4321356375581
"ENSG00000173581"	0.00395350759126521	0.00146039396412881	0.322227635242674	-3.18244074262822	-1.02547035479703	100.054109837619
"ENSG00000260456"	0.0039563360345408	0.00146182801827214	0.316767647932484	-3.1821565054323	-1.00800423157884	23.3992305064092
"LRG_424"	0.00396582025389661	0.00146552743739037	0.595894656996301	-3.18142444557991	-1.89579382875849	187.936034003548
"ENSG00000067715"	0.0039683686726316	0.00146705482953692	0.689786231539379	3.18112269406426	2.19429463520299	24.5174039745942
"ENSG00000160883"	0.00398769780181434	0.00147518139854604	0.428130343529105	-3.17952206113502	-1.3612498722921	4026.33727438588
"ENSG00000076864"	0.00399366289142804	0.00147758454380314	0.565138811806417	-3.17905028718098	-1.79660470197031	98.5534939054786
"ENSG00000267076"	0.00399970303032608	0.00148021435861401	0.348016563281729	-3.17853482407202	-1.10618276574484	8.63560549559467
"ENSG00000279384"	0.00400465872483769	0.00148263781794217	0.773347461921333	3.1780605547442	2.45774506384373	8.26680095930306
"ENSG00000185339"	0.00402807705671299	0.00149249687087575	0.413998517825591	-3.17613847950266	-1.31491662292293	2112.63575863418
"ENSG00000158163"	0.00402914791615767	0.00149309185617944	0.450220724453702	-3.17602285857416	-1.42991131226877	75.7540436044285
"ENSG00000139438"	0.0040531435335648	0.00150298091086243	0.324126529133083	3.17410735135556	1.02881239889068	7.3242627142724
"ENSG00000169891"	0.00405792481656152	0.00150495352184461	0.386146886409695	-3.17372664669968	-1.22552466293856	78.9609891552498
"ENSG00000270120"	0.00406670130673786	0.00150860854752608	0.322587251486093	3.17302245733177	1.0235765934143	19.8050267819562
"ENSG00000168329"	0.00407285811873987	0.00151169394460313	0.738787367603548	-3.17242923679424	-2.34375064475975	80.7583641072565
"ENSG00000229677"	0.00407757428854682	0.00151364500105147	0.392110372152798	3.17205468809667	1.24379554423861	7.10129387443354
"LRG_116"	0.00410025922205018	0.00152287274333328	0.413863310067367	-3.17028922136466	-1.31206639102487	2101.52820298077
"ENSG00000124140"	0.00411319021877113	0.00152808011275873	0.728743871002334	-3.16929728353573	-2.30960597076101	24.2223193457054
"ENSG00000229765"	0.00412280976072891	0.00153185665696505	0.408928759519193	-3.16857984567962	-1.29572342573129	7.64911174269791
"ENSG00000144061"	0.00413059330943839	0.00153515507933919	0.501856499609488	3.16795456912461	1.58985859098276	5.74626734762671
"LRG_83"	0.00416005784824398	0.00154774289188652	0.740550139032099	-3.16557963434026	-2.34427043832786	79.9990786649989
"ENSG00000143028"	0.00418695383130208	0.00155836740887601	0.49938203741884	3.16358891578602	1.57983947832088	42.9709436985553
"ENSG00000138030"	0.00419741971123706	0.00156267573665103	0.354436674598098	-3.16278522293528	-1.12100707688518	56.9787203706362
"LRG_84"	0.00420175938043909	0.00156470476731227	0.386034019759666	-3.16240742585497	-1.22079685072061	74.5789628418117
"ENSG00000278965"	0.00425813519805568	0.0015888407849888	0.588119394064628	-3.15794766599622	-1.8572502678135	5.77517519071169
"ENSG00000093100"	0.00425863685293324	0.00158923746390946	0.36559832381915	3.15787489153521	1.15451376717585	86.6599561103186
"ENSG00000225932"	0.00428188706337431	0.00159854589354327	0.572833550287808	3.15617195550095	1.80796118658843	8.6508311449356
"ENSG00000183486"	0.00428280684001068	0.00159909995649749	0.356798967584646	3.15607088022072	1.12608283168672	6356.09572990956
"ENSG00000159784"	0.00428928770065922	0.00160194176620449	0.358302971482117	-3.15555296748103	-1.13064400491766	55.5220906658032
"ENSG00000023892"	0.00433505890787364	0.00162052895714934	0.336553582153433	-3.15218620626684	-1.06087955933375	511.046901681751
"ENSG00000197847"	0.00433996516216037	0.00162279000381646	0.357173352947992	3.15177908283174	1.12573150276636	7.39005329928752
"ENSG00000241106"	0.00434001349016188	0.00162302157380021	0.404817450126912	3.15173741588219	1.27587830416701	171.357685564831
"ENSG00000267629"	0.00436204549368722	0.00163190456412295	0.704198551758652	-3.15014319398387	-2.21832627503581	18.8354070634469
"ENSG00000182253"	0.00436215057805908	0.00163237305427467	0.488201898746666	3.1500593363822	1.53786494918645	56.9448238850865
"LRG_415"	0.00436215057805908	0.00163237305427467	0.488201898746666	3.1500593363822	1.53786494918645	56.9448238850865
"ENSG00000013619"	0.00440703830265067	0.00165090499186761	0.63282001671937	3.14675984245191	1.99133261611226	289.984077426451
"ENSG00000131095"	0.00440802232970882	0.00165149045961543	0.939146578484017	3.14665616000957	2.95517136633864	3.86497301510828
"ENSG00000139344"	0.00441229550328647	0.00165374259344449	0.476411151704022	-3.14625763711985	-1.49891222445784	34.5642375200171
"ENSG00000279766"	0.00442111374108686	0.00165769509304825	0.330836124170035	3.14555943430983	1.04066469159355	9.63085079445945
"ENSG00000253557"	0.00442444447751804	0.00165938433178855	0.667237138768353	3.14526150006679	2.09863528398282	9.53973007124833
"ENSG00000245552"	0.00443854393569005	0.00166510901483532	0.322374469535021	3.14425389794101	1.01362718243216	11.0375908136323
"ENSG00000126838"	0.00445135835744814	0.001670792220943	0.857680752229822	-3.14325674389001	-2.69591080855104	92.9136739578476
"ENSG00000169429"	0.00445917945579534	0.00167416654892907	0.680374877632539	3.142666172352	2.13819111245391	136757.074230661
"ENSG00000124882"	0.00446675455757289	0.00167788950224452	0.717990999410615	3.14201585402739	2.25593910319713	1951.26091696248
"ENSG00000255150"	0.00451009229191973	0.00169594379572188	0.374196760723617	3.13888087048406	1.17455905403246	21.6781232136721
"ENSG00000222112"	0.00451261090682677	0.00169733485800853	0.550923702159002	3.13864059923322	1.72915149867612	6.53668446374405
"ENSG00000198520"	0.00453524531209813	0.00170732047722126	0.379984987304389	-3.13692113054445	-1.1919829359648	184.220092748325
"ENSG00000163421"	0.00455758288739076	0.00171694066074569	0.773296655065617	3.13527331366379	2.4244963661727	30.0153990403236
"ENSG00000233896"	0.00457267263702929	0.00172330013145815	0.649400079511844	3.13418867164958	2.03534237257436	4.94514688621639
"ENSG00000103196"	0.00458602009325957	0.00172900718195304	0.388870464745058	3.13321843275656	1.21841610809383	285.051476361166
"ENSG00000145014"	0.00461834220844101	0.00174346507809801	0.636780451329843	3.13077360634214	1.99361543005811	79.2441013083059
"ENSG00000159164"	0.00462009349843373	0.00174435348290431	0.449829996518953	3.13062398599843	1.40824857672382	14.5377493943069
"ENSG00000233547"	0.00462980438460844	0.0017487031712428	0.437271623813929	3.12989244475553	1.3686131516812	5.45277182160949
"ENSG00000271856"	0.0046306488527872	0.00174924992820508	0.455508854846727	3.12980060822967	1.42565189095329	150.260273123283
"ENSG00000245105"	0.00463320790170475	0.00175067246620396	0.437001303693884	-3.12956179395859	-1.36762258395047	17.6527727229042
"ENSG00000172738"	0.00467257689671104	0.00176761689963144	0.371840188386682	3.12673081616688	1.16264417571794	77.155144935624
"ENSG00000072840"	0.00467278148967414	0.00176792416553935	0.408319813471031	3.12667971064779	1.27668527623536	421.631685115992
"ENSG00000119608"	0.00467901083843547	0.00177051118502783	0.704072946543755	-3.12624975219617	-2.20110787466044	7.55589625793929
"ENSG00000243156"	0.00468017449055157	0.00177118173729896	0.358937263689332	3.12613840174665	1.12208756383708	190.131547426895
"ENSG00000114993"	0.00468095716926285	0.0017717082083977	0.382643808118547	-3.12605100425752	-1.19616406064191	68.5407294560487
"ENSG00000130558"	0.00470433482212822	0.00178148216552258	0.695600384567163	-3.12443278716562	-2.17335664830666	25.9002660018264
"ENSG00000135525"	0.00470968432022789	0.00178420301800841	0.39140352851882	3.12398376367758	1.22273826813891	64.8826078148669
"ENSG00000203943"	0.00470998734023251	0.00178454951271501	0.785932995826437	-3.12392662669174	-2.45519701245781	10.9966740122462
"ENSG00000188613"	0.00475636115845505	0.00180445972323914	0.572905681699945	3.12066043942887	1.78784409640504	7.5734469241295
"ENSG00000100122"	0.00476453346657459	0.00180849764994537	0.859362499169202	-3.12000207663127	-2.68121278198695	7.24769577158046
"ENSG00000225968"	0.00477085330757943	0.00181113119709713	0.467796360345541	-3.11957341805421	-1.45932509079646	30.2928709027713
"ENSG00000283384"	0.0048537173610869	0.00184521486454543	0.538445031144793	3.11407674665407	1.67675915083943	6.01645656802627
"ENSG00000257718"	0.00486136342883734	0.00184859992645182	0.461750512242529	3.11353594184562	1.43767681603274	5.44314040060082
"ENSG00000235831"	0.00489032190134486	0.00186078159444589	0.337612699220911	3.11159727149501	1.05051475371785	22.5423953688696
"ENSG00000005381"	0.0048961648742856	0.00186376051737613	0.387576703110859	-3.11112496077607	-1.20579955526349	75.464623294156
"ENSG00000187608"	0.0049159297081762	0.00187273512692427	0.436389017162327	3.10970620917494	1.35704163628544	2598.30044765606
"LRG_1231"	0.00492212708548492	0.00187596592721759	0.436474754905445	3.10919699649424	1.35708599699757	2598.01564490065
"ENSG00000054690"	0.00497779670699575	0.00190095611159032	0.445546058777577	3.10528523666699	1.38354759857717	23.656466773709
"ENSG00000273669"	0.0049957604603039	0.00190865527304387	0.337183813491296	-3.10408958789457	-1.04664876466492	17.6029021790733
"ENSG00000122952"	0.00500313407872771	0.0019118627274477	0.451964837455465	-3.10359278968416	-1.40271481071755	79.8472076221327
"ENSG00000106689"	0.00503548637323903	0.00192736747795355	0.477514472448824	-3.10120202011454	-1.48086884659223	8.31249464950922
"ENSG00000244952"	0.00506424608319668	0.00193930111538314	0.384233985664486	-3.09937389908781	-1.19088478631099	8.23830094198337
"ENSG00000234617"	0.00507161433497987	0.00194277158729281	0.340771032702042	3.09884419407336	1.05599633619711	12.0185198516033
"LRG_21"	0.00515436528704024	0.00197903488121552	0.379474597757206	-3.0933606236682	-1.17385177838447	366.290736186612
"ENSG00000187664"	0.00520126486758211	0.00199883319291379	0.719089478643886	-3.09040561896174	-2.22227816533734	18.7822304596425
"ENSG00000223839"	0.00522217180881853	0.00200840905162059	0.608878880999029	-3.088985996929	-1.8808183372318	26.9224868650639
"ENSG00000079308"	0.00522704883989472	0.00201054185749394	0.398815927695368	-3.08867065423846	-1.23181105231557	2282.30974357275
"ENSG00000150782"	0.00527382787573152	0.00203190770969742	0.369495882828316	3.08552846937972	1.14009006578536	956.008799212048
"ENSG00000253882"	0.00528177591717368	0.00203522976973738	0.522199193630049	3.08504263401	1.61100677579435	27.7840209685737
"ENSG00000050165"	0.00536485868674003	0.00207014716345872	0.650733918431077	3.07997968254814	2.00424724751266	9.64544119135986
"ENSG00000203710"	0.00536559923080921	0.00207069686962309	0.401674059673231	-3.07990060447721	-1.2371161791904	2323.22623794651
"ENSG00000128833"	0.00538027658008219	0.00207768453136783	0.564307770167335	3.07889706793849	1.73744553898311	36.2607435300277
"ENSG00000174938"	0.00541415100721778	0.00209196571841975	0.622491050040268	-3.07685566121507	-1.91531511137211	24.0257170352269
"ENSG00000178078"	0.00546944323603551	0.00211507739465148	0.35992357518387	3.07357891497809	1.10625351168868	105.451778579699
"ENSG00000224846"	0.00548064475967129	0.00211994833457769	1.01068680280768	3.07289251056205	3.10573190687161	6.9093631934755
"ENSG00000251131"	0.0055532759247061	0.0021513207352942	0.441109728338774	3.06850590949392	1.35354780814279	6.07227692302713
"ENSG00000157734"	0.00557017533205223	0.00215861886336504	0.397436639656599	3.06749387235713	1.21913445679683	20.2221523402018
"ENSG00000182575"	0.00562494516223327	0.00218295909016422	0.896980099486899	3.06414112200984	2.74847360846228	23.4151470909477
"ENSG00000086288"	0.0056426435198396	0.00219066030394402	0.337942969424922	-3.06308745140223	-1.03514886893508	57.143487658265
"ENSG00000170801"	0.00567402141288029	0.00220535434785356	0.593015206817145	3.06108641528448	1.81527079364508	64.4186661642986
"ENSG00000233746"	0.00571021553788536	0.00222026483724153	0.868216299510667	3.05906835578047	2.6559330078059	10.8752310204214
"ENSG00000265907"	0.00571412678143302	0.00222206671621547	0.533731917135343	3.05882532230111	1.63259270345391	8.67380275243541
"ENSG00000235848"	0.00572354531094077	0.00222685556199481	0.498737247545326	3.05818029003971	1.52522842035177	40.208611486501
"ENSG00000152767"	0.00575003383027652	0.00223942433265935	0.363156493885474	-3.05649336975745	-1.10998541574531	608.689529632333
"ENSG00000124102"	0.00576386744577239	0.00224621455244912	0.95633732122342	3.05558562513886	2.92217057151409	2620.28576736079
"ENSG00000260810"	0.00577240357483075	0.00225040822169095	0.677983134484479	3.05502625326533	2.0712562751212	5.64342915523913
"ENSG00000106078"	0.0057960404307968	0.00226076370404309	0.660698296973014	3.05364906936063	2.01754073967979	27.5183252771477
"ENSG00000227036"	0.00580141372727943	0.00226343035571887	0.586575433570967	3.05329536506841	1.79098805258523	6.47809097362484
"ENSG00000213512"	0.0058689308301144	0.0022903496790288	0.479634809270579	3.04974601206446	1.46276434682024	121.084186902864
"ENSG00000005884"	0.00591676703707287	0.00231047307852639	0.437589613696238	3.04711758604517	1.33338700736452	622.754902453209
"ENSG00000237976"	0.00593068870925597	0.00231736818268497	0.329873496292354	-3.04622180070951	-1.00486783588204	19.1367531273472
"ENSG00000261889"	0.00596489906146504	0.00233366992502123	0.487829403747088	3.04411361080616	1.48500812769796	4.90945071226076
"ENSG00000164935"	0.00596868543609664	0.00233544490155021	0.48469537169441	-3.04388488035573	-1.47535691347901	1635.80705512092
"ENSG00000177098"	0.00597681162779354	0.00233912623395881	0.695325091739507	-3.04341099642683	-2.11616003029151	7.02090148989542
"ENSG00000185800"	0.00599965779352573	0.00234933471253762	0.44582938179062	3.04210046161901	1.35625776814856	69.8975075637295
"ENSG00000139988"	0.00600316339863476	0.00235129806079939	0.554454074845655	-3.0418490107066	-1.6865655790515	18.6067271241595
"ENSG00000182463"	0.00602128491316067	0.00235955150825513	0.568854963687925	3.0407940695045	1.72977079999044	20.8770039961158
"ENSG00000188290"	0.00602128491316067	0.00235958065811875	0.620927343267957	3.04079034961138	1.88810987321903	15.3082085140383
"ENSG00000213214"	0.00602203118867297	0.00236016934672164	0.535550997451487	3.04071523446667	1.62845807678456	40.1378072477167
"ENSG00000286813"	0.00604192179863958	0.00236855936704835	0.406293588505325	3.03964654985946	1.23498890453023	12.5394447500073
"ENSG00000137825"	0.0060533458487668	0.00237393118390245	0.406899560439556	3.03896412948549	1.23655316847923	7.0733640515847
"ENSG00000107736"	0.00608031489388239	0.0023854049231952	0.427101109043921	-3.03751126025719	-1.29732442798924	897.100923294804
"ENSG00000236213"	0.00608152161041595	0.00238617750711716	0.730442481914117	3.03741366139743	2.21865597343098	6.52458776550481
"ENSG00000225603"	0.00613928919946808	0.00241065556818941	0.361441231428738	3.03433628165239	1.09673424220934	6.59666878350982
"ENSG00000157021"	0.00618020807522874	0.00242915498431118	0.595948356845018	-3.03202945558416	-1.80693297196107	21.0713778360798
"ENSG00000161405"	0.00618551403875916	0.00243157329141011	0.655124094134719	3.03172908859279	1.98615877282623	411.837165077997
"ENSG00000237510"	0.00618551403875916	0.00243184908489587	0.548379192996954	-3.03169485090045	-1.66251837574981	27.7956272315534
"ENSG00000235665"	0.00619028638753278	0.00243402986499161	0.840145832033056	3.0314242484871	2.54683844749037	27.7778368996735
"ENSG00000170293"	0.00624003533334373	0.00245475126225808	0.356926486227332	-3.02886404315756	-1.08108180018454	28.6470309803791
"ENSG00000284734"	0.00624945935242696	0.00245944878096299	0.456765709331819	3.02828639809196	1.38321738468437	7.3962350545026
"LRG_330"	0.00624982057988821	0.00245989838939815	0.699092321165204	-3.02823116353693	-2.11701315314184	6.75366507958295
"ENSG00000088538"	0.0063043911115135	0.0024841682803632	0.450997708081719	-3.02526322122418	-1.36438677911602	444.017324132502
"ENSG00000286022"	0.00633190833115941	0.00249594556560313	0.748084400369564	3.02383253670927	2.26208195004213	29.4242256393099
"ENSG00000227591"	0.00638782293364035	0.00251924323391355	0.481593265014925	3.02102047570205	1.45490311457029	215.394118563563
"ENSG00000275993"	0.00644224682984106	0.0025429254507401	0.393237346152555	3.01818627473945	1.18686356087261	75.1937495747253
"ENSG00000163697"	0.00644307503047672	0.00254356931914481	0.486410291686325	3.01810955654801	1.4680395497418	165.608328629787
"ENSG00000230191"	0.00646258565724054	0.00255216436068721	0.442037347464618	3.01708713785773	1.33366519548825	29.1248684571819
"ENSG00000267197"	0.00646258565724054	0.0025522566597166	0.335299457790291	3.01707617557475	1.01162400578222	11.7885678610842
"ENSG00000226435"	0.00648795284218852	0.00256383929463304	0.744902324713456	3.01570338432383	2.24640446162905	11.4334299748011
"ENSG00000260807"	0.006539511194527	0.00258737806058259	0.383828989868441	3.01293092128265	1.15645023205931	22.9221841458731
"ENSG00000100276"	0.006539511194527	0.00258743056560314	0.368914778978955	-3.01292476291371	-1.11151247299053	24.6441065109845
"ENSG00000072201"	0.00655854554614236	0.00259689753546339	0.642571081239838	3.01181623541618	1.93530601488707	29.4250216420608
"ENSG00000100003"	0.00656721180141692	0.00260097511871348	0.604316363082282	3.01133991203505	1.81980198364554	26.4503987116167
"ENSG00000132170"	0.00658168419547051	0.00260735452706238	0.35524299775678	-3.01059606854956	-1.06949317242632	949.227690321525
"ENSG00000138678"	0.00659556088006627	0.00261350073243476	0.508238097319882	-3.00988098881064	-1.52973618691241	512.409730853159
"ENSG00000273445"	0.00659820062579094	0.00261519882727531	0.63755560170924	3.00968369517539	1.91884069923204	11.2015456834979
"ENSG00000275146"	0.00660855674711877	0.00262027584522714	0.463767423829337	3.00909451814135	1.3955200127374	9.16855917152142
"ENSG00000140451"	0.00663507462235897	0.00263176931720191	0.349213967860138	-3.00776457144545	-1.05035340038361	27.0550415086822
"ENSG00000175305"	0.00670694520105362	0.00266357578749045	0.693216298139455	3.00411162797534	2.08249914194276	26.2080461952016
"ENSG00000172014"	0.00673803634202532	0.00267890642051597	0.582485171339718	-3.00236513732612	-1.7488331714398	7.51080331603811
"ENSG00000286977"	0.00674642004392575	0.00268257148834375	0.513826194685345	-3.00194895992715	-1.542480010719	7.53469530877791
"ENSG00000146674"	0.0067467786818795	0.00268304598899616	0.688860538430721	3.0018951172166	2.06788708675838	13.008668425213
"ENSG00000132185"	0.00675170279878283	0.00268566847850049	0.419492041817116	3.00159769399173	1.25914634536614	42.0306186933207
"ENSG00000259932"	0.0067604359397919	0.00268947488415472	0.43856919316435	-3.00116647164613	-1.31621915802174	7.3826607208725
"ENSG00000283537"	0.00676906469041138	0.00269324061472094	0.611683350633163	3.00074040578127	1.8355029457886	11.0088085600276
"ENSG00000267074"	0.0068196898884437	0.00271472503823723	0.690770772743931	2.99831995702122	2.0711517936451	21.6336472494333
"ENSG00000139998"	0.00682973860488081	0.00271906112403091	0.553329586021301	2.99783357446311	1.65879001071843	15.816053033454
"ENSG00000169918"	0.00685198395285964	0.00272892867386618	0.339186199813646	2.99672935872685	1.01644924305655	14.8997588691938
"ENSG00000111728"	0.00688541083328467	0.00274461255323227	0.627695924066011	2.99498175820752	1.87993784227892	18.7232719561712
"ENSG00000227039"	0.00689231063620826	0.00274804101271487	0.367811057020548	-2.99460095224335	-1.10144734159937	494.335249481214
"ENSG00000122254"	0.00692457484058306	0.00276294896359549	0.767751706813806	-2.99295012611615	-2.29784256773427	2179.66206589807
"ENSG00000035720"	0.0069282945224753	0.0027647739652853	0.64855687163262	2.99274859457538	1.94096766608073	25.9979068917756
"ENSG00000259408"	0.00696236393399293	0.00278042455805562	0.430212181049846	2.99102530047112	1.28677551809095	7.38459689453625
"ENSG00000279026"	0.00697910629747683	0.00278917058051465	0.361464438065876	-2.99006612704215	-1.0808025723911	9.57243773360617
"ENSG00000107242"	0.00699555033333321	0.00279608650424697	0.3365276991422	-2.98930960288285	-1.00598548268185	10.8500356207633
"LRG_120"	0.00700404940552273	0.00280017264456332	0.818155744886372	2.98886342789628	2.44535578421412	9.23126760026035
"ENSG00000231249"	0.00704572846616271	0.00281856866818355	0.365249068246708	-2.98686205944584	-1.09094858419404	7.51028559289567
"ENSG00000259207"	0.00704653345814588	0.00281923733840518	0.995700612253407	2.98678953735307	2.97394817101453	2362.30099934357
"ENSG00000135094"	0.00706488607062462	0.00282831773134313	0.484733370780093	-2.98580625524761	-1.44731993060246	358.214077098106
"ENSG00000267980"	0.00719400101042622	0.00288460754801181	0.355737668307847	-2.97977438696281	-1.06001799250159	24.7433303142812
"ENSG00000270039"	0.00722394835713728	0.00289874787235187	0.346389749307531	2.97827604138936	1.03164429134549	6.32395604745555
"ENSG00000221866"	0.00722482535706407	0.00289945519790086	0.578564824242495	2.97820126667106	1.72308249241032	16.5347253435003
"ENSG00000257506"	0.00722938052712468	0.00290233177223918	0.538965087218041	-2.97789734188029	-1.60498270059288	5.10680857149966
"ENSG00000228125"	0.0072710057811757	0.00292192277776585	0.372898447507291	2.97583473441181	1.10968415250043	7.51003514994975
"LRG_481"	0.00728039817198281	0.00292605534558735	0.998791984266857	2.97540125622313	2.9718069246932	2045.18008266135
"ENSG00000136895"	0.00728123854142383	0.00292675128502431	0.488840920047511	-2.97532831189574	-1.45446222943052	6.15416395328012
"ENSG00000088387"	0.00730971710575594	0.00293927723447703	0.512786061209794	2.97401811382785	1.52503503455636	105.843901580411
"ENSG00000183586"	0.00732326566974847	0.00294544569637266	0.346567294270497	-2.97337477212411	-1.03047444962721	15.5927797439721
"ENSG00000203364"	0.00733615745619865	0.00295207437975723	0.64988352584593	2.9726848005138	1.93189887938651	85.0639580650389
"ENSG00000135914"	0.00735029874101724	0.00295848801156056	0.712796046654188	2.97201855772332	2.11844307852806	14.0620951674051
"ENSG00000162685"	0.00737486864816994	0.00296910296225024	0.55163812118148	-2.97091877553755	-1.63887205152032	12.7953619846622
"ENSG00000110944"	0.00740959029371989	0.00298453981331063	0.652605520865654	2.96932579626351	1.93779840789037	128.168162831901
"ENSG00000137959"	0.00741998290160781	0.00298920684785093	0.480665534157224	2.96884566948542	1.42702178955357	4264.22650554361
"ENSG00000000971"	0.00741998290160781	0.00298946628861519	0.591542759869839	2.96881899927585	1.75618338438565	33.1803582147494
"ENSG00000084710"	0.00745872998258596	0.00300653450793533	0.577341142903745	2.96706902843226	1.71301102394939	6.35976488513811
"ENSG00000143590"	0.00748685341911178	0.00301860737027942	0.355156228877745	-2.96583668571128	-1.05333537276449	18.4441843966266
"ENSG00000180383"	0.00749806899681449	0.00302386706197782	0.597524525687134	2.96530120586267	1.77184019655258	6.52026606451732
"ENSG00000168334"	0.00749806899681449	0.00302361984372041	0.965250991213016	2.96532635567822	2.86228420408848	12.2569322393025
"ENSG00000147488"	0.00752824638002824	0.00303714819768849	0.350466700721983	-2.96395284881442	-1.03876677601951	127.141938009689
"ENSG00000235568"	0.00761750128788252	0.00308102595380609	0.341992210869422	-2.95953610633377	-1.01213829615297	5839.65960447987
"ENSG00000259143"	0.00767358701461713	0.00310565247777744	0.383965700840042	-2.95708226467691	-1.13541816419833	46.7176662061509
"ENSG00000196951"	0.00768923829709452	0.00311382377320357	0.345522493584996	-2.95627197776626	-1.02145846547325	12.8797687016809
"ENSG00000139890"	0.00769198297346518	0.00311531364721265	0.423759614760376	2.95612444698511	1.25268615683814	16.9959119062543
"ENSG00000117586"	0.00773044077548382	0.00313279078652281	0.449621993759935	2.95439860651403	1.32836259182241	25.6459958927348
"ENSG00000225790"	0.00773350423238587	0.00313479313630753	0.953617338076987	2.95420143834102	2.81717771177397	12.3529384128896
"ENSG00000219755"	0.00774441189890832	0.00313997652847316	0.362372492810195	-2.95369157081194	-1.07033657750758	9.31263499300756
"ENSG00000118193"	0.00780376658372539	0.00316749695406917	0.61389092243877	2.95099729073283	1.81159044892228	11.6769330132538
"ENSG00000229162"	0.00784141314254533	0.00318354893080611	0.558449971817705	2.94943562057648	1.64711223918907	5.92066927355203
"LRG_168"	0.00785893101572189	0.00319259407358478	0.809299006680288	2.9485587922066	2.38626570167123	851.551998728559
"ENSG00000178726"	0.00785893101572189	0.00319259407358478	0.809299006680288	2.9485587922066	2.38626570167123	851.551998728559
"ENSG00000241571"	0.00787694625046126	0.00320068752601387	0.44731454703581	-2.94777613700088	-1.31858314748552	5.65201315141815
"ENSG00000113721"	0.00790431252486288	0.00321356970852411	0.359965871721204	2.94653411288441	1.0606517205007	38.425110123056
"LRG_47"	0.00795146646352505	0.00323527051947145	0.591853067264512	2.94445207098364	1.74268298962501	31.6177820841875
"ENSG00000237629"	0.00797094285253472	0.0032439792512308	0.379118204402275	-2.94362010500572	-1.1159799686522	7.00488581343749
"ENSG00000106537"	0.00804578177060274	0.00327917261876057	0.551379064670728	2.94027859386515	1.62120806095673	15.1965130486798
"ENSG00000173762"	0.00805362073635525	0.00328277751974811	0.524857009322066	2.93993816565624	1.54304715321813	78.7955075898996
"ENSG00000267554"	0.00805834551677295	0.00328509982770058	0.607045707123461	2.9397190392104	1.78454382290178	22.9929003847456
"ENSG00000169607"	0.00809205077843296	0.00330003448215315	0.73461978446039	2.93831320952909	2.15854301666138	13.3141088466266
"ENSG00000251922"	0.00809755608049604	0.00330267795471235	1.21048504797817	2.93806497789358	3.5564837257285	4.44039427904137
"ENSG00000164292"	0.00810730466597779	0.0033070528478103	0.388406761179277	2.93765455692305	1.14100489191803	224.914919325469
"ENSG00000163359"	0.00813812504861448	0.00332122616112287	0.516897198264487	-2.936328306537	-1.51777987483368	23.8129308134274
"ENSG00000232884"	0.00815424783016696	0.00332860824944537	0.476206725778519	-2.93563957701745	-1.39797131103732	77.8479933423027
"ENSG00000225511"	0.00818814694498179	0.00334405725783347	0.590301355090185	-2.9342027153966	-1.73206383900791	14.205629254764
"ENSG00000123342"	0.00819800747452348	0.00334848760630502	0.436083358139248	2.933791778583	1.27937777088579	2915.82739627707
"ENSG00000267060"	0.00825511930198132	0.00337614391806478	0.7858539149461	2.93123765469226	2.30352458657733	10.4147501212355
"ENSG00000163629"	0.00826092045493253	0.00337906107746773	0.677639688282719	-2.93096936011358	-1.98614116355357	151.686575422253
"ENSG00000232629"	0.0082765219655137	0.00338666419269692	0.550579573840961	-2.93027108253471	-1.61334740386045	1545.46707200388
"ENSG00000137124"	0.00828019656542301	0.00338898245889017	0.372469511528987	-2.93005845463258	-1.09135744134838	83.6268035068842
"ENSG00000254911"	0.00835186129679863	0.00342036822588787	0.353819328394557	2.92719275660591	1.03569737522372	19.210642415467
"ENSG00000137135"	0.00835186129679863	0.00342013289888485	0.578559966329594	-2.9272141540645	-1.69356892241507	8.82760153426385
"ENSG00000239445"	0.0083608704907487	0.00342529168865384	0.4250421169484	-2.92674539046549	-1.24399005653242	133.421078130062
"LRG_300"	0.00836586929421242	0.0034286275771305	0.461524156395373	2.92644261042614	1.3506239570164	97.2864675256923
"ENSG00000284644"	0.00838091632243202	0.00343556551135508	0.448371435693142	2.92581375061223	1.31185131193274	25.768920999489
"ENSG00000118276"	0.008446647660958	0.00346500368185403	0.360479814496953	2.92315824472367	1.05373954180323	18.8394368185098
"ENSG00000249309"	0.00846397903371398	0.0034725297688496	0.643363871471816	2.92248264138156	1.88021974646842	7.95364802884411
"ENSG00000196549"	0.00847421515807718	0.00347756310747146	0.732034029235517	2.92203155084642	2.13902652971941	92.8269893356257
"ENSG00000261308"	0.00850090783292666	0.00348977154003212	0.41790753771599	2.92093988807692	1.22068279644265	7.47754610934699
"ENSG00000146409"	0.00854240478044874	0.00351016859165133	0.371314675336479	-2.9191237391275	-1.08391348346114	185.473783066809
"ENSG00000166278"	0.00855376827774632	0.00351567955335353	0.35208097053265	2.91863469224402	1.02759573507554	8954.9518883772
"ENSG00000203392"	0.0085940298433996	0.00353518681377939	0.363647855506366	-2.91690918956364	-1.06072777149163	14.3720599384393
"ENSG00000156265"	0.00862469780456198	0.00354989155378412	0.353574406322198	2.91561420783222	1.03088656259884	186.225974166997
"ENSG00000162482"	0.00865052100037837	0.00356268013651947	0.406036881296357	-2.91449193529092	-1.18339121596891	9.20065416691772
"ENSG00000132681"	0.00865987867833606	0.00356696006364167	0.726950507873981	2.91411716518148	2.11841895323296	9.22015425222134
"ENSG00000273745"	0.00870085185060156	0.00358597682036304	0.549974543677696	2.91245690154601	1.60177715540872	5.47353826327097
"ENSG00000154263"	0.00872559896719353	0.00359832232103421	0.402479763117648	2.91138335595045	1.1717728834476	18.3694544956261
"ENSG00000285585"	0.00874099042996614	0.00360552955309259	0.52989545758963	2.9107581740146	1.54239753455222	7.39253104383148
"ENSG00000225416"	0.00875255849782866	0.00361116234362894	0.406683276857809	-2.91027035576567	-1.18355828482492	10.5432912857835
"ENSG00000286975"	0.00877919206773286	0.00362387842583365	0.409978208582916	2.90917164072777	1.19269697772579	6.9555025435072
"ENSG00000165568"	0.00882269108143936	0.00364313601621419	0.39316788163844	-2.90751437344271	-1.14314126703979	30.4745076142095
"ENSG00000177469"	0.00886969161693623	0.00366472549639155	0.43516393718355	2.90566587389638	1.26444100182463	528.637843947302
"ENSG00000155265"	0.00920474894122167	0.00382036928458713	0.474968580528617	2.89262516443345	1.37390606835231	38.9364961792838
"ENSG00000108387"	0.00921175276899177	0.00382463564395369	0.49377569255213	-2.89227455065887	-1.42813486930248	112.632811299344
"LRG_295"	0.00921596941080336	0.00382692931361242	0.818691519863651	2.89208620139769	2.36772644779897	25.5099465096618
"ENSG00000172594"	0.00923086932098899	0.00383516383212654	0.477547080951116	2.8914108515317	1.38078481197934	369.819225430465
"ENSG00000213275"	0.00923255546456156	0.0038368393085815	0.431467424772816	2.89127359950387	1.24749037429156	16.1311598282522
"ENSG00000269095"	0.00923255546456156	0.00383690616709052	0.357989355156648	-2.89126812370459	-1.03504321118998	9.62984020060753
"ENSG00000287200"	0.00923973509900812	0.00384034444369931	0.409958748684394	2.89098664115381	1.18518526587072	6.8687243665378
"ENSG00000141401"	0.00925777653079508	0.00384875390898019	0.397520870134283	-2.89029914429191	-1.14895423078729	93.7257442285984
"ENSG00000198208"	0.00929797235053464	0.00386866637843477	0.649846931776318	2.8886766711867	1.8771976716645	19.9161806684176
"ENSG00000115232"	0.00936971613450426	0.00390036097649425	0.372134180297341	-2.88610976817095	-1.07402009282644	682.698418734645
"ENSG00000177494"	0.00946433883894619	0.00394347451622758	1.04574211937537	2.88264830725243	3.01450675023998	22.921536622174
"ENSG00000271734"	0.00947874404397814	0.00395087555512725	0.403315973206896	2.88205755847687	1.16237984903539	6.36363841275436
"ENSG00000279030"	0.00952749843367663	0.00397635265207165	0.525345600072261	2.88003163891006	1.5130119495703	20.7514886265573
"ENSG00000109654"	0.00953739114374646	0.00398141977793351	0.416231290010193	2.87963011061552	1.19859215569369	68.3019824711338
"ENSG00000261468"	0.00954365153559114	0.00398459569637753	0.41556181406963	-2.87937868153063	-1.19655982829029	7.82386111472433
"ENSG00000174500"	0.00956930908275296	0.00399709776769261	0.531498744332611	2.87839069021359	1.5298610375472	31.9382967808885
"ENSG00000251179"	0.00958632807854417	0.00400467817999789	0.599168622380666	2.87779300442599	1.72428326995864	9.67490621444475
"ENSG00000211445"	0.00964221739935409	0.00403087187424789	0.482252949126474	-2.875735610833	-1.38683197923224	1404.67509821452
"ENSG00000236993"	0.00965422347491737	0.00403684078791803	0.349990584229801	2.87526847866282	1.00631689466473	11.0480612567677
"ENSG00000039560"	0.00966261342697823	0.00404177498866568	0.5906394258313	2.87488279713429	1.69801912463168	148.04551604028
"ENSG00000138606"	0.00969305842310246	0.00405832449031016	0.462126525078394	-2.87359231960188	-1.32796323314958	162.066261126896
"ENSG00000061656"	0.00970564801883609	0.00406455045180793	0.485983319502007	2.87310807514858	1.39628259964873	10.5859038720634
"ENSG00000167617"	0.00977846862571616	0.00409841365068387	0.557068872250189	2.87048598456119	1.59905839022948	6.67189045044496
"ENSG00000253541"	0.00988240946168717	0.00414781176343541	0.3954770614627	2.86669604085223	1.133712526343	33.6811243974596
"ENSG00000100427"	0.00992385392765704	0.00416911218723884	0.626844261059959	-2.86507444401764	-1.79595547274201	6.71412474380676
"ENSG00000204366"	0.00994880319601169	0.0041815512842741	0.351009953178852	-2.86413093128154	-1.00533846408724	37.6405695445202
"ENSG00000187808"	0.00996700619876052	0.00418969244236564	0.377955689511744	-2.86351479733882	-1.08228170965527	89.7306503576158
"ENSG00000105926"	0.00999267669025194	0.00420097476362126	0.360428037701344	2.8626627289623	1.03178391000066	22.1240220313373
"ENSG00000236990"	0.0100149277791403	0.00421131457379432	0.535114651475114	2.86188366230937	1.531435878519	7.53199394502602
"ENSG00000116652"	0.0100529665530319	0.00423032290068796	0.480261730154882	2.86045597058214	1.37376753346364	5.86890309866053
"ENSG00000141505"	0.0100646290191443	0.00423716524723717	0.47826824702207	-2.85994347441312	-1.36782015208977	61.6767364263561
"ENSG00000242220"	0.0101083798281197	0.00425906499546659	0.357636936989785	-2.85830819989543	-1.02223658958339	9.0640953659275
"ENSG00000160191"	0.0101126545083679	0.00426136356349271	0.489077937277865	2.85813700615506	1.39785175142785	9.20441667477698
"ENSG00000228187"	0.010115603829493	0.00426360161408381	0.381680542305189	-2.85797040010491	-1.09083169220422	7.99360867124719
"ENSG00000163661"	0.010115603829493	0.00426333418637799	0.617836626649191	2.85799030391531	1.76577108836714	435.532432100514
"ENSG00000136492"	0.0102030675675916	0.00430397994845033	0.452857050798962	2.8549780792063	1.29289695304505	102.258940755956
"ENSG00000240505"	0.0102049414424992	0.0043057744368514	0.811835943607307	2.85484568654087	2.31766634178616	11.1300387752666
"ENSG00000157064"	0.0102456527713264	0.00432547186558065	0.604714441840664	2.8533957408839	1.72548961279914	7.34044898567383
"ENSG00000082781"	0.0102985582413545	0.00434983377903725	0.36822705528653	-2.85161069624808	-1.050040209503	700.113509533273
"ENSG00000257803"	0.0103368844385404	0.00436805575201999	0.375049581761702	-2.85028145208742	-1.06899686650852	8.59888122242162
"ENSG00000128596"	0.0103459602107687	0.00437239985097964	0.363720815939409	2.84996530381474	1.0365917057025	29.689427464057
"ENSG00000146555"	0.0103501729445844	0.00437468939098134	0.516725139502388	2.84979879369029	1.47256267922335	8.95607555319022
"ENSG00000134201"	0.0103616865817822	0.0043805752894449	0.565550639900009	-2.84937109546076	-1.61146364635042	6.68075279707605
"ENSG00000179044"	0.0104339711419375	0.004414214473665	0.454061391839452	-2.84693665691516	-1.29268402091765	9.50174998177371
"ENSG00000264659"	0.0104490321016156	0.00442161423347585	0.48275073123183	-2.84640339967474	-1.37410332257375	11.97217175856
"ENSG00000284424"	0.0104811545616754	0.00443623838295232	0.471691896739804	-2.84535189750675	-1.34212943342716	8.25689769412715
"LRG_26"	0.0105583573073138	0.00447151210442073	0.354253849740938	2.84282852322222	1.00708294850482	8827.69053753632
"ENSG00000162496"	0.010630679533662	0.00450318680954168	0.393435363706134	-2.84057793499078	-1.11758381298872	479.275727845596
"ENSG00000158220"	0.0106886149572908	0.00453401035414655	0.460538699871663	-2.83840155157833	-1.30719376027759	10.1597092554114
"ENSG00000169604"	0.0107191487613889	0.00454857227546932	0.701071552509497	-2.83737802409018	-1.98920501640524	4.52327259143608
"ENSG00000179348"	0.010822923939796	0.00459740005018392	0.819331638045111	2.83396754751275	2.32195927287031	26.2024921932156
"ENSG00000273972"	0.0109115262608655	0.00463718395157501	0.439921772066952	2.83121292635856	1.24551220766252	10.4838581704337
"ENSG00000278058"	0.0109166502705573	0.00463989858016604	0.399795282304556	-2.83102574745979	-1.13183073791715	10.9419840138773
"ENSG00000154165"	0.0109305824300258	0.0046474332911606	0.785190545949684	2.83050673364312	2.2224871275035	30.7176610625825
"ENSG00000101197"	0.010951031769467	0.00465774403181877	1.09399061817414	-2.82979773176874	-3.09577216988545	44.9011898358951
"ENSG00000158966"	0.0110205673671709	0.0046884035119684	0.423359910845605	2.82769784435785	1.19713390728565	6.81719366623297
"ENSG00000261210"	0.0110235109384641	0.004691282621441	0.823273476031267	-2.8275012913736	-2.32780681663204	334.754140834402
"ENSG00000226276"	0.0110338219215304	0.00469621346246956	0.519172637858585	-2.82716492292359	-1.4677866706955	6.22206803493963
"ENSG00000186188"	0.0110937311862698	0.00472280350678761	0.76102042816608	-2.82535651506989	-2.15015402482031	63.5185275596864
"ENSG00000115607"	0.0111061310470034	0.00472972139285262	0.820678173758464	2.82488753570993	2.31832354387947	85.1431589107962
"ENSG00000183856"	0.0111819528862097	0.00477081254339318	0.558668185384572	-2.82211460226233	-1.5766256437932	26.2195347479962
"ENSG00000217825"	0.0111999454178113	0.00477959103205001	0.652619559225016	2.82152501129496	1.84138240921368	11.0064902412547
"ENSG00000138646"	0.0112320232384809	0.004793832822563	0.378111274117684	2.82057056913681	1.06648953163516	2313.16674467564
"ENSG00000272839"	0.0114150643661322	0.00487925493296549	0.658807849756178	-2.81489910927203	-1.85447762946008	17.0507683717002
"ENSG00000286303"	0.0114712016379222	0.00490607177489648	0.549617466650433	2.81313717126077	1.54614932540851	8.40117184032411
"ENSG00000286122"	0.0115717484283362	0.0049536282380648	0.703133379264136	2.81003389747292	1.9758286301769	9.03726968783859
"ENSG00000285837"	0.0116444131585341	0.00498858363537167	0.430662559140396	2.80777003454158	1.2092014285534	77.3368737228415
"ENSG00000182580"	0.0116990980732412	0.00501447469068039	0.602147026868304	-2.80610244639351	-1.68968624518373	24.6539217485297
"ENSG00000185101"	0.0117069258318158	0.00502013343545543	0.40138122672783	2.80573901556515	1.12617096794567	231.039471125875
"ENSG00000113319"	0.0117206365907593	0.00502658942336873	0.546893134554105	2.80532483416062	1.53421289199657	32.3546207106427
"ENSG00000128342"	0.0117794334613864	0.00505412331022297	0.720710896607379	2.80356379048227	2.02055897313446	256.920304106845
"ENSG00000141753"	0.0118007523319586	0.00506443149075199	0.406159319663192	2.80290671888937	1.1384266860235	636.359388471934
"ENSG00000108641"	0.011806763975348	0.00506759227100113	0.369005275986567	-2.80270548431303	-1.03421311074799	10.8212186691315
"ENSG00000261218"	0.0118212368398768	0.00507438570763308	0.38315444168792	-2.80227335636527	-1.07370348331507	11.1687024982696
"ENSG00000114455"	0.0118763568456444	0.00510447312870892	0.870175397994052	2.80036577170632	2.43680939992347	10.9628363071343
"ENSG00000064300"	0.0118766075732926	0.00510516514046787	0.726478570656318	2.8003220168773	2.03437393619844	6.21053508082405
"ENSG00000132329"	0.0119127108629543	0.00512127018060594	0.803997289660679	2.79930523133803	2.25063381892874	2729.32995205997
"ENSG00000133315"	0.0119130725820059	0.00512233718014499	0.428166453045365	-2.79923796885401	-1.19853979235414	17.983736863755
"ENSG00000164330"	0.0119130725820059	0.00512259776856128	0.850269754024983	2.79922154356925	2.38009341331206	102.84348792325
"ENSG00000103316"	0.0119251692616333	0.00512955922981706	0.385188717106436	2.79878303138248	1.07805964531748	8.63521660906606
"ENSG00000284606"	0.0120126788254519	0.00517251956705924	0.384643769302373	-2.79608874041661	-1.07549811241777	14.0521666764848
"ENSG00000287626"	0.0120299808664465	0.00518233679887208	0.377544147192226	-2.79547588453481	-1.05541555882313	236.098376307997
"ENSG00000176046"	0.012042906407945	0.00518849735934584	0.758994645693134	-2.79509183751135	-2.1214597388917	2713.37369213352
"ENSG00000275942"	0.0120821429595953	0.00520718489123448	0.784323313934645	2.79392937917527	2.19134394957411	11.1182630791611
"ENSG00000101977"	0.0120829802686214	0.00520814015710651	0.400205666268189	2.7938700581623	1.11812262809359	12.3503982645398
"ENSG00000225345"	0.012112231522884	0.00522253587652886	0.6678058209977	2.79297728731813	1.86516649038541	15.3340834891292
"ENSG00000145555"	0.012168015115219	0.0052525744114545	0.420304224387749	2.79112154252508	1.17312017510294	215.840435794512
"ENSG00000271134"	0.0122493346305459	0.00529085027541827	0.491829613213674	2.78877074705012	1.37160003786327	6.68607351281016
"ENSG00000169085"	0.0122493346305459	0.00529129316168948	0.539983042808362	-2.78874363624332	-1.50587427431113	5.47854880926903
"ENSG00000288637"	0.0122847576379909	0.00530901199575711	0.434740820245979	2.78766067463511	1.21190988825833	40.2508924275466
"ENSG00000205710"	0.0123072662172272	0.00531995022878665	0.412833463096192	2.78699376669604	1.15056428833263	20.6790532615493
"ENSG00000186407"	0.0123188373747763	0.00532555799141746	0.741937598929726	2.78665233948674	2.0675221458107	4142.61718556153
"ENSG00000182534"	0.0123815930280881	0.00535816971015795	0.583566397187688	2.7846731939792	1.62504170315557	172.12141568322
"ENSG00000272807"	0.0123872683755544	0.00536123510272174	0.376640505025906	-2.78448772064045	-1.04875086134045	7.41956629701655
"ENSG00000247763"	0.0124238898319385	0.00537976910919535	0.504315238575257	2.78336834552119	1.40369507121434	6.35188800882811
"ENSG00000203721"	0.0124361477724439	0.00538911972291706	0.445367301644688	2.78280492918048	1.23937032231265	9.44570123448274
"ENSG00000277297"	0.0124628741431428	0.00540192759126483	0.370216168778237	-2.78203462860559	-1.02995420161075	7.97706691856549
"ENSG00000125780"	0.0124678163230425	0.00540468306959122	0.82900741052892	2.78186912209845	2.3061901173412	28.4854509016418
"ENSG00000228668"	0.0124826389144059	0.00541282075382791	0.499252384671427	2.78138078027528	1.38861098723171	90.3446429520643
"ENSG00000273604"	0.0125335570876916	0.0054399715059127	0.382131456512948	2.77975624675568	1.06223230332371	1805.55779172437
"ENSG00000181908"	0.0126244216181092	0.00548429284915416	0.547186364086459	-2.77711999091677	-1.51960219046157	6.94843397621974
"ENSG00000197320"	0.012627027072189	0.0054861227421081	0.526846123544074	2.77701156187321	1.46305777640997	20.8752912587438
"ENSG00000038945"	0.0126533127547386	0.00549878811862262	0.520940482770129	-2.77626197735111	-1.44626725477764	2139.88874826653
"LRG_58"	0.012753511619923	0.00554986047765833	0.925188366743542	2.7732550480763	2.565783308493	57.8974893920853
"ENSG00000117560"	0.012753511619923	0.00554986047765833	0.925188366743542	2.7732550480763	2.565783308493	57.8974893920853
"ENSG00000143126"	0.012827019754544	0.00558689654204706	0.383224840979775	-2.77109009798946	-1.06195056214264	139.135188496791
"ENSG00000273171"	0.0128424509558711	0.00559488123107018	0.940173322351627	2.77062504889737	2.60486775721248	14.6609265014469
"ENSG00000162444"	0.0129216673135577	0.00563511318057304	0.494138090590018	-2.76829090601988	-1.36791798249837	28.5186805912528
"ENSG00000171657"	0.0129251383059741	0.00563789853202835	0.712106995140867	-2.7681298648935	-1.971204640249	22.7600627458655
"ENSG00000124772"	0.012932894027667	0.00564319018228089	0.560448986129078	2.76782411427778	1.5512242186306	14.8764208500308
"ENSG00000105419"	0.0129451260085839	0.00564916434583569	0.588218691453567	2.76747923883439	1.62788301649208	36.2203152573002
"ENSG00000118971"	0.0130621534537145	0.00570666001684565	0.408309784741845	2.76417685328743	1.12864045595418	505.765744182719
"ENSG00000232320"	0.013070218615653	0.00571211246465277	0.64553236174186	2.76386524025229	1.7841644560763	16.8028247372658
"ENSG00000181374"	0.0131297265868331	0.00574199475388364	0.685689858045428	2.76216218536321	1.89398659678015	6172.41941217007
"ENSG00000151012"	0.0132869382025155	0.00582447394345806	0.394171588385929	2.75750265993964	1.08692920344683	12775.6630315856
"ENSG00000233672"	0.0133656329382545	0.0058648881252081	0.438856430936472	-2.75524120465086	-1.20915532144218	7.78454335818954
"ENSG00000273837"	0.0134730971486724	0.00591867166163145	0.456823899147514	2.75225332785333	1.25729509667168	55.8200091320442
"ENSG00000155961"	0.0136277684838083	0.00599667400077062	0.515285534122155	2.74796319551215	1.4159856829475	13.9617055817805
"ENSG00000224834"	0.013766183627553	0.00606367612166026	0.381010270963048	-2.74431803331422	-1.04561335748183	5.82874083176205
"ENSG00000101255"	0.0138201882972228	0.00609290277054856	0.505990247145155	2.74273934998597	1.38779936155414	300.746422874532
"ENSG00000251432"	0.0138414586375246	0.00610413546499622	0.478909044932822	-2.74213442771571	-1.31323297985474	11.4634410933596
"ENSG00000100479"	0.0138768919737689	0.0061237712316546	0.489712797527459	-2.74107937292265	-1.34234164795876	10.1155394358503
"ENSG00000171659"	0.0138804884290786	0.00612699836059242	0.755088762093484	-2.74090626676541	-2.06962751998617	61.0641774128451
"ENSG00000260971"	0.013925235119617	0.00614880511775297	0.42163789661444	2.73973867977715	1.15517765421446	20.3582575061991
"ENSG00000268434"	0.0139639174746795	0.00616794642882465	0.533758154208342	2.73871687639941	1.46181246484618	15.4038706594226
"ENSG00000159496"	0.0139705680886706	0.00617157130245289	0.685756031299027	2.73852369467884	1.87795914048131	12.0911964513186
"ENSG00000105088"	0.014079924937995	0.00622611399388217	0.53926495192406	-2.73562919791076	-1.4752289478934	11.5603237737254
"ENSG00000081041"	0.0141927043123953	0.00628398179499357	0.621409041158051	2.73258309542883	1.69805184121513	3522.00857491836
"ENSG00000228793"	0.0142022663487768	0.00628999429053706	0.5153323635893	-2.73226805342356	-1.4080261539303	9.42598824591536
"ENSG00000116675"	0.014208635421051	0.00629351403636086	0.396907434453871	2.73208375197895	1.08438435271107	261.701981635576
"ENSG00000234263"	0.0142372315127831	0.00630828139687317	1.08375184806776	2.7313115110838	2.96006389778582	18.0169023862924
"ENSG00000048052"	0.014246463232491	0.00631447430759266	0.383427005872307	2.73098814462706	1.04713460736712	276.121447563618
"ENSG00000274822"	0.014264678906195	0.00632465323600626	0.63595062790241	-2.73045726555209	-1.73643601248855	5.48510844052719
"ENSG00000243888"	0.0142796847084211	0.00633200895128432	0.390370511437457	-2.7300741087638	-1.06574042610029	24.1275740029581
"ENSG00000110079"	0.0143519922896817	0.00636901428793874	0.379465417131394	-2.72815256861464	-1.03523955244744	1684.05520075042
"LRG_597"	0.014394845563093	0.00639086389250857	0.547156728634686	-2.72702271765431	-1.4921088291042	1552.84755319764
"ENSG00000138080"	0.0144052127461454	0.00639637020784078	0.525570833601014	2.72673853249974	1.4330942435379	883.531883507759
"ENSG00000250771"	0.0144063170791017	0.00639950035538607	0.704006680731919	2.7265770813068	1.91952848077052	2130.49916041068
"ENSG00000106366"	0.0144158999077338	0.00640550023317406	0.547281499197462	-2.72626780963019	-1.49203593406819	1552.80417987302
"ENSG00000166897"	0.01444017265416	0.00641809129920973	0.742627190141691	-2.72561963293072	-2.02411924939837	12.8670693644486
"ENSG00000164683"	0.0144505650379773	0.00642342117685769	1.02306574018635	2.7253456002528	2.78820771378624	51.4997375894516
"ENSG00000178573"	0.0144924366940342	0.00644488526731941	0.368210348698379	-2.72424410280743	-1.00309487103423	1111.60076832165
"ENSG00000170356"	0.0145377922933536	0.00646791585503196	0.48691367992768	2.7230658800192	1.32589802832565	31.7642632149168
"ENSG00000186642"	0.0145646950435502	0.00648203443816404	0.375378584048792	2.72234545152383	1.02191018088468	48.0505970608684
"ENSG00000096433"	0.0146348718213364	0.00651614644111155	0.440649499290441	2.7206106275624	1.19883571079962	253.373117761397
"ENSG00000005513"	0.0148285908351441	0.00660823516211974	0.505837502105431	2.71596776603329	1.37383835056915	7.89871217167334
"ENSG00000283813"	0.0148588468935147	0.00662391138080628	0.420090405568881	2.7151832153761	1.14062241814116	8.91776528059153
"ENSG00000166428"	0.0149525948147407	0.00666790987778552	0.562573756086096	-2.71299009915776	-1.52625703030757	15.8766888111062
"ENSG00000145358"	0.0149702904130137	0.00667653743036117	0.749296739904488	2.71256158295253	2.03251355089649	22.703119649856
"ENSG00000111087"	0.0149711127835486	0.00667777517275919	0.560181860708645	2.71250014718049	1.51949337962004	6.26037287173099
"ENSG00000182912"	0.0150125447658616	0.00669759781983464	0.760877728006972	-2.71151763544707	-2.06313337790981	31.4903535144671
"ENSG00000165591"	0.015030653859605	0.00670715570447054	0.586495976642487	2.7110448315601	1.59001688620741	9.41984098551509
"ENSG00000279352"	0.0150708562700228	0.00672806083483161	0.42480364577778	2.71001281610266	1.15122332438492	9.73281237798555
"ENSG00000197403"	0.0151242920643907	0.00675266011296784	0.594321297702678	-2.70880211792927	-1.60989878994749	11.9856079222671
"ENSG00000234936"	0.0151419029878624	0.00676126787784472	0.381507881039541	-2.70837940725763	-1.03326808871399	8.9347210944569
"ENSG00000158023"	0.0151894271959202	0.0067869720199008	0.422823795320617	2.70711999892813	1.14463475233514	28.7248454309742
"ENSG00000231187"	0.0152023117803686	0.00679422483887488	0.389990906781536	-2.70676541291692	-1.05561389782837	30.6607423811028
"ENSG00000277941"	0.0153011776341826	0.00684367901662673	0.757533810313005	2.70435665473257	2.0486416011049	10.5779154096936
"ENSG00000233030"	0.0153297751974106	0.00685722382280868	0.552217224509471	2.70369965833125	1.49302952123089	5.93300766329142
"ENSG00000228121"	0.0153312301304138	0.0068586288275277	0.381250820967868	-2.70363157476297	-1.03076175747303	7.59899965367396
"LRG_837"	0.0153483542017533	0.00686704454274626	0.373776941903753	-2.70322402906592	-1.010402810865	108.545156433469
"ENSG00000155659"	0.015373317448303	0.00687972593601006	0.858936639347788	-2.70261075722794	-2.32137140127855	575.151717666465
"ENSG00000183833"	0.0154166320262543	0.00690517682994123	0.466733393362449	2.7013830110336	1.26082565951138	10.2513851217853
"ENSG00000227627"	0.0154383237254572	0.00691565209779677	0.432469365134435	-2.70087886675362	-1.16804736880995	8.40350328359006
"ENSG00000255986"	0.0154395003197876	0.00691695662114498	0.796672216069231	2.70081613186799	2.1516651729708	4.88016455299904
"ENSG00000104067"	0.0154573525963434	0.00692721773675169	0.389760222547922	2.70032304226717	1.05247850990533	69.466591125741
"ENSG00000149534"	0.0155549531159194	0.00697631383106244	0.798535232781895	2.6979728106646	2.15442634640328	6.0237684685209
"ENSG00000159339"	0.0155978246544345	0.00699861071788159	0.51456871913958	-2.69691035977891	-1.3877457094657	276.699182204432
"ENSG00000274758"	0.0156321910981768	0.00701479964568912	0.566042418112307	-2.69614085749845	-1.52613009054981	4.16295578103646
"ENSG00000236008"	0.0156812013202824	0.00704142097852902	0.491939493604713	2.69487893627415	1.32571737923671	7.21518084987424
"ENSG00000101082"	0.0156821983989229	0.00704264016055524	0.669757684415528	2.69482124649484	1.80487723796615	102.383423531051
"ENSG00000096696"	0.0157191981336882	0.00706157602109604	0.662542333273145	2.69392638068411	1.78484026992453	22.775098837971
"LRG_423"	0.0157191981336882	0.00706157602109604	0.662542333273145	2.69392638068411	1.78484026992453	22.775098837971
"ENSG00000127955"	0.0157308775367576	0.00706837049492052	0.485160789517794	2.69360581447715	1.30683192360146	7.61709581831925
"ENSG00000242276"	0.0158480030707538	0.00712723554077287	0.434606464003687	-2.69084005929762	-1.16945648337081	6.1233226587595
"ENSG00000102962"	0.0159218096942372	0.00716512766051172	0.877525253104959	2.68907053954328	2.3597273058298	56594.4673296097
"ENSG00000213694"	0.0159342968664095	0.00717231485279648	0.662962937457278	2.68873585376488	1.78253221965867	147.09108186646
"ENSG00000133101"	0.0159405957615452	0.00717593426868851	0.425861275934071	2.68856742248739	1.14495675297525	133.955600522327
"ENSG00000200488"	0.0159461522665453	0.00717936554540166	0.508625783476653	2.68840781675558	1.36739353210206	9.43137275421451
"ENSG00000285103"	0.0159599998314859	0.00718780984146267	0.652933143225489	2.68801532198075	1.75509429321917	31.2698766138395
"ENSG00000138449"	0.0159754099542916	0.00719553588850324	0.374252485553543	-2.6876565741523	-1.00586215319082	108.712558239535
"ENSG00000213949"	0.0162219233464601	0.00732093293882451	0.698755340525561	2.68188176447474	1.87397920558484	609.378079317473
"LRG_327"	0.0162275448935134	0.00732506650643836	0.634099577576677	2.68169291998306	1.70046034775162	53.3249041728137
"ENSG00000104267"	0.0163169031920347	0.00737583743760366	0.54065120402064	-2.67938118547618	-1.44861066395794	1056.76540034763
"ENSG00000055957"	0.0163715443471289	0.0074030827821792	0.501318196196099	2.67814651239206	1.34260357874126	77.3998954072467
"ENSG00000181885"	0.016450855463291	0.00744448147416442	0.38425353781971	-2.67627823372566	-1.02836937949897	151.640372580878
"ENSG00000172322"	0.0164739839031682	0.00745575816160701	0.426429796819931	-2.6757709438318	-1.14102845991487	1841.31409527447
"ENSG00000280721"	0.0165169417779983	0.00747845002581151	0.563612330388404	2.67475221610384	1.50752332972983	46.847991747041
"ENSG00000277741"	0.016525867346633	0.00748411721729158	0.399916924818529	2.67449822606783	1.06957710600165	7.03790892058845
"ENSG00000158428"	0.0166262856608511	0.00753450135319563	0.38353245630611	2.67224768061129	1.02489371680315	10.4343805977007
"ENSG00000073861"	0.01685913036496	0.00765638206889005	0.58883683813355	2.66685884786547	1.57034473172559	86.9186740007491
"ENSG00000162337"	0.0168908541906061	0.00767433733296134	0.624571213409444	2.66607148220367	1.66515150067626	72.7279066237008
"ENSG00000091137"	0.0169530311262063	0.00770714596128045	0.436487533609818	2.66463702898612	1.16308084474754	6.91452228411718
"ENSG00000264057"	0.017015200702142	0.00774087839892805	0.393092268423921	2.6631678796002	1.04687070298576	7.07025752069231
"ENSG00000087589"	0.0171212116000319	0.00779584487258437	0.435157265466418	-2.66078616915548	-1.15786043336056	351.207016809195
"ENSG00000230526"	0.0171953866595103	0.00783215688116912	0.736972609848326	-2.65922100064766	-1.95977304101078	11.8088149266847
"ENSG00000273420"	0.0172842009111647	0.00788026239889188	0.488508561261488	-2.65715747315978	-1.2980441742585	15.8384606999125
"ENSG00000137727"	0.0172946561140969	0.00788928306503446	0.524208975291764	-2.65677178081682	-1.39270361280606	14.814091344936
"ENSG00000224376"	0.0172946561140969	0.0078882188179696	0.653731358132008	2.65681726376483	1.73684475814955	18.1104088877561
"ENSG00000148516"	0.0175372096729799	0.00801373183059378	0.515206160155332	2.65149070680209	1.36606434573905	49.2431854692018
"ENSG00000151729"	0.0176597390252115	0.00807814775616064	0.470298562882929	2.64878595078162	1.24572022603709	25.686157346127
"ENSG00000224356"	0.0177163498917453	0.00810953540646842	0.382999603943998	-2.64747500654042	-1.01398187895661	11.6781473536144
"ENSG00000274019"	0.0177445384041109	0.00812331141227153	1.39470814014252	2.64690106824471	3.69165446603283	21.5929886113824
"ENSG00000108602"	0.0177487559752776	0.00812611530214034	0.411300366233062	-2.64678435882932	-1.08862337612644	9.45456954401306
"ENSG00000081923"	0.0178092712692948	0.00815995437830635	0.625855739699776	-2.64537867273365	-1.65562542600973	5.7813873215177
"LRG_1205"	0.0178092712692948	0.00815995437830635	0.625855739699776	-2.64537867273365	-1.65562542600973	5.7813873215177
"ENSG00000109321"	0.0179344630856052	0.00822431268716395	0.510153674741413	2.64271954486811	1.34819308712542	11.9593269918262
"ENSG00000183508"	0.0180389113538017	0.00828025786316036	0.625645337368908	2.6404231130972	1.65196840939036	76.5646883041955
"ENSG00000184545"	0.0180559133937683	0.00828895040292435	0.491317729647343	2.64006754947974	1.29711199452601	34.8847609994506
"ENSG00000264384"	0.0180743868958567	0.00829920933126361	0.410831796796152	2.63964834254301	1.08445147147693	6.94900189176976
"ENSG00000079385"	0.0180976723106163	0.0083116818522193	0.584434222274835	2.63913930637581	1.54240332799669	63.8799770247737
"ENSG00000203414"	0.0181723169723051	0.00834767214757312	0.455670458982195	-2.6376742700189	-1.20191024526504	5.37945869824446
"ENSG00000170390"	0.0181869761277183	0.00835627494258604	0.632771336214419	-2.63732491783779	-1.6688236122918	5.56330128914134
"ENSG00000229671"	0.0182927490855103	0.00840757352941377	0.474208373023764	-2.63524838030851	-1.24965684693961	9.28254021409104
"ENSG00000136696"	0.0183697446682216	0.00844658469249159	0.696611593227369	2.6336768028376	1.83464979367066	78.7472734422059
"ENSG00000134569"	0.0184496126537818	0.00849146871255323	0.629921074288868	2.63187664608844	1.65787456429981	7.13053678779506
"ENSG00000166073"	0.0185252578339502	0.00853084113457339	0.475882569373055	-2.63030453409694	-1.25171607991965	7.4912492343471
"ENSG00000186105"	0.0185356720859081	0.00853654870465722	0.477819640320048	2.63007717363812	1.25670252912174	12.243975559365
"ENSG00000163519"	0.0186103182624218	0.00857458878619849	0.689272551461633	2.6285653131674	1.81179792009044	26.9707627864565
"ENSG00000149633"	0.0187866415328553	0.00866044951812216	0.781362175367668	-2.62517479427801	-2.05121228797744	9.50594488011483
"ENSG00000111199"	0.0188456015651597	0.00869504609797485	0.464097779178865	-2.62381711075876	-1.21770769407464	148.532715552063
"ENSG00000163814"	0.018879556998563	0.00871535630039922	0.547658735119458	2.62302231908048	1.43652108545773	392.084046960062
"ENSG00000205476"	0.0189163421479045	0.00873605962635417	0.459699294778675	2.62221384521284	1.20542985540322	109.714051900545
"ENSG00000080986"	0.019022146108461	0.00879240873844451	0.665683170955345	2.6200220279488	1.74410457153781	21.0057154947495
"ENSG00000129595"	0.0191051490889837	0.00883453371883347	0.593151076606663	2.61839167160181	1.55310183898854	15.1979125258877
"ENSG00000198719"	0.0191277817023083	0.00884876323930085	0.553885545882628	2.61784251779924	1.44998513200598	372.845193406118
"ENSG00000169122"	0.019221090399094	0.00889382016400422	0.395823179382347	2.61610884375453	1.03551652014519	299.255098847727
"ENSG00000176105"	0.019265541759486	0.00891817925800683	0.519444582382691	2.61517483341873	1.35843839920291	16.2157867661335
"LRG_189"	0.0193261562316878	0.0089538439290651	0.592521537763003	2.61381143095989	1.54873956849487	237.998219657927
"ENSG00000121933"	0.0193533728034951	0.00896740547206415	0.549135678650153	-2.61329426770284	-1.43505312120756	110.748215606273
"ENSG00000285737"	0.0193556524193284	0.00896941390151877	0.498129206363055	2.61321773655125	1.30172007716213	8.76144209431989
"ENSG00000249639"	0.0194155068697583	0.00899906069101055	0.581664230205366	-2.61208982302306	-1.51935921613598	9.21330282630062
"LRG_372"	0.0194306656957264	0.00900704264319312	0.463394878467224	-2.61178671625644	-1.21028858796196	147.962182278814
"ENSG00000189058"	0.0194770057170287	0.00903523041674442	0.956939353476458	-2.61071822901326	-2.49829901418115	22.8756817804385
"ENSG00000174697"	0.01950038463487	0.009048953574416	0.653823615427046	-2.6101991151372	-1.70660982244348	25.8870365818273
"ENSG00000214870"	0.0195223547802464	0.00906243444430815	0.421892693289653	-2.60968985038313	-1.10100907962881	25.6880520916425
"ENSG00000240891"	0.0195952889118593	0.00910399821864336	0.470219167936956	2.60812394830795	1.22638987284981	60.9461770913423
"ENSG00000109881"	0.0196285179190732	0.00912299478628139	0.414153089960794	-2.60741038273452	-1.07986706680536	23.3837479446843
"ENSG00000166405"	0.0196535630403957	0.00913647042167157	0.489521833303614	2.60690500295889	1.2761369162968	16.4249831551961
"ENSG00000113758"	0.0196578668620711	0.00914040523319049	0.395065338720755	2.60675756035189	1.02983955854331	46.3961024856724
"ENSG00000016391"	0.0197615406489008	0.00919347156221246	0.564133408703615	2.60477460924826	1.46944037921984	438.70630204157
"ENSG00000081181"	0.0198249340293498	0.00922588921279264	0.417202096010092	2.60356826656384	1.08621413791579	72.7161388981674
"ENSG00000267322"	0.0198353827512536	0.00923172747981163	0.415861835844421	2.60335141199955	1.0826344975423	9.51894012808899
"ENSG00000235045"	0.0198423868888259	0.009235963436741	0.435113490138702	-2.6031941496869	-1.13268489197892	6.81323380107029
"ENSG00000249846"	0.019907516161143	0.00927313412681344	0.488687303785388	2.60181692042884	1.27147489578757	6.99221010477931
"ENSG00000113263"	0.0199251010098547	0.00928328569777323	0.591009235887424	2.60144164611937	1.53747603947873	248.268849470065
"ENSG00000262874"	0.0203124675760182	0.00948674572839025	0.485396131991947	2.59399648324312	1.25911585936693	18.1293603373911
"ENSG00000030419"	0.0203174412752679	0.00949106760871427	0.442591857126774	2.59383988435449	1.14801241150595	38.8625727344761
"LRG_348"	0.020383750075196	0.0095290622276952	0.66457302410092	2.59246591876046	1.72288291550921	12.5446564675486
"ENSG00000283213"	0.020400321763322	0.00953781277246225	0.63931734596749	-2.59215017285655	-1.65720656885982	23.8974972502223
"ENSG00000100473"	0.0205274247743517	0.00960632584998071	0.653758389998698	2.58968690538951	1.69302954186816	96.077266808739
"ENSG00000051341"	0.020530171228954	0.00960862106809663	0.503374281808025	-2.58960465633742	-1.30354038405057	23.7136684406891
"ENSG00000101096"	0.0205316328639491	0.00961233520101354	0.584876213638212	2.58947159762809	1.51452034334441	400.893680272311
"ENSG00000143061"	0.0205316328639491	0.00961158474344468	0.607985794901978	2.58949847905417	1.57437829118521	248.727425806342
"ENSG00000123358"	0.0206128289744393	0.00965237696810743	0.424101547138431	2.58804000582535	1.09759177052669	88.4660760393935
"ENSG00000134545"	0.0207802010491267	0.0097368858221631	0.868022047160388	2.58503590127449	2.24386815500738	13.9497046501017
"ENSG00000237310"	0.0207885558609767	0.00974284591142882	0.458384149141103	-2.58482491155625	-1.18484276776244	8.247721629181
"ENSG00000277639"	0.0208571309899513	0.00977806268861847	0.393050930064105	-2.58358056542285	-1.015478744135	27.1365931379331
"ENSG00000140287"	0.0208816198264257	0.00979262503961609	0.883417364808235	2.58306718767988	2.28192640806278	40.186726600134
"ENSG00000145911"	0.0211662234276052	0.00994819626754961	0.490478509855138	2.5776247588052	1.26426955066448	68.105184789841
"ENSG00000117322"	0.0211997437703122	0.00996684136230193	0.662108829919274	2.57697758491971	1.70623961347938	12.5793509108734
"ENSG00000092051"	0.0212040660078938	0.00996991651433733	0.536861467534602	-2.57687094957379	-1.38342271963547	31.7197771073879
"ENSG00000232679"	0.021206898647992	0.00997229162613907	0.485766577262331	2.57678860918667	1.25171778301317	75.1755991910151
"ENSG00000253250"	0.0212366220658853	0.00998731340760841	0.414553121788536	2.57626823825161	1.06800004073186	7.83817055715484
"ENSG00000280135"	0.0221691477880832	0.0104956650094703	0.698344918302507	2.55905660454131	1.78710417542989	15.2856758705821
"ENSG00000152894"	0.0223896390508292	0.010609966203101	0.734925027314123	2.55528901206496	1.87794584698732	8.82266680452904
"ENSG00000286931"	0.0224052542932046	0.0106184681159353	0.446780667507651	-2.55501021691337	-1.14152917020142	20.2807753576164
"ENSG00000205364"	0.0224448893779234	0.0106405646859036	0.663802112654418	2.55428655247054	1.69554080985472	36.4305517752933
"ENSG00000146285"	0.0224858631793663	0.0106644139567233	0.630995054203576	2.55350698502506	1.6112502784251	58.3799752346445
"ENSG00000187556"	0.0224858631793663	0.0106638863798799	0.398647902438968	2.5535242132937	1.01795707145665	8.21835773172722
"ENSG00000236120"	0.0224940710012371	0.0106694132523577	0.69464933983751	-2.55334376829449	-1.77367856302399	16.5521398694399
"ENSG00000145708"	0.0225262158603226	0.0106879846503744	0.613735523750947	-2.55273804524943	-1.56670602120013	6.35214810591883
"ENSG00000254632"	0.022576920627559	0.0107153743710492	0.611896587365708	2.55184641033222	1.56146610996372	21.4077495889612
"ENSG00000232680"	0.0225975316496756	0.0107268385150232	0.675172358142888	2.55147381227955	1.72268459057661	11.8531735564101
"ENSG00000104938"	0.0226011898978207	0.0107324520899086	0.564899313265143	2.55129149365933	1.44122281270736	7.71769213630909
"ENSG00000233654"	0.0226251764785834	0.0107449554173674	0.452018554561605	2.55088571304632	1.15304767286305	5.13159003071109
"ENSG00000283528"	0.022635839539552	0.0107511329572203	0.561582718222061	2.55068538326605	1.43242083086383	9.59923345503605
"ENSG00000161647"	0.022687416472934	0.0107789781727468	0.568063810312115	2.54978366656736	1.44843982510185	8.81725940928682
"ENSG00000235078"	0.02270809034485	0.0107899175836731	0.450765453485456	-2.54942998012998	-1.14919496112271	5.7170973873263
"ENSG00000137642"	0.0227961902022643	0.0108362645574813	0.415537577210448	-2.54793504496699	-1.05876275547518	1184.26987865199
"ENSG00000237398"	0.0228279551208338	0.0108581020298771	0.54187974328804	2.54723263982128	1.38029376896127	97.0760954526279
"ENSG00000149564"	0.0228769356731111	0.0108859011592878	0.441549553319219	2.54634029152279	1.12433541832061	6.15043203904644
"LRG_662"	0.0228942751666242	0.0108952783334279	0.820834059058712	2.54603974228713	2.08987613618634	2068.3367552182
"ENSG00000105976"	0.0228974244848453	0.0108979034775127	0.820880694703052	2.5459556445834	2.08992583820878	2069.35737050412
"ENSG00000237763"	0.022988496390964	0.0109491648001433	0.418849462072237	-2.54431706212664	-1.06568583281296	8.4118372977572
"ENSG00000139351"	0.0230065122366684	0.0109588773114748	0.417929259132178	2.54400736744917	1.06321511430483	9.429121619248
"ENSG00000198286"	0.0230813649317713	0.0109968033925721	0.6152227028118	2.5428003813721	1.56438852333862	159.771916898087
"ENSG00000166147"	0.023101863582979	0.0110077061523384	0.487065666369846	2.54245408883512	1.23834209499322	46.4984711011422
"ENSG00000093134"	0.0231497683071305	0.0110350873128736	0.63433523700403	2.54158575258472	1.61221740073189	643.834285981151
"ENSG00000117519"	0.0232310557828091	0.0110772640546423	0.493265629749362	2.54025194340784	1.25301897458711	15.7897656466258
"ENSG00000237323"	0.0232927741987849	0.0111101307866696	0.456866669939946	2.53921568068059	1.16008301229184	7.24735098425299
"ENSG00000229230"	0.0233441022399823	0.011142651713624	0.618035419636638	2.53819299776266	1.56869317449102	13.388992474556
"ENSG00000278214"	0.0233732265171622	0.0111577031740723	0.586790112971238	-2.53772057292978	-1.4891093416789	6.41455172255773
"ENSG00000249193"	0.0234041038257496	0.011174745756234	0.438392804150287	-2.53718633497459	-1.1122842320413	6.28903406875898
"ENSG00000100116"	0.0234068178776854	0.0111772485072134	0.411851030996977	2.53710794158004	1.04491052149036	11.0257353316215
"ENSG00000179542"	0.0234328164921969	0.0111979674300248	0.435249756467582	-2.53645956310733	-1.10399340713233	67.3293855654878
"ENSG00000159556"	0.0235459855803447	0.0112610228164163	0.430390091697952	-2.53449284056533	-1.09082060605872	14.7481040137899
"ENSG00000244479"	0.0235691823391656	0.0112744357076961	0.469965324082772	2.53407574889236	1.19092773057849	14.1617824358353
"ENSG00000227467"	0.0236295684169891	0.0113079713479176	0.967459515610383	2.5330348384011	2.45060865778375	10.1646113920706
"ENSG00000169908"	0.0236693426917498	0.0113339916254178	1.13148386422088	2.53222908344722	2.86517634843135	513.235845436868
"ENSG00000137491"	0.024016144226944	0.0115165965133929	0.488968595690471	-2.52662021908681	-1.23543794037003	3376.39324354664
"ENSG00000279838"	0.0241208798633381	0.0115727539013743	0.453926197420541	2.52491116537348	1.14612332412265	28.9764289401602
"ENSG00000122224"	0.0241966784197253	0.0116103109654664	0.471213821999278	-2.52377228250911	-1.18923638309696	588.339468542264
"ENSG00000181074"	0.0242707612175092	0.0116542158719061	0.465925055627641	2.52244504407135	1.17527034747661	14.4189727711729
"ENSG00000169715"	0.024414601291627	0.0117340935959856	0.621047829252009	2.52004168864063	1.56506642035483	115.268482653489
"ENSG00000145362"	0.0244904653567301	0.0117765790467354	0.61901786849187	2.51876929559945	1.55916320058474	55.0541302808784
"ENSG00000284690"	0.0244990103475733	0.0117830983947375	0.6983207412098	2.51857440864596	1.75877274783768	39.5877020665209
"ENSG00000197696"	0.0245024492848057	0.0117859577482699	0.482499524820758	-2.51848896236906	-1.21516972760939	275.586388271606
"ENSG00000183569"	0.02451853425927	0.0117949009504822	0.442884686305002	2.51822183061365	1.11528188549773	5.68353815491843
"ENSG00000276085"	0.0249699563040252	0.0120329443110109	0.756760769966328	2.51117671801349	1.90036002664541	7609.31401176603
"ENSG00000154319"	0.0250991511104482	0.0121063152616069	0.613795094980055	2.50903014470025	1.54003039597411	14.0096567605891
"ENSG00000177570"	0.0252031509205287	0.0121651090858019	0.689163416426099	2.5073183518423	1.72795208142349	5.36511155940671
"ENSG00000171848"	0.0252119963048409	0.012170667047393	0.91109768985082	2.50715691031178	2.28426486907858	47.0420444571822
"ENSG00000170312"	0.0252197662864681	0.0121756585170896	0.646957897790148	2.50701197928534	1.62193119985316	20.7394243005584
"ENSG00000062524"	0.0252421766329602	0.0121889613257152	0.530910994010562	2.50662597934877	1.33079529030875	14.4751926455577
"ENSG00000287868"	0.0253173416367788	0.012231484268733	0.443525796784288	2.50539461434893	1.11120714258817	7.49988318767087
"ENSG00000212232"	0.0253277395151841	0.0122389996683222	0.441680815284208	-2.50517738048207	-1.10648878784288	8.08042213615212
"ENSG00000286471"	0.0253577925269475	0.0122560169016755	0.473431970916126	2.50468593099723	1.18579839683791	14.1958733868675
"ENSG00000274213"	0.0254966147233542	0.0123331470176477	0.465662973543913	2.50246600221389	1.16530575978347	29.1562381540906
"ENSG00000279608"	0.0256130150228866	0.0124007917087392	0.440727007452917	2.50052917878172	1.10205074201317	16.5254919421824
"ENSG00000163734"	0.0256261841673383	0.0124084283136123	0.777761098449807	2.50031111340483	1.944644718028	3853.84808421068
"ENSG00000233430"	0.0258104704696489	0.0125090886986905	1.02592521623603	2.49744778176531	2.56219465554577	4.97401358260007
"ENSG00000240350"	0.0258521574089912	0.0125305640963592	0.73862748203301	2.49683954605	1.84423430693935	16.5082662538735
"ENSG00000035499"	0.025911487971236	0.0125656950226507	0.582425979324627	2.49584653949547	1.45364586500963	11.6355930021513
"ENSG00000198300"	0.0261520580078905	0.0127055157854155	0.514536217526607	-2.49191858356928	-1.282182362374	15.5751057340449
"ENSG00000234147"	0.0262461628707788	0.0127576906398153	0.659901360333525	-2.49046264375439	-1.64345968647335	68.4856850075935
"ENSG00000270069"	0.0262669664179666	0.0127690949499383	0.554363640695309	2.49014510832739	1.38044590811198	26.3645228447781
"ENSG00000120915"	0.026530051575447	0.0129139541685876	0.533597120012565	2.48613341491162	1.32659363016384	17.2365684690658
"ENSG00000231527"	0.0266733599495853	0.0129968334465094	0.62526958615672	-2.4838560490972	-1.55307964389187	18.8536221869811
"ENSG00000288528"	0.0266981668480303	0.0130115475680557	0.517065409288305	2.48345307632649	1.28410768135906	6.37128375111966
"ENSG00000244306"	0.0267856827811015	0.0130568344489342	0.503661882101162	-2.48221533775856	-1.25019724879585	25.4387024281283
"ENSG00000164949"	0.0268370062253014	0.0130844589041542	0.48198736608593	2.48146219522218	1.19603342751695	79.3087177820116
"ENSG00000228727"	0.0268598793386905	0.0131009299312828	0.403241874774239	-2.48101380440086	-1.00044865782737	25.4837635200041
"ENSG00000224041"	0.0268751827802417	0.0131097162755252	0.796867059080276	2.48077481759205	1.97684773313499	5.71919111282281
"LRG_778"	0.0269664242744576	0.0131595301457408	0.487884166589078	2.47942256214407	1.20967101035382	45.167275152229
"ENSG00000205832"	0.0273762597465183	0.0133878098258628	0.586150377503233	-2.47328295321724	-1.4497157367006	5.20984978059979
"ENSG00000135414"	0.0274152013456496	0.0134095507172272	0.489601420530247	2.47270306614827	1.21063893373569	27.1704821878917
"ENSG00000211697"	0.027494309517126	0.0134550074319347	0.423308153406208	2.47149329523053	1.04620326295986	112.258418380718
"ENSG00000197301"	0.0276301367987634	0.0135309923175762	0.604337617180451	2.46947909807446	1.49239911380725	15.2895792067083
"ENSG00000138944"	0.027936500732171	0.0136961415927202	0.790896665844717	2.46513558019975	1.94966751123516	11.9768235224307
"ENSG00000254389"	0.028040761505835	0.0137569123621454	0.416962412994224	-2.46354891286144	-1.027207299236	5.48164420544518
"ENSG00000134207"	0.0280617627114091	0.0137713569858824	0.802840730513482	-2.46317268806599	-1.97753536026776	14.6385918420023
"ENSG00000158270"	0.0281054489532991	0.0137955612778443	0.620396743940817	-2.46254304337762	-1.52775368592558	61.7798946872722
"ENSG00000146858"	0.0281234426445369	0.0138057769652614	0.529647847347265	2.46227758763307	1.30414002386127	12.5912899931811
"ENSG00000105509"	0.0284057144535962	0.0139583176739951	1.42756946144895	2.45833429147931	3.50944296054862	221.478216119392
"ENSG00000136237"	0.0284862058152004	0.013999271748025	0.698536218208956	2.45728207626605	1.71650052862754	26.5186180603932
"ENSG00000163395"	0.0285587215946936	0.0140405285132511	1.48011725021888	2.45622482784276	3.63550073810597	69.4119150312517
"ENSG00000171357"	0.0285728610284199	0.0140488855755144	0.995248121118607	-2.45601100327285	-2.44434033645393	19.2532347290051
"ENSG00000172380"	0.0286314325686524	0.0140813960204627	0.467374328077579	2.4551802543797	1.14748822170005	17.8382320249727
"ENSG00000156414"	0.0286622982076748	0.0140999105704815	0.431467040913947	2.45470790287065	1.05912555515968	326.79350299049
"ENSG00000169583"	0.028915769701404	0.0142388259893278	0.697201379795767	2.45118118663226	1.70896690544943	11.0668181769068
"ENSG00000223749"	0.0289838384122999	0.0142880285679682	0.415527615832537	-2.44993933368086	-1.01801745025876	27.8013172408589
"ENSG00000272079"	0.0289838384122999	0.014287494891917	0.928847766283556	-2.44995278319427	-2.27563317017017	8.916412467809
"ENSG00000101890"	0.0290431208025891	0.0143229676331147	0.749718917255414	2.44905977456899	1.83610644248365	13.9884780027939
"ENSG00000270945"	0.0292554667797343	0.0144463978519762	0.418446829891583	-2.44596760896499	-1.0235073919889	5.72535675709903
"ENSG00000287979"	0.0294413490860795	0.014549773362788	0.741887047438371	2.44339572927498	1.81272364331534	5.78183618509567
"LRG_197"	0.0294883610866214	0.0145773583510162	0.410978430993667	2.44271216596954	1.0039020133393	1271.09811773129
"ENSG00000162711"	0.0295962867543494	0.0146365343733508	0.411124520587417	2.44124960733926	1.00365757445157	1272.83284878643
"ENSG00000238241"	0.0295981738354619	0.0146389236394005	0.487637589943996	2.44119066524814	1.19041633259539	7.2284830209488
"ENSG00000198829"	0.029683095242004	0.0146867656406964	0.411623376598171	2.44001220653055	1.00436606339286	1257.90739247004
"ENSG00000184226"	0.0297366977922385	0.0147176759389862	0.6170321009822	2.43925261275308	1.50509716447336	10.8412508905025
"ENSG00000288656"	0.0297828672310714	0.0147434569532798	0.473654385969887	-2.43862014139443	-1.15506312568598	2452.82604450718
"ENSG00000131037"	0.029943047863202	0.0148330623761533	0.413669397634628	2.43642945591565	1.00787630540789	47.0251309389279
"ENSG00000258018"	0.0300557539679383	0.0148962869552823	0.574035112510119	-2.43489073918343	-1.397712779417	34.4728192032518
"ENSG00000099204"	0.0300936748700393	0.014919403419814	0.454320456899524	2.43432958274677	1.10596572827754	310.662727621915
"ENSG00000130702"	0.0302307886353882	0.0149949351540053	0.449494193579737	2.43250136111921	1.09339523769789	27.6141334426866
"ENSG00000288703"	0.0302330405097739	0.014997539379209	0.737516964367859	2.43243847147552	1.79396463749422	5.08238301227948
"ENSG00000146955"	0.0302388884692644	0.0150019278931784	0.772082084796381	2.43233251466003	1.87796035883674	6.68703209704585
"ENSG00000236823"	0.0302719814630194	0.0150213241350589	0.657214332604067	2.43186453620608	1.59825622814618	22.1734010894309
"ENSG00000185745"	0.0303865740878249	0.0150916397083176	0.476239612728967	2.43017246344849	1.15734439285731	3680.4703499734
"ENSG00000266835"	0.0304095178715933	0.0151045307924773	0.561823278804733	-2.42986300607652	-1.36515360112024	21.166571991241
"ENSG00000142224"	0.0304211406997353	0.0151120513294212	1.03447149381269	2.42968257898065	2.51343736696878	1101.0712496447
"ENSG00000239374"	0.0304211406997353	0.0151162899551371	0.499925947414419	-2.42958092388508	-1.21461054519325	5.18283513293786
"ENSG00000148346"	0.0306418615372849	0.0152410400434616	0.809434190723448	2.4266002225509	1.96417318734983	11.2043007368143
"ENSG00000144488"	0.0307412874027389	0.0152950305387299	0.691206104603151	2.42531686313728	1.67639382139745	122.252464697772
"ENSG00000254872"	0.0307746024591437	0.015313120025297	0.819504414890563	-2.42488776620174	-1.98720623001644	16.9597716622283
"ENSG00000137880"	0.0307944049661216	0.0153244884217477	0.414889057941034	-2.42461832713401	-1.0059476136112	409.445974148198
"ENSG00000250155"	0.0309428322763173	0.015405962488617	0.444399771264776	-2.42269246672491	-1.07664397805745	106.24456765688
"ENSG00000163221"	0.0310230142701958	0.0154504622427914	0.651181245938711	2.42164437673809	1.57692940246478	296.046589265401
"ENSG00000168502"	0.0310706593313351	0.0154787764191475	0.562212140149178	2.4209788832331	1.36110371919845	31.3942963024974
"ENSG00000206195"	0.0310915707546217	0.0154922530585185	0.556837862768938	-2.42066250592332	-1.34791653628324	14.4937393959087
"ENSG00000233791"	0.0311949105229305	0.0155452795945143	0.496597257790645	2.41942000271022	1.20147733878973	5.41465476363919
"ENSG00000003436"	0.0314225876864306	0.0156715295294125	0.530440519319478	2.41647669216919	1.28179715151764	89.2369738150149
"ENSG00000088367"	0.0314982123357888	0.0157196656900127	0.475519730337151	-2.41535996729204	-1.14855132031386	903.275593480139
"ENSG00000187775"	0.0315792495652158	0.0157647690175034	0.599720533297403	2.4143163284231	1.44791507603053	59.2909762763611
"ENSG00000137801"	0.0316392283561815	0.0158024933835257	0.857889309349871	2.41344544522471	2.07046904615742	25000.8044860958
"ENSG00000106772"	0.0318082680517024	0.0158963102684595	0.744533261970841	-2.41128754411538	-1.79528378076988	12.4225313096983
"ENSG00000100385"	0.0319283952730285	0.0159641976365142	0.727593554408742	2.40973302618263	1.75330621769635	558.053568899414
"ENSG00000279024"	0.0320028741769131	0.0160057217284319	0.44607800138183	2.40878504986947	1.0745060208042	7.851829853467
"ENSG00000151364"	0.0321859542956475	0.0161119771208436	0.533394427588275	2.40636909609461	1.2835438665775	19.4755275868578
"ENSG00000188389"	0.0324050139242721	0.0162423596455337	0.62907002456992	2.40342362072707	1.5119217561427	14.3408522001927
"ENSG00000006747"	0.0326140296283754	0.0163599596674805	0.526051779476544	-2.40078468397396	-1.26293705514454	294.902637623891
"ENSG00000203778"	0.032621785429756	0.0163670597008108	0.543867109999564	2.40062589378444	1.30562146704266	8.47925276621461
"ENSG00000087245"	0.0330419342757082	0.0166006136736427	0.5095664519699	2.39543596431249	1.22063380525581	212.898083709191
"ENSG00000275585"	0.0335031156489487	0.0168487972884299	0.941014821855091	2.38999074686097	2.24901671689269	11.1855615688624
"ENSG00000136688"	0.0335094415993973	0.0168574132100184	1.14788343511526	2.38980297894841	2.74321525272398	2926.11674363434
"ENSG00000181649"	0.0335792582393667	0.0169036083020189	0.501723250953984	2.38879767748184	1.19851533661752	50.1847816165454
"ENSG00000267470"	0.0336323673865803	0.016938615569845	0.44495057117831	-2.38803745117413	-1.06255862789512	9.24426309705577
"ENSG00000172803"	0.0338596936126745	0.0170697628956458	0.608028545167402	-2.38520162807642	-1.45027067585023	8.39852110307254
"ENSG00000180071"	0.0339612994941691	0.0171310096917163	0.577192450487358	2.38388382070159	1.37595974414791	15.5674149982096
"ENSG00000249096"	0.0344697284655721	0.0174247800921005	0.462942124230705	2.3776198355593	1.10070037728688	155.586313797544
"ENSG00000255422"	0.034619981156547	0.0175143588259509	0.653856522824255	-2.37572819775357	-1.55338537855869	50.0440317348536
"ENSG00000257743"	0.0346708043122926	0.0175446063628578	0.742598690776378	2.37509137468667	1.76373974531659	18.1119090229272
"ENSG00000126861"	0.0347698323726464	0.017613429514715	0.527839898274231	-2.3736459702574	-1.2529050474797	17.3354633786925
"ENSG00000286755"	0.0348565911701964	0.0176632106279119	0.862166545763021	2.37260356363199	2.04557941892163	9.81951762177034
"ENSG00000224995"	0.0350471031816138	0.017763198744597	0.676857292324918	-2.37051758864797	-1.60450211646086	6.61552283504004
"ENSG00000132970"	0.0352203269530253	0.0178665885251671	0.912009058189159	2.36837143988157	2.1599762063285	7.01950516886679
"ENSG00000188404"	0.0352589211586808	0.0179000426189289	0.5338348308989	2.36767933497582	1.26394969740964	542.211202825836
"ENSG00000115257"	0.0352589211586808	0.0178965239731158	0.509257192101252	-2.36775207606304	-1.20579477384777	8.31921361322775
"ENSG00000155367"	0.0353609452867562	0.0179587957074218	0.54139300849739	-2.36646657746257	-1.28118845988098	5.44712325250041
"ENSG00000168785"	0.0356552054798736	0.0181205198648453	0.730444911935863	2.3631461924785	1.72614811245653	25.1412986079385
"ENSG00000258875"	0.035718346370895	0.0181578803323902	0.598296856407898	2.36238283042066	1.41340622107267	108.641386814826
"ENSG00000272668"	0.0357628039536856	0.0181859869104872	0.471507827704951	-2.3618094530851	-1.11361164467717	21.5773777264604
"ENSG00000172215"	0.0357767906307783	0.0181981510784262	0.870690632036003	2.36156154324973	2.05618951268402	59.8951378119864
"ENSG00000115604"	0.0357857164076736	0.0182044516613416	0.645051055905822	2.36143319228626	1.52324497413531	46.4449951198744
"ENSG00000065328"	0.0357973891102565	0.0182121506384432	0.77627370447987	2.36127640703087	1.83299678378677	8.78499716712709
"ENSG00000184371"	0.0360999742391513	0.0183838515015592	0.585978492126584	2.35779480791924	1.3816170462884	4166.66466502644
"ENSG00000152952"	0.0362043912437458	0.0184477117523966	0.716122574884732	2.35650716511833	1.68754797881886	12.1742466475292
"ENSG00000224520"	0.0363476386116062	0.018535006977957	0.57164350605023	2.35475328920672	1.34607942612544	5.12744201405431
"ENSG00000262454"	0.0366576199297179	0.0187165209194482	0.469749108582067	2.35112945512008	1.1044409657037	14.3287599064451
"ENSG00000204991"	0.0366820752123663	0.0187326162327614	0.452051963614193	-2.35080960633688	-1.0626880986277	17.2031252858538
"ENSG00000147206"	0.0367907118527305	0.0187989533655211	0.810198983998132	-2.34949387565563	-1.90355755096603	22.3417047185646
"ENSG00000155093"	0.0370302473838526	0.0189395652326798	0.510564047165585	2.34671835274375	1.1981500197346	13.3496551335693
"ENSG00000247095"	0.0373162258651062	0.0191133679509782	0.944635709408458	2.34331247258935	2.21357663991012	19.5113240250299
"ENSG00000233725"	0.0375466925226688	0.0192461892997938	0.493495041394575	2.34072787698054	1.15513760054395	6.86552844629813
"ENSG00000105369"	0.0376220786444972	0.0192959362429913	0.512123587422171	2.33976385359542	1.19824825842401	89.3408036193392
"ENSG00000251372"	0.0378404284380021	0.0194358477627499	0.492148266322053	2.33706416891307	1.15018207901396	19.3850163370452
"LRG_42"	0.0380250275343012	0.0195512390686992	0.51193638495179	2.33485036480261	1.19529485516041	89.8105856985465
"ENSG00000171219"	0.0381981760840174	0.0196496619102012	0.52618392796354	2.33297110498609	1.22757189984702	12.9261044003684
"ENSG00000011105"	0.0384007728131213	0.0197689928910525	0.453085189861866	2.33070362550007	1.05600729467144	17.0037880572707
"ENSG00000082458"	0.0384501661034995	0.0197963123986239	0.649966188380292	2.33018619301612	1.51454223809107	28.7882538790384
"ENSG00000072858"	0.0386961829925319	0.0199420116602599	0.554773918431549	2.32743712706389	1.2912014148843	73.9086342907527
"ENSG00000105642"	0.038710960421853	0.0199515315003814	0.742074357497006	2.32725811684766	1.72699857178942	9.90386636953447
"ENSG00000103742"	0.038715117704497	0.0199555786751141	0.52235236671226	2.32718203672463	1.21560904465337	58.3230833233001
"ENSG00000180998"	0.0389788918501757	0.0201099723125336	0.660549045537251	-2.32428970317328	-1.53530734498317	6.15390596175343
"ENSG00000167216"	0.0390494125753857	0.0201528624226865	0.477253084925784	-2.32348966125062	-1.10889260862502	27.2157391454749
"ENSG00000204010"	0.0390709184448505	0.0201697273789975	0.505572404272921	2.32317548116871	1.17453341356237	51.2732909136485
"ENSG00000205213"	0.039314187637355	0.020312717077683	0.488940540464776	-2.32052087354995	-1.13459673007331	52.4147813034442
"ENSG00000249242"	0.0394325798730685	0.0203913459083873	0.927121702782576	2.31906806688662	2.15005833504062	66.0934963537018
"ENSG00000160062"	0.0395319103750078	0.0204504904320928	0.478311979124776	-2.31797848400065	-1.108716876251	24.4591698961115
"ENSG00000169245"	0.0395392891707574	0.0204562526667088	0.790596666672222	-2.31787247691149	-1.83250225401751	3681.37909317304
"ENSG00000074706"	0.0398125868478858	0.02061919098458	0.595383448050332	2.31488564834907	1.3782445991563	208.861919502155
"ENSG00000243290"	0.0398372288301404	0.0206339129453241	0.829110172810351	2.31461679440989	1.91907233040292	6.07258275415051
"ENSG00000140519"	0.0400820293973264	0.020776482868931	0.571913547832697	2.31202178409619	1.32227658120894	6.82705190447022
"ENSG00000254553"	0.0402880686918064	0.020897535885689	0.606749370474063	-2.30983057451159	-1.40148824698665	13.4587311411581
"ENSG00000262202"	0.0405284089293325	0.02103682808558	0.462273683765371	2.30732285933005	1.06661463781855	12.639732844571
"ENSG00000228956"	0.040877936123395	0.0212574115879776	0.642289067914264	2.30338107519993	1.47943648384152	15.0613137248341
"ENSG00000126217"	0.0411760352343341	0.0214225574890947	0.610563732233886	-2.30045320539095	-1.4045732949129	7.49428733859192
"ENSG00000103056"	0.0416413856948306	0.021695391376129	0.468707797206606	-2.2956589138981	-1.07599323267089	19.859312247461
"ENSG00000069535"	0.0416968511460389	0.0217304427902959	0.912184129860437	2.29504679312369	2.09350526197452	4.30343194515376
"ENSG00000255860"	0.0417906928217816	0.0217834603079299	0.79628826118975	-2.29412255200279	-1.82678285789049	4.88998831739823
"ENSG00000100558"	0.0418506607844438	0.0218208950046399	0.458201432543853	2.29347114069146	1.05087176216281	16.8346234778939
"ENSG00000069011"	0.0421418742843134	0.0219918967257775	0.857403314592062	-2.29050780365852	-1.9638889829558	9.78817171829431
"ENSG00000243810"	0.0421722425888126	0.0220155371090358	0.584544868384853	-2.29009971135673	-1.33866603436321	7.57633499278481
"ENSG00000223949"	0.0426321944454746	0.0222996912405909	0.684091403924474	2.28522409184233	1.56330215727045	626.737124509429
"ENSG00000284357"	0.0428323840331104	0.0224191541771101	0.466380051238683	-2.28319042007916	-1.06483446510419	7.02470523799037
"ENSG00000172927"	0.043131467482223	0.0226096476530189	0.660755884795106	2.27996696797226	1.50650159122612	52.3729888495519
"ENSG00000225077"	0.0431346408171837	0.0226134330572967	0.522741096130117	2.2799031524802	1.19179907299801	6.27873682258519
"ENSG00000115008"	0.0432625541386793	0.0226890048048239	0.893852533907259	2.2786310798181	2.03676016453524	3065.0813527991
"ENSG00000257907"	0.0436697718665354	0.0229326453500229	0.445804185453067	-2.27455488080191	-1.01400608590419	5.81297376238536
"ENSG00000148468"	0.0437580337561409	0.0229876053956035	0.679961490220669	2.27364058154716	1.545988038055	14.720973906211
"ENSG00000124157"	0.0437821311640772	0.0230024183801822	1.11624190566185	2.27339448191611	2.53765818881518	20.9544259794951
"ENSG00000164484"	0.0440855035324301	0.0231899984884039	0.731600244659886	2.27028991604649	1.66094465802848	12.8790356937439
"ENSG00000109452"	0.0441442463751821	0.0232317565782024	0.6213259199047	2.26960176281877	1.4101624031007	43.5127644930925
"ENSG00000122188"	0.0441535833899226	0.0232388424187712	0.625016946431569	2.26948509817244	1.41846664603169	39.8954859547926
"ENSG00000234814"	0.0448346345940682	0.0236590478793078	0.511654882155097	2.26262123643705	1.15768120209082	10.9069286785857
"ENSG00000254027"	0.0448742026234523	0.0236821352688113	0.466724933197997	-2.26224718917005	-1.05584716824275	6.91349428371992
"ENSG00000179715"	0.045044065799366	0.0237872907495176	0.518725373791463	2.26054751834873	1.17260335642881	84.0282868651463
"ENSG00000169255"	0.0455283433125118	0.024067669088757	0.528385669312569	2.25604729913445	1.19206306215397	84.7966233516992
"ENSG00000140479"	0.04558568954622	0.0241047115767571	0.484882800274113	2.25545615208856	1.09363189492018	111.040976935884
"ENSG00000227304"	0.0460002629481803	0.0243578724111675	0.557375698560846	-2.25143700758922	-1.25489627487078	9.91033104203669
"ENSG00000147145"	0.0463245665932096	0.0245592214765358	0.698408052450743	2.24826618666155	1.57020720881715	33.513331701821
"ENSG00000236254"	0.0464111257156605	0.0246142437200185	0.586946294396396	2.24740362241363	1.31910522818872	4.74947784726986
"ENSG00000230849"	0.046522775826056	0.0246826120269586	0.517947964532593	-2.24633416101346	-1.16348420635695	11.1948656297263
"ENSG00000151790"	0.0467662827373018	0.0248348102198531	0.914568862225257	-2.24396256232035	-2.0522582874974	25.5553347743618
"ENSG00000284387"	0.0467909926936464	0.0248502340181329	0.527033997842987	2.24372292703243	1.18251826428587	9.29554628009986
"ENSG00000107719"	0.0467922771491128	0.0248532180430426	0.635601030853498	-2.24367657993468	-1.42608314710833	27.005799073914
"ENSG00000237352"	0.0469448748825481	0.0249481249191346	0.503297552854427	2.24220501916695	1.12849629914464	91.6945356790648
"ENSG00000186265"	0.0471887527922389	0.0251009437201141	0.601148720065747	2.23984567106778	1.3464803583072	11.8024541343584
"ENSG00000237685"	0.0472244409252509	0.0251222503033089	0.501799646713414	-2.23951771014369	-1.12378919575854	5.70849599962064
"ENSG00000153283"	0.0474380836862663	0.025261572998024	0.662275861863474	2.23737910517333	1.48176217519399	238.964437997392
"ENSG00000153234"	0.0476697671224145	0.0254130590045056	0.457193094326639	2.23506534644542	1.02185644176362	163.368379041888
"ENSG00000167210"	0.0480938048785588	0.0256631050564682	1.04627501846247	2.23127218373683	2.33452434523405	32.1834298615964
"ENSG00000163739"	0.0488653417198246	0.0261201693785721	1.01825657146306	2.22442044771556	2.26503073858317	10264.3277347945
"ENSG00000184005"	0.0489625459259182	0.0261817628008034	0.481672056824984	-2.22350505656653	-1.07100025395715	36.8275333311024
"ENSG00000143847"	0.0490711310170756	0.0262543103572272	0.558548235739338	-2.22242925108669	-1.24133393724997	15.0424177741043
"ENSG00000155657"	0.0494717250462896	0.0265100108682228	0.539159592364742	2.2186578466902	1.19621066021833	29.6850204607346
"LRG_391"	0.0494717250462896	0.0265100108682228	0.539159592364742	2.2186578466902	1.19621066021833	29.6850204607346
"ENSG00000221857"	0.0499469310735608	0.0268015114202283	0.477524133737039	-2.21439655881463	-1.05742779849824	4.38139171742333
"ENSG00000237803"	0.0499661630548707	0.0268177628170176	0.539685387796022	2.21416016844651	1.19494988915056	9.93604459907755
"ENSG00000278662"	0.0499661630548707	0.0268216632848657	0.481718392537609	2.21410345123635	1.06657435544155	15.1587556055637
