ID	Description	GeneRatio	BgRatio	pvalue	p.adjust	qvalue	geneID	Count
GO:0009617	response to bacterium	179/2449	490/12472	4.30265708183284e-19	1.65392611531744e-15	1.11102540429916e-15	CFB/FAM20A/CD80/NOCT/IDO1/PLAC8/CCR7/CASP4/RELA/SLC7A5/IL27RA/RIPK2/NFKBIA/CASP1/TBK1/CARD16/PTGIR/PTGER4/NFKB2/ACOD1/ACE/CXCL13/MAPKAPK2/CSF2/ZC3H12A/CD274/CARD9/TNFAIP3/HCK/CASP3/CD40/TLR1/PELI1/GJB2/FOSL2/TNFRSF1B/IL10/TNIP1/ADM/CNP/FPR2/DHX58/IL7R/RNASE6/CD4/IL18BP/MGST2/GCH1/ALAD/FCER1G/ASS1/OPTN/ACP5/NFKB1/TNIP2/LYN/PRG2/TRIB1/CD86/WNT5A/PDE4B/MICA/NFKBIZ/LYZ/SBNO2/HLA-DRB1/PCK2/NLRC5/CD1D/ANXA3/MAP2K3/CYP27B1/ZNFX1/LILRB1/GBP1/GBP2/CMPK2/IRAK2/C15orf48/IL36RN/CDH1/TNF/HERC6/EDN1/TNIP3/USP18/NQO1/GBP6/SCIMP/LGALS9/MIR146A/GBP3/TLR2/TIFAB/LILRB2/SPN/RGS1/IL12B/STAB1/BMP6/NR1D1/HAMP/SASH1/SCARB1/LY86/CFD/PYCARD/AKAP12/TLR10/ADGRB1/TREM1/PDCD1LG2/CXCL6/TREM2/CD180/CD55/IL12RB2/SLAMF8/LRG1/IL27/EPHB2/IFI44/CSF2RB/CD36/MPEG1/S100A9/EPHA2/ZFP36/CCR5/MIAT/FCN2/CLEC4E/SLC22A5/CCDC80/CCL2/LTA/GBP4/CEBPE/EDNRB/WFDC2/ALPL/GSDMA/GBP5/BANK1/CHIT1/SLC11A1/CX3CR1/CXCL8/MPO/ISG15/IL18/PI3/GBP7/IKZF3/STAP1/IL23A/DEFB124/TNFSF4/THBD/C2/FASLG/CXCL2/EMILIN1/SERPINE1/IL36B/ARG2/NR4A1/CXCL3/COLEC12/NLRP3/LCN2/S100A12/IL36G/CXCL10/MAOB/IL1A/SEMG2/CD96/CXCL1	179
GO:0022407	regulation of cell-cell adhesion	153/2449	397/12472	6.17597503852665e-19	1.65392611531744e-15	1.11102540429916e-15	PTPN2/IL15/CD80/IDO1/SOCS1/CCR7/MAP3K8/PAG1/TWSG1/RELA/ADAM19/CCL19/RIPK2/JAG1/FOXO3/BCL6/JAK3/FLOT1/HLA-DMA/NCK2/CXCL13/SLAMF1/RASGRP1/ZC3H12A/CD274/HLX/MAD2L2/HLA-DPB1/CASP3/HLA-DPA1/VEGFA/TGFBR2/EBI3/PELI1/NR4A3/IL10/SDC4/IL7R/FGL2/RDX/CD4/CD83/HLA-DMB/CHST2/CD74/ITGB2/CD44/ASS1/ADTRP/ST3GAL4/DPP4/LYN/CD86/WNT5A/TNFSF9/NFKBIZ/ZP3/ABL2/RHOH/MDK/GPAM/SHB/HLA-DRB1/PNP/NFAT5/CD1D/PDPN/SERPINE2/HLA-DRA/TSPAN32/LILRB1/RUNX1/ADA/ADORA2A/PLAUR/IL2RA/HLA-DQB1/CDH1/CCL5/TNF/LGALS9B/FLOT2/VSIR/LGALS9/MIR146A/LILRB2/SPN/LOXL3/IL12B/CD70/IL1RN/SERPINF2/BMP6/ADAM8/CLECL1P/MDGA1/AFDN/DLG5/GLI3/TESPA1/FUT7/GPNMB/PYCARD/EPB41L5/ASCL2/AIF1/C1QTNF1/LAG3/RIPOR2/HFE/PDCD1LG2/CD55/IL1RL2/IL7/IFNG/HLA-DRB5/IRF1/CD9/ZNF703/HES1/ETS1/CCL2/LGALS9C/ANK3/CCR2/VNN1/HLA-DOA/ICOS/HLA-DOB/IL18/CR1/IL23A/TNFSF4/HLA-DQB2/ITGA4/EPHB3/HHLA2/MYO10/CELSR2/EMILIN1/VSIG4/TJP1/TBX21/CEACAM1/IL36B/TRPV4/YES1/LEP/ARG2/CARD11/NLRP3/IL1A/LAX1	153
GO:0006935	chemotaxis	138/2449	348/12472	1.95055316961066e-18	2.61179069410868e-15	1.75447124571822e-15	PTPN2/CCL15/CCL14/ELMO2/CCR7/CCL23/CCL19/CCL18/ITGAV/PLD1/SEMA4B/NRP2/SEMA3C/CXCL13/SLAMF1/RAB13/SEMA4D/PDGFRA/P2RX4/VEGFA/HSD3B7/ADGRA2/EPHB1/IL10/FPR2/NINJ1/CYP7B1/CD74/ITGB2/FLRT2/FCER1G/DPP4/LYN/CMTM7/CAMK1D/WNT5A/PDE4B/NTN1/C5/MDK/FES/PDGFA/ENPP2/CYSLTR1/CXCR5/DOCK4/CCL1/JAML/PLAUR/TNFAIP6/UNC5C/CCL5/FOSL1/EDN1/CCL4/GREM1/ITGA9/CXCL14/LGALS9/ACKR3/DUSP1/SPN/TUBB2B/TRPM2/FFAR2/LSP1/IL17RC/ADAM8/SEMA4C/PTPRO/GPNMB/S100A4/AIF1/TREM1/RIPOR2/TRPM4/CCL8/SEMA3A/CXCL6/CCL17/HGF/TREM2/GPR183/SLAMF8/CCL3/CCL4L1/CSF1R/S100A9/EPHA2/ARHGEF5/CCR5/LGMN/SEMA3B/FPR3/CCL2/HBEGF/ROBO1/CCR6/EDNRB/NEDD9/SEMA6B/CCR2/SEMA6A/ITGA2/CMTM1/CH25H/ECSCR/CX3CR1/CXCL8/PROK2/CMTM8/STAP1/ITGB3/PLXNA4/IL23A/DEFB124/PDGFRB/CCL13/CXCL2/SERPINE1/CCL22/ITGA1/TRPV4/NR4A1/MET/CD300H/CCL3L1/CCL3L3/CXCL3/SUCNR1/S100A12/THBS1/MMP2/CXCR6/CSF1/CXCL10/MIR34A/CXCL1	138
GO:0042330	taxis	138/2449	348/12472	1.95055316961066e-18	2.61179069410868e-15	1.75447124571822e-15	PTPN2/CCL15/CCL14/ELMO2/CCR7/CCL23/CCL19/CCL18/ITGAV/PLD1/SEMA4B/NRP2/SEMA3C/CXCL13/SLAMF1/RAB13/SEMA4D/PDGFRA/P2RX4/VEGFA/HSD3B7/ADGRA2/EPHB1/IL10/FPR2/NINJ1/CYP7B1/CD74/ITGB2/FLRT2/FCER1G/DPP4/LYN/CMTM7/CAMK1D/WNT5A/PDE4B/NTN1/C5/MDK/FES/PDGFA/ENPP2/CYSLTR1/CXCR5/DOCK4/CCL1/JAML/PLAUR/TNFAIP6/UNC5C/CCL5/FOSL1/EDN1/CCL4/GREM1/ITGA9/CXCL14/LGALS9/ACKR3/DUSP1/SPN/TUBB2B/TRPM2/FFAR2/LSP1/IL17RC/ADAM8/SEMA4C/PTPRO/GPNMB/S100A4/AIF1/TREM1/RIPOR2/TRPM4/CCL8/SEMA3A/CXCL6/CCL17/HGF/TREM2/GPR183/SLAMF8/CCL3/CCL4L1/CSF1R/S100A9/EPHA2/ARHGEF5/CCR5/LGMN/SEMA3B/FPR3/CCL2/HBEGF/ROBO1/CCR6/EDNRB/NEDD9/SEMA6B/CCR2/SEMA6A/ITGA2/CMTM1/CH25H/ECSCR/CX3CR1/CXCL8/PROK2/CMTM8/STAP1/ITGB3/PLXNA4/IL23A/DEFB124/PDGFRB/CCL13/CXCL2/SERPINE1/CCL22/ITGA1/TRPV4/NR4A1/MET/CD300H/CCL3L1/CCL3L3/CXCL3/SUCNR1/S100A12/THBS1/MMP2/CXCR6/CSF1/CXCL10/MIR34A/CXCL1	138
GO:0019221	cytokine-mediated signaling pathway	151/2449	399/12472	7.47154879472782e-18	8.00352306891244e-15	5.37636921692204e-15	UGCG/PTPN2/IL15/CCL15/HIF1A/CCL14/SOCS1/CCR7/CASP4/RFFL/CCL23/RELA/IL15RA/IL27RA/CCL19/RIPK2/CCL18/FOXO3/NFKBIA/CASP1/TBK1/CARD16/JAK3/CARD14/CEBPA/CXCL13/MAPKAPK2/CSF2/PTPN1/LILRA4/TRAF3IP2/TNFAIP3/HCK/EBI3/RABGEF1/STAT4/TNFRSF1B/TANK/IL7R/CD4/CD74/IL31RA/CD44/FCER1G/TNIP2/LYN/IRF7/TRIM65/WNT5A/ACSL1/IL1R2/NFKBIZ/VRK2/TP53/NLRC5/LRP8/LILRA5/TRAF1/LILRB1/CXCR5/OSM/CCL1/IRAK2/USP27X/IL2RA/PARP14/IL36RN/LILRA1/CCL5/TNF/DUOX2/FOSL1/EDN1/CCL4/USP18/TRAF5/IL1RAP/MMP12/IFI27/CLCF1/MIR146A/AIM2/FZD4/PLCB1/ACKR3/LILRB2/SPHK1/BIRC3/IL17RC/IL12B/CD70/IL1RN/SLC27A1/IFITM1/IFIH1/PYCARD/PARP9/OASL/CCL8/CXCL6/EXT1/CCL17/TREM2/IL12RB2/IL1RL2/IL7/IFNG/CCL3/IRF1/CSF2RB/CCL4L1/CSF1R/ZBP1/CCR5/CCL2/ROBO1/CCR6/IFITM3/CCR2/MX1/INHBA/EDA2R/IL22RA2/CX3CR1/CXCL8/EREG/ISG15/IL18/PPARG/STAP1/ST18/BIRC7/IL18RAP/CCL13/CXCL2/CCL22/CEACAM1/IL36B/LEP/CCL3L1/CCL3L3/CXCL3/IL2RB/IL36G/CXCR6/IL18R1/CSF1/CXCL10/MIR34A/IL1A/CXCL1	151
GO:0050900	leukocyte migration	128/2449	323/12472	3.73035019564575e-17	3.32995927464644e-14	2.23690122258196e-14	MCOLN2/CCL15/CCL14/B4GALT1/CCR7/CCL23/IL27RA/CCL19/CCL18/ICAM1/MYO1G/PTGER4/CXCL13/SLAMF1/HCK/CD200/P2RX4/VEGFA/RABGEF1/HSD3B7/IL10/FPR2/NINJ1/CYP7B1/CHST2/CD74/ITGB2/MMP14/FCER1G/ADTRP/ST3GAL4/DPP4/LYN/CAMK1D/WNT5A/PDE4B/ZP3/ABL2/C5/MDK/ADORA1/CXCR5/ADA/CCL1/JAML/TNFAIP6/CCL5/TNF/EDN1/CCL4/GREM1/ITGA9/LGALS9/MIR146A/PLCB1/DUSP1/SPN/TRPM2/PECAM1/FFAR2/IL17RC/ADAM8/PTPRO/FUT7/PYCARD/ASCL2/AIF1/TREM1/RIPOR2/TRPM4/CCL8/CXCL6/EXT1/CCL17/TREM2/GPR183/SLAMF8/CCL3/CCL4L1/CD200R1/CD9/CSF1R/S100A9/ARHGEF5/CCR5/LGMN/CCL2/CCR6/ITGA6/EDNRB/NEDD9/CCR2/ITGA2/CH25H/CX3CR1/CXCL8/ITGA3/STAP1/ITGB3/IL23A/DEFB124/ITGA4/GCSAM/GPR15/CCL13/CXCL2/EMILIN1/SERPINE1/CCL22/ITGA1/TBX21/TRPV4/YES1/APOD/LEP/CD300H/CCL3L1/CCL3L3/CXCL3/S100A12/THBS1/MMP2/SELL/CSF1/CXCL10/SMPD3/IL1A/CXCL1	128
GO:0007159	leukocyte cell-cell adhesion	137/2449	356/12472	5.25299488163647e-17	4.01929151229213e-14	2.69996037675691e-14	PTPN2/IL15/CD80/IDO1/SOCS1/CCR7/MAP3K8/PAG1/TWSG1/RELA/CCL19/RIPK2/ITGA5/FOXO3/BCL6/JAK3/ICAM1/HLA-DMA/NCK2/SLAMF1/RASGRP1/ZC3H12A/CD274/HLX/SEMA4D/HLA-DPB1/CASP3/HLA-DPA1/TGFBR2/EBI3/SLC39A8/PELI1/NR4A3/IL10/TNIP1/SDC4/IL7R/FGL2/CD4/CD83/HLA-DMB/CHST2/CD74/ITGB2/CD44/ASS1/ADTRP/ST3GAL4/DPP4/LYN/CD86/TNFSF9/NFKBIZ/ZP3/ABL2/RHOH/MDK/GPAM/SHB/HLA-DRB1/PNP/NFAT5/CD1D/HLA-DRA/TSPAN32/LILRB1/RUNX1/ADA/ADORA2A/IL2RA/HLA-DQB1/CCL5/TNF/LGALS9B/FLOT2/VSIR/LGALS9/MIR146A/LILRB2/SPN/LOXL3/PECAM1/IL12B/CD70/ADAM8/CLECL1P/DLG5/GLI3/TESPA1/FUT7/GPNMB/PYCARD/ASCL2/AIF1/LAG3/RIPOR2/HFE/PDCD1LG2/EXT1/CD55/LRG1/IL1RL2/IL7/IFNG/HLA-DRB5/IRF1/S100A9/HES1/ETS1/CCL2/LGALS9C/CCR2/VNN1/HLA-DOA/ICOS/CX3CR1/HLA-DOB/IL18/CR1/IL23A/TNFSF4/HLA-DQB2/ITGA4/HHLA2/VSIG4/TBX21/CEACAM1/IL36B/YES1/LEP/ARG2/CLEC4M/CARD11/NLRP3/SELL/IL1A/LAX1	137
GO:0032496	response to lipopolysaccharide	113/2449	276/12472	1.69455819190415e-16	1.13450670947983e-13	7.62105249990577e-14	CD80/NOCT/IDO1/CCR7/RELA/SLC7A5/RIPK2/NFKBIA/CASP1/CARD16/PTGIR/PTGER4/NFKB2/ACOD1/ACE/CXCL13/MAPKAPK2/CSF2/ZC3H12A/CD274/TNFAIP3/HCK/CASP3/CD40/PELI1/GJB2/FOSL2/TNFRSF1B/IL10/TNIP1/ADM/CNP/IL18BP/MGST2/GCH1/ALAD/ASS1/ACP5/NFKB1/TNIP2/LYN/TRIB1/CD86/WNT5A/PDE4B/NFKBIZ/SBNO2/PCK2/MAP2K3/CYP27B1/LILRB1/GBP2/CMPK2/IRAK2/IL36RN/TNF/EDN1/TNIP3/NQO1/SCIMP/LGALS9/MIR146A/GBP3/TLR2/TIFAB/LILRB2/IL12B/BMP6/NR1D1/SASH1/SCARB1/LY86/PYCARD/AKAP12/PDCD1LG2/CXCL6/TREM2/CD180/CD55/IL12RB2/EPHB2/CSF2RB/CD36/S100A9/ZFP36/CCR5/CCL2/LTA/CEBPE/EDNRB/ALPL/GBP5/SLC11A1/CX3CR1/CXCL8/MPO/STAP1/TNFSF4/THBD/C2/FASLG/CXCL2/SERPINE1/IL36B/NR4A1/CXCL3/NLRP3/IL36G/CXCL10/MAOB/IL1A/CD96/CXCL1	113
GO:0002237	response to molecule of bacterial origin	117/2449	291/12472	2.46712039575956e-16	1.46821075996536e-13	9.86271054117683e-14	CD80/NOCT/IDO1/CCR7/RELA/SLC7A5/RIPK2/NFKBIA/CASP1/CARD16/PTGIR/PTGER4/NFKB2/ACOD1/ACE/CXCL13/MAPKAPK2/CSF2/ZC3H12A/CD274/CARD9/TNFAIP3/HCK/CASP3/CD40/TLR1/PELI1/GJB2/FOSL2/TNFRSF1B/IL10/TNIP1/ADM/CNP/IL18BP/MGST2/GCH1/ALAD/ASS1/ACP5/NFKB1/TNIP2/LYN/TRIB1/CD86/WNT5A/PDE4B/NFKBIZ/SBNO2/PCK2/MAP2K3/CYP27B1/LILRB1/GBP2/CMPK2/IRAK2/IL36RN/TNF/EDN1/TNIP3/NQO1/SCIMP/LGALS9/MIR146A/GBP3/TLR2/TIFAB/LILRB2/IL12B/BMP6/NR1D1/SASH1/SCARB1/LY86/PYCARD/AKAP12/TLR10/PDCD1LG2/CXCL6/TREM2/CD180/CD55/IL12RB2/EPHB2/CSF2RB/CD36/S100A9/ZFP36/CCR5/CCL2/LTA/CEBPE/EDNRB/ALPL/GBP5/SLC11A1/CX3CR1/CXCL8/MPO/STAP1/DEFB124/TNFSF4/THBD/C2/FASLG/CXCL2/SERPINE1/IL36B/NR4A1/CXCL3/NLRP3/IL36G/CXCL10/MAOB/IL1A/CD96/CXCL1	117
GO:1903037	regulation of leukocyte cell-cell adhesion	125/2449	325/12472	1.34707566412895e-15	7.21493725707466e-13	4.84663644209764e-13	PTPN2/IL15/CD80/IDO1/SOCS1/CCR7/MAP3K8/PAG1/TWSG1/RELA/CCL19/RIPK2/FOXO3/BCL6/JAK3/HLA-DMA/NCK2/SLAMF1/RASGRP1/ZC3H12A/CD274/HLX/HLA-DPB1/CASP3/HLA-DPA1/TGFBR2/EBI3/PELI1/NR4A3/IL10/SDC4/IL7R/FGL2/CD4/CD83/HLA-DMB/CHST2/CD74/ITGB2/CD44/ASS1/ADTRP/ST3GAL4/DPP4/LYN/CD86/TNFSF9/NFKBIZ/ZP3/ABL2/RHOH/MDK/GPAM/SHB/HLA-DRB1/PNP/NFAT5/CD1D/HLA-DRA/TSPAN32/LILRB1/RUNX1/ADA/ADORA2A/IL2RA/HLA-DQB1/CCL5/TNF/LGALS9B/FLOT2/VSIR/LGALS9/MIR146A/LILRB2/SPN/LOXL3/IL12B/CD70/ADAM8/CLECL1P/DLG5/GLI3/TESPA1/FUT7/GPNMB/PYCARD/ASCL2/AIF1/LAG3/RIPOR2/HFE/PDCD1LG2/CD55/IL1RL2/IL7/IFNG/HLA-DRB5/IRF1/HES1/ETS1/CCL2/LGALS9C/CCR2/VNN1/HLA-DOA/ICOS/HLA-DOB/IL18/CR1/IL23A/TNFSF4/HLA-DQB2/ITGA4/HHLA2/VSIG4/TBX21/CEACAM1/IL36B/YES1/LEP/ARG2/CARD11/NLRP3/IL1A/LAX1	125
GO:0003013	circulatory system process	135/2449	362/12472	1.76372779146684e-15	8.58775095554216e-13	5.7688244892188e-13	SCN1B/NDST2/ATP6AP2/SLC1A2/KL/SLC7A5/SLC5A3/CYB5R3/ECE1/KCNJ2/SNX5/SLC8A3/CD38/ABAT/SLC1A5/ACE/PRCP/BMP10/ZC3H12A/GCLM/P2RX4/VEGFA/KCNE5/CALM2/ADM/DLL4/GSN/KCNK6/RPS6KA2/GCH1/POPDC2/ACTA2/CHRM3/PDE4B/GCLC/HRH1/SLC24A3/THRA/ADORA1/GPD1L/MAP2K3/ID2/PTGS1/SLC4A5/CYSLTR1/TNNT2/ADA/DOCK4/ADORA2A/FLI1/SLC16A1/TNF/EDN1/ADCY6/KCNMA1/KCNMB1/KEL/ADM2/HEG1/SLC38A5/CTNNBIP1/SLC27A1/F5/SERPINF2/BMP6/PDE4D/SLC7A8/PTPRO/PTP4A3/TNNI2/FGF13/DMD/SLC2A3/THRB/FERMT2/MYOF/GSTM2/AKAP12/LOC102724560/IER3/CBS/SLC16A7/ATP1B2/TRPM4/EXT1/P2RY1/TJP2/SHOX2/APOE/MFSD2A/KCNJ5/SLC4A8/SLC29A1/CD36/KCNE1/SLC19A1/ADORA2B/FFAR3/NEDD4L/SLC22A5/ABCG2/ABCC3/HRH2/HBEGF/SPTBN4/ACVRL1/LRP3/ATP1B1/EDNRB/SGK1/KCNQ1/ABCA2/ADORA3/SCN4B/PPARG/HTR2B/ATP1A4/EMILIN1/PDE2A/TJP1/DSP/ITGA1/LRP5/CEACAM1/TRPV4/DLL1/YES1/TMIGD3/LEP/SLCO2B1/ANK2/SUCNR1/MMP2/CXCL10/TTN	135
GO:0001819	positive regulation of cytokine production	148/2449	413/12472	3.84345371618955e-15	1.71546150865927e-12	1.15236182473122e-12	MCOLN2/IL15/CD80/HIF1A/ATP6AP2/IDO1/CCR7/RFTN1/RELA/SLC7A5/IL27RA/CCL19/RIPK2/BATF/CASP1/TBK1/PANX1/CLU/FLOT1/PTGER4/SLAMF1/RASGRP1/MAPKAPK2/CSF2/CD274/CARD9/HLA-DPB1/HLA-DPA1/CD200/CD40/EBI3/TLR1/PELI1/NR4A3/IL10/TANK/DHX58/MEFV/RAB7B/CD4/CD83/CD74/CGAS/FCER1G/PHB1/IRF7/PRG2/CD86/TRIM65/MAPK11/WNT5A/PDE4B/CLEC7A/IRF4/ZP3/C5/MDK/PNP/TNFRSF8/LILRA5/LILRB1/RUNX1/OSM/CCL1/TNF/SULF2/TMEM106A/IL1RAP/MMP12/SCIMP/CD84/LGALS9/PANX2/AIM2/TLR2/PLA2R1/PLCB1/LILRB2/SPHK1/SPN/HEG1/FFAR2/IL17RC/IL12B/SERPINF2/ADAM8/PDE4D/RSAD2/CLECL1P/IFIH1/TLR5/PYCARD/CD226/AKAP12/AIF1/EIF2AK2/ARRDC4/FCN1/RIGI/HGF/TREM2/GPRC5B/CD55/IL12RB2/IL1RL2/IL7/IFNG/IL27/CCL3/IRF1/EPHB2/CD36/CSF1R/TLR7/ADORA2B/CLEC4E/FFAR3/LTA/ORM2/CCR2/ORM1/GBP5/SCAMP5/NLRP2/SLC11A1/EREG/ISG15/IL18/HTR2B/IL23A/DEFB124/NFAM1/TNFSF4/HHLA2/SERPINE1/TBX21/TRPV4/LEP/ITK/SORL1/CARD11/LY9/NMB/LURAP1/NLRP3/THBS1/IL18R1/IL1A	148
GO:0007186	G protein-coupled receptor signaling pathway	158/2449	453/12472	6.71373653574598e-15	2.76605945272735e-12	1.85810133434654e-12	CCL15/SSTR2/CCL14/CCR7/CCL23/RELA/PLCB4/RAPGEF2/CCL19/CCL18/ECE1/NPFFR1/INSL3/PTGIR/GPR132/GNG10/PTGER4/ADGRE1/LPAR3/SLC39A14/CALM2/ADGRA2/ADM/FPR2/GNA15/FZD6/RGS10/DYNLT1/CAMK2A/PLPP1/PHB1/CHRM3/NLN/PLCB2/ACP3/CISH/PDE4B/ZDHHC7/HRH1/TGM2/ADGRE5/C5/AGRN/DAGLA/SORT1/ZNF219/ADORA1/F2RL2/CYSLTR1/PLEK/IQGAP2/CXCR5/OXER1/ADA/PREX2/CCL1/ADORA2A/GPR84/CCL5/EDN1/ADCY6/P2RY11/CCL4/ADM2/FZD4/PLCB1/ACKR3/SPHK1/FFAR2/RGS1/GNG8/PDE4D/SYP/TYRO3/OR2I1P/SSTR3/ADGRD1/AKAP12/ADGRB1/RGS14/FCN1/RGS18/GNGT2/CCL8/CCL17/GNG2/P2RY1/RGS12/PDGFRL/LPAR6/GPR162/GPRC5B/CALCRL/GPR183/HCAR2/APOE/GPR141/HCAR3/CCL3/CCL4L1/RGS16/CCR5/GPR171/SCG5/ADORA2B/FFAR3/FPR3/HCRTR1/HRH2/CCL2/GPR42/CCR6/EDNRB/KCNQ1/CCR2/FFAR1/P2RY6/OR5B21/ADORA3/CX3CR1/CXCL8/EREG/PROK2/NXPH3/PPARG/ITGB3/HTR2B/PDGFRB/GPR15/FFAR4/RAMP1/CELSR2/GPR82/CCL13/GPR34/PDE2A/ITPR3/OR6N1/GNAI1/CCL22/S1PR3/CA2/AREG/GPR176/SORL1/MET/OR52N4/NMB/CCL3L1/CCL3L3/GNG12/GUCY2F/SUCNR1/CXCR6/LGR4/CXCL10/LPAR4/CXCL1	158
GO:0050866	negative regulation of cell activation	80/2449	177/12472	7.28450634608225e-15	2.78684399925833e-12	1.87206336021873e-12	PTPN2/CD80/IDO1/SOCS1/PAG1/TWSG1/BCL6/JAK3/ZC3H12A/CD274/HLX/TNFAIP3/CASP3/PDGFRA/CD200/RABGEF1/PELI1/IL10/SDC4/FGL2/FOXF1/LDLR/CD74/IL31RA/LYN/CD86/MICA/INPP5D/SAMSN1/GCLC/MDK/HLA-DRB1/PDGFA/ID2/SERPINE2/TSPAN32/LILRB1/RUNX1/ADORA2A/LST1/IL2RA/LGALS9B/VSIR/CD84/LGALS9/TAFA3/LILRB2/SPN/LOXL3/NR1D1/TYRO3/DLG5/GLI3/GPNMB/ASCL2/C1QTNF1/LAG3/RIPOR2/HFE/PDCD1LG2/TREM2/APOE/IRF1/CYGB/CD9/LGALS9C/MNDA/CCR2/INHBA/BANK1/CR1/TNFSF4/THBD/TNFRSF13B/EMILIN1/VSIG4/TBX21/CEACAM1/ARG2/LAX1	80
GO:0097529	myeloid leukocyte migration	84/2449	196/12472	6.43729031291416e-14	2.29854179439788e-11	1.54404619575723e-11	MCOLN2/CCL15/CCL14/B4GALT1/CCR7/CCL23/CCL19/CCL18/PTGER4/CXCL13/SLAMF1/CD200/P2RX4/VEGFA/RABGEF1/FPR2/CD74/ITGB2/MMP14/FCER1G/DPP4/LYN/CAMK1D/PDE4B/C5/MDK/CCL1/JAML/TNFAIP6/CCL5/EDN1/CCL4/GREM1/ITGA9/MIR146A/PLCB1/DUSP1/PECAM1/IL17RC/ADAM8/PTPRO/FUT7/AIF1/TREM1/RIPOR2/CCL8/CXCL6/CCL17/TREM2/SLAMF8/CCL3/CCL4L1/CD200R1/CD9/CSF1R/S100A9/ARHGEF5/LGMN/CCL2/EDNRB/CCR2/CX3CR1/CXCL8/STAP1/IL23A/DEFB124/CCL13/CXCL2/EMILIN1/SERPINE1/CCL22/ITGA1/TRPV4/CD300H/CCL3L1/CCL3L3/CXCL3/S100A12/THBS1/MMP2/CSF1/CXCL10/IL1A/CXCL1	84
GO:0002683	negative regulation of immune system process	144/2449	411/12472	7.39877829970106e-14	2.47674103582493e-11	1.66375159397225e-11	PTPN2/CD80/IDO1/CEP63/SOCS1/PAG1/TWSG1/GPR137B/IL27RA/BCL6/JAK3/CEBPA/PTGER4/ACOD1/PHPT1/SLAMF1/ZC3H12A/CD274/HLX/LILRA4/TNFAIP3/HCK/TKFC/CASP3/CD200/PRKDC/RABGEF1/PELI1/IL10/DHX58/SDC4/IL7R/MEFV/RAB7B/FGL2/SERPINB9/FOXF1/LDLR/CD74/IL31RA/CDK6/CGAS/ERFE/ADTRP/ACP5/DPP4/LYN/PRG2/TRIB1/CD86/MICA/INPP5D/SAMSN1/IRF4/C5/TSC22D1/MDK/GPAM/HLA-DRB1/NLRC5/ADORA1/ID2/TSPAN32/LILRB1/GBP1/RUNX1/ADA/ADORA2A/RNF125/LST1/TNFAIP6/IL2RA/PARP14/TNF/LGALS9B/VSIR/USP18/GREM1/MMP12/CD84/LGALS9/MIR146A/PLCB1/TAFA3/TNFRSF11B/LILRB2/DUSP1/SPN/LOXL3/IL12B/NR1D1/TYRO3/DLG5/GLI3/GPNMB/A2M/ASCL2/LAG3/RIPOR2/HFE/PDCD1LG2/TREM2/CD55/SLAMF8/CCL3/IRF1/CD200R1/CCL2/LGALS9C/MNDA/C1QC/CCR2/FCRLB/INHBA/BANK1/HLA-DOA/ALOX15/CX3CR1/HLA-DOB/ISG15/CR1/PPARG/STAP1/TNFSF4/GCSAM/TNFRSF13B/GATA2/EMILIN1/VSIG4/SLA2/TBX21/CEACAM1/YES1/APOD/ARG2/KLRC1/CR2/FBN1/THBS1/PDCD1/LGR4/MIR34A/LAX1/CD96	144
GO:0022409	positive regulation of cell-cell adhesion	107/2449	276/12472	8.51503338103542e-14	2.68273639934269e-11	1.80212904621542e-11	IL15/CD80/SOCS1/CCR7/MAP3K8/RELA/ADAM19/CCL19/RIPK2/FOXO3/BCL6/FLOT1/HLA-DMA/NCK2/CXCL13/SLAMF1/RASGRP1/CD274/HLX/HLA-DPB1/HLA-DPA1/TGFBR2/EBI3/NR4A3/IL10/IL7R/CD4/CD83/HLA-DMB/CHST2/CD74/ITGB2/CD44/ST3GAL4/DPP4/LYN/CD86/WNT5A/TNFSF9/NFKBIZ/ZP3/ABL2/RHOH/MDK/GPAM/SHB/HLA-DRB1/PNP/NFAT5/CD1D/PDPN/HLA-DRA/LILRB1/RUNX1/ADA/PLAUR/IL2RA/HLA-DQB1/CCL5/TNF/FLOT2/VSIR/LGALS9/LILRB2/SPN/IL12B/CD70/SERPINF2/ADAM8/CLECL1P/AFDN/GLI3/TESPA1/FUT7/PYCARD/AIF1/PDCD1LG2/CD55/IL1RL2/IL7/IFNG/HLA-DRB5/HES1/ETS1/CCL2/ANK3/CCR2/VNN1/HLA-DOA/ICOS/HLA-DOB/IL18/CR1/IL23A/TNFSF4/HLA-DQB2/ITGA4/HHLA2/MYO10/EMILIN1/TJP1/IL36B/YES1/LEP/CARD11/NLRP3/IL1A	107
GO:0034341	response to type II interferon	63/2449	130/12472	1.05832353377751e-13	3.14910047050685e-11	2.11540926225235e-11	PTPN2/CCL15/CCL14/CCL23/CCL19/CCL18/CASP1/ACOD1/HCK/HLA-DPA1/CD40/CDC42EP2/EPRS1/CDC42EP4/CIITA/GSN/MEFV/RAB7B/GCH1/CAMK2A/CD74/ASS1/WNT5A/MYO1C/TP53/NLRC5/CYP27B1/GBP1/STXBP1/GBP2/CCL1/PARP14/CCL5/TNF/EDN1/CCL4/GBP6/LGALS9/GBP3/TLR2/IL12B/IFITM1/PARP9/AIF1/CCL8/CCL17/IFNG/CCL3/IRF1/CCL4L1/SLC22A5/CCL2/GBP4/IFITM3/GBP5/SLC11A1/GBP7/PPARG/FASLG/CCL13/CCL22/CCL3L1/CCL3L3	63
GO:0051249	regulation of lymphocyte activation	152/2449	446/12472	1.97296574276696e-13	5.41440569922396e-11	3.63712878423558e-11	PTPN2/IL15/CD80/IDO1/SOCS1/CCR7/MAP3K8/PAG1/TWSG1/IL15RA/IL27RA/CCL19/RIPK2/BATF/FOXO3/BCL6/JAK3/CD38/HLA-DMA/NCK2/SLAMF1/RASGRP1/ZC3H12A/CD274/HLX/MAD2L2/TNFAIP3/HLA-DPB1/CASP3/HLA-DPA1/PRKDC/CD40/TGFBR2/EBI3/PELI1/TNFRSF1B/IL10/SDC4/IL7R/FGL2/ZFP36L2/CD4/CD83/HLA-DMB/CD74/MMP14/CGAS/SLC39A10/TNIP2/DPP4/LYN/CD86/MICA/INPP5D/SAMSN1/CLEC7A/TNFSF9/NFKBIZ/IRF4/ZP3/ABL2/RHOH/MDK/GPAM/SHB/HLA-DRB1/PNP/CD1D/TNFRSF9/ID2/HLA-DRA/TSPAN32/LILRB1/RUNX1/ADA/ADORA2A/LST1/IL2RA/HLA-DQB1/CCL5/LGALS9B/FLOT2/VSIR/BCL2/CLCF1/LGALS9/LILRB2/SPN/LOXL3/IL12B/CD70/ADAM8/CLECL1P/TYRO3/DLG5/GLI3/TESPA1/GPNMB/PYCARD/ASCL2/AIF1/LAG3/RIPOR2/HFE/PDCD1LG2/GPR183/CD55/SLAMF8/IL1RL2/IL7/IFNG/IL27/HLA-DRB5/IRF1/EPHB2/CD19/HES1/LAT/CCL2/LGALS9C/MNDA/NEDD9/CCR2/INHBA/BANK1/VNN1/HLA-DOA/ICOS/HLA-DOB/IL18/CR1/IKZF3/IL23A/NFAM1/TNFSF4/HLA-DQB2/TNFRSF13B/HHLA2/VSIG4/TBX21/ZEB1/CEACAM1/IL36B/YES1/LEP/ARG2/NFATC2/KLRC1/CARD11/NLRP3/IL1A/LAX1	152
GO:0007162	negative regulation of cell adhesion	93/2449	230/12472	2.02180944705898e-13	5.41440569922396e-11	3.63712878423558e-11	PTPN2/CD80/IDO1/SOCS1/PAG1/TWSG1/JAG1/BCL6/JAK3/RCC2/KANK1/ZC3H12A/CD274/HLX/MAD2L2/SEMA4D/MUC1/CASP3/VEGFA/PELI1/IL10/SDC4/FGL2/RDX/ADAM15/CD74/MMP14/ASS1/ADTRP/CD86/MDK/HLA-DRB1/PLXNB1/SERPINE2/TSPAN32/LILRB1/GBP1/RUNX1/ADORA2A/IL2RA/CDH1/LGALS9B/VSIR/CDKN2A/MMP12/RND1/LGALS9/MIR146A/FZD4/LILRB2/DUSP1/SPN/LOXL3/PLXNA1/IL1RN/BMP6/TGFBI/PTPRO/DLG5/GLI3/GPNMB/EPB41L5/ASCL2/C1QTNF1/LAG3/RIPOR2/HFE/PDCD1LG2/IRF1/EPHB2/CD9/ZNF703/HSPG2/DLC1/LGALS9C/ACVRL1/SEMA6A/ADAMDEC1/COL1A1/CR1/PLXNA4/TNFSF4/SERPINE1/VSIG4/CLDN7/TBX21/CEACAM1/TRPV4/APOD/ARG2/THBS1/MMP2/LAX1	93
GO:1901615	organic hydroxy compound metabolic process	134/2449	379/12472	2.58737015753741e-13	6.59902598274779e-11	4.43289784384104e-11	HIF1A/KL/INSIG2/GPD2/SLC5A3/SRD5A3/RAPGEF2/LSS/CYB5R3/GK5/MSMO1/HMGCS1/STARD4/ALG8/IDI1/CEBPA/SQLE/ABAT/SC5D/FDFT1/ALG3/TKFC/PNPO/NPC1/GK/CYP51A1/PFKFB2/HSD3B7/HMGCR/GCNT4/ERG28/NAAA/FDPS/PNKD/LDLR/MVD/CYP7B1/GCH1/SOAT1/ITGB2/DHCR7/ALDH3A2/PLPP1/RDH13/SORD/ACP3/NFKB1/WNT5A/MVK/SRD5A1/HRH1/SCP2/APOL2/HPN/PCK2/TP53/PDXP/AKR1B1/INSM1/FAXDC2/ALDH1A1/CYP27B1/SCARF1/INSIG1/IDH2/PLEK/CTSK/FECH/FDXR/MAOA/TNF/DUOX2/OSBPL5/ACSS1/BCL2/NQO1/DEGS2/ABCA5/PLCB1/PLB1/SPHK1/LDHD/OSBPL3/PTGR1/APOC1/TTC39B/SGPP2/CAT/CYP3A7/TG/BMP6/NR1D1/APOL1/SCARB1/DHRS9/CYB5R2/SLC27A2/INPP5J/AOC2/ITGAM/P2RY1/OSBPL1A/APOE/IFNG/SLC16A10/LGMN/GDPD1/EDNRB/LIPA/DGAT2/SNAI1/LDHAL6B/ABCA2/ALPL/ALOX15/CH25H/P2RY6/DKK3/RDH12/ITPKA/SEC14L2/ALDH1B1/IMPA2/DHRS3/CRYM/SLC7A11/LRP5/ATP8B1/LEP/HDC/EPHX2/MAOB/INPP4B/NR4A2	134
GO:0060326	cell chemotaxis	99/2449	253/12472	3.75029236571478e-13	9.13025723216743e-11	6.13325325646561e-11	CCL15/CCL14/ELMO2/CCR7/CCL23/CCL19/CCL18/CXCL13/SLAMF1/RAB13/PDGFRA/P2RX4/VEGFA/HSD3B7/EPHB1/IL10/FPR2/NINJ1/CYP7B1/CD74/ITGB2/FCER1G/DPP4/LYN/CAMK1D/WNT5A/PDE4B/C5/MDK/CXCR5/DOCK4/CCL1/JAML/TNFAIP6/CCL5/EDN1/CCL4/GREM1/ITGA9/CXCL14/LGALS9/ACKR3/DUSP1/TRPM2/FFAR2/IL17RC/ADAM8/PTPRO/AIF1/TREM1/RIPOR2/TRPM4/CCL8/CXCL6/CCL17/HGF/GPR183/SLAMF8/CCL3/CCL4L1/CSF1R/S100A9/EPHA2/ARHGEF5/CCR5/LGMN/CCL2/HBEGF/CCR6/EDNRB/NEDD9/CCR2/CH25H/CX3CR1/CXCL8/STAP1/IL23A/DEFB124/PDGFRB/CCL13/CXCL2/SERPINE1/CCL22/ITGA1/TRPV4/NR4A1/MET/CD300H/CCL3L1/CCL3L3/CXCL3/S100A12/THBS1/MMP2/CXCR6/CSF1/CXCL10/MIR34A/CXCL1	99
GO:0008015	blood circulation	111/2449	298/12472	6.58183907431711e-13	1.49897394215873e-10	1.00693623173195e-10	SCN1B/NDST2/ATP6AP2/KL/CYB5R3/ECE1/KCNJ2/SNX5/SLC8A3/CD38/ABAT/ACE/PRCP/BMP10/ZC3H12A/GCLM/P2RX4/VEGFA/KCNE5/CALM2/ADM/DLL4/GSN/KCNK6/RPS6KA2/GCH1/POPDC2/ACTA2/CHRM3/PDE4B/GCLC/HRH1/THRA/ADORA1/GPD1L/MAP2K3/ID2/PTGS1/SLC4A5/CYSLTR1/TNNT2/ADA/DOCK4/ADORA2A/FLI1/TNF/EDN1/ADCY6/KCNMA1/KCNMB1/KEL/ADM2/CTNNBIP1/F5/SERPINF2/BMP6/PDE4D/PTPRO/PTP4A3/TNNI2/FGF13/DMD/THRB/FERMT2/MYOF/GSTM2/AKAP12/LOC102724560/IER3/CBS/ATP1B2/TRPM4/EXT1/P2RY1/TJP2/SHOX2/APOE/KCNJ5/KCNE1/ADORA2B/FFAR3/NEDD4L/HRH2/HBEGF/SPTBN4/ACVRL1/ATP1B1/EDNRB/SGK1/KCNQ1/ADORA3/SCN4B/PPARG/HTR2B/EMILIN1/PDE2A/TJP1/DSP/ITGA1/LRP5/CEACAM1/TRPV4/DLL1/YES1/TMIGD3/LEP/ANK2/SUCNR1/MMP2/CXCL10/TTN	111
GO:0050727	regulation of inflammatory response	114/2449	309/12472	6.7168361859241e-13	1.49897394215873e-10	1.00693623173195e-10	PTPN2/IL15/IDO1/CCR7/CASP4/RELA/PTGES/NFKBIA/BCL6/CASP1/CARD16/CEBPA/PSMA6/SOCS3/PTGER4/ACOD1/PIK3AP1/TNFAIP3/HCK/SIGLEC10/CD200/RABGEF1/SLC39A8/TNFRSF1B/IL10/TNIP1/FPR2/NINJ1/MEFV/FOXF1/LDLR/MGST2/NEAT1/ACP5/NFKB1/LYN/TRIM65/WNT5A/MVK/NFKBIZ/ZP3/MDK/SBNO2/HLA-DRB1/DAGLA/VAMP8/ADORA1/LILRA5/OSM/ADA/CCL1/ADORA2A/TNFAIP6/IL2RA/NKG7/CCL5/TNF/USP18/MIR146A/AIM2/TLR2/TAFA3/SPHK1/SPN/FFAR2/BIRC3/IL12B/ADAM8/NR1D1/HAMP/TYRO3/FUT7/MIR22/PYCARD/IER3/PROC/HGF/TREM2/GPRC5B/SLAMF8/APOE/IL1RL2/IFNG/CCL3/CD200R1/S100A9/FNDC4/ZFP36/ZBP1/TLR7/ADORA2B/FFAR3/ETS1/LTA/EDNRB/CCR2/ALOX15/NLRP2/ALOX5AP/IL22RA2/IL18/PPARG/STAP1/IL23A/TNFSF4/FFAR4/NUPR1/SERPINE1/PDE2A/TRPV4/YES1/NLRP3/SUCNR1/S100A12	114
GO:2000147	positive regulation of cell motility	146/2449	430/12472	8.37664130152599e-13	1.79461163243893e-10	1.20553094604698e-10	HIF1A/CCR7/LAMC2/RAPGEF2/CCL19/ITGA5/INSL3/ITGAV/ICAM1/SEMA4B/NRP2/SEMA3C/ATP5F1A/PHPT1/CXCL13/SLAMF1/CSF2/ZC3H12A/CD274/RIN2/HDAC7/SEMA4D/GPI/PDGFRA/CD40/P2RX4/VEGFA/TGFBR2/NR4A3/ADGRA2/FPR2/MAZ/RDX/FOXF1/CD74/MMP14/ACVR1B/ACTA2/LYN/CAMK1D/PAK1/WNT5A/CLEC7A/ZP3/WNT5B/NTN1/ABL2/MDK/MYO1C/PDGFA/PDPN/ANXA3/MAP2K3/JCAD/ENPP2/INSM1/AKT3/DOCK4/CCL1/TNFAIP6/CCL5/TNF/DUOX2/EDN1/VSIR/MYLK/CCL4/BCL2/LGALS9/MIR146A/PDGFC/FZD4/ACKR3/SPHK1/SPN/PECAM1/LAMB1/KIF20B/ADAM8/SASH1/SEMA4C/SCARB1/FUT7/GPNMB/PYCARD/EPB41L5/FERMT2/AKAP12/MMP7/ASCL2/AIF1/TCAF2/RIPOR2/SEMA3A/HGF/VTN/TREM2/IFNG/CCL3/EPHB2/CSF1R/EPHA2/ATOH8/ZNF703/LGMN/DDR2/SEMA3B/ETS1/RHOC/HBEGF/CCR6/ITGA6/NEDD9/SPARC/SNAI1/SEMA6B/CCR2/SEMA6A/ITGA2/SYNE2/COL1A1/CEMIP/P2RY6/CX3CR1/CXCL8/ITGA3/ITGB3/IL23A/DEFB124/PDGFRB/ARHGEF39/CAVIN1/ITGA4/GATA2/HDAC9/SERPINE1/TJP1/CLDN7/CASS4/TRPV4/MET/THBS1/MMP2/CSF1/CXCL10/IL1A	146
GO:0071674	mononuclear cell migration	76/2449	177/12472	8.99690184770899e-13	1.85336178062805e-10	1.24499637714451e-10	CCL15/CCL14/CCR7/CCL23/IL27RA/CCL19/CCL18/ICAM1/MYO1G/CXCL13/SLAMF1/CD200/HSD3B7/FPR2/CYP7B1/ADTRP/LYN/WNT5A/ABL2/MDK/CCL1/JAML/CCL5/TNF/CCL4/GREM1/LGALS9/MIR146A/PLCB1/DUSP1/SPN/TRPM2/PECAM1/ADAM8/PTPRO/FUT7/PYCARD/ASCL2/AIF1/RIPOR2/TRPM4/CCL8/EXT1/CCL17/GPR183/SLAMF8/CCL3/CCL4L1/CD200R1/CSF1R/ARHGEF5/CCR5/LGMN/CCL2/CCR6/NEDD9/CCR2/CH25H/CX3CR1/ITGB3/DEFB124/ITGA4/GCSAM/GPR15/CCL13/SERPINE1/CCL22/TBX21/TRPV4/APOD/CCL3L1/CCL3L3/S100A12/THBS1/CSF1/CXCL10	76
GO:0030595	leukocyte chemotaxis	83/2449	201/12472	1.05277428481553e-12	2.08839224795258e-10	1.40287816978537e-10	CCL15/CCL14/CCR7/CCL23/CCL19/CCL18/CXCL13/SLAMF1/VEGFA/HSD3B7/IL10/FPR2/NINJ1/CYP7B1/CD74/ITGB2/FCER1G/DPP4/LYN/CAMK1D/WNT5A/PDE4B/C5/MDK/CXCR5/CCL1/JAML/TNFAIP6/CCL5/EDN1/CCL4/GREM1/ITGA9/LGALS9/DUSP1/TRPM2/FFAR2/IL17RC/ADAM8/PTPRO/AIF1/TREM1/RIPOR2/TRPM4/CCL8/CXCL6/CCL17/GPR183/SLAMF8/CCL3/CCL4L1/CSF1R/S100A9/ARHGEF5/CCR5/LGMN/CCL2/CCR6/EDNRB/NEDD9/CCR2/CH25H/CX3CR1/CXCL8/STAP1/IL23A/DEFB124/CCL13/CXCL2/SERPINE1/CCL22/ITGA1/TRPV4/CD300H/CCL3L1/CCL3L3/CXCL3/S100A12/THBS1/MMP2/CSF1/CXCL10/CXCL1	83
GO:0042110	T cell activation	161/2449	492/12472	1.7424525807651e-12	3.33306286520638e-10	2.23898606054703e-10	PTPN2/IL15/CD80/IDO1/SOCS1/CCR7/MAP3K8/PAG1/TWSG1/RUNX2/CCL19/RIPK2/CTSL/BATF/FOXO3/BCL6/JAK3/ICAM1/HLA-DMA/SOCS3/PTGER4/NCK2/SLAMF1/RASGRP1/ZC3H12A/CD274/HLX/TRAF3IP2/HLA-DPB1/CASP3/HLA-DPA1/PRKDC/TGFBR2/EBI3/PELI1/STAT4/FOSL2/TNFRSF1B/IL10/ENTPD7/DLL4/RELB/SDC4/IL7R/GSN/FGL2/ZFP36L2/CD4/CD83/HLA-DMB/CD74/CDK6/CD44/CGAS/FCER1G/TRGC1/DPP4/LYN/CD86/MICA/CLEC7A/TNFSF9/NFKBIZ/SLAMF7/IRF4/ZP3/ABL2/RHOH/MDK/GPAM/SHB/HLA-DRB1/PNP/TP53/CD1D/TNFRSF9/HLA-DRA/TSPAN32/LILRB1/RUNX1/ADA/ADORA2A/JAML/IL2RA/HLA-DQB1/NKG7/CCL5/LGALS9B/FLOT2/VSIR/BCL2/CD84/LGALS9/TREML2/LILRB2/SPN/LOXL3/IL12B/CD70/ADAM8/RSAD2/CLECL1P/DLG5/GLI3/TESPA1/FUT7/GPNMB/PYCARD/ASCL2/AIF1/LAG3/RIPOR2/HFE/PDCD1LG2/GPR183/CD55/IL1RL2/IL7/IFNG/HSH2D/IL27/HLA-DRB5/IRF1/HES1/CLEC4E/LAT/CCL2/LGALS9C/CCR6/LIPA/CCR2/VNN1/HLA-DOA/ICOS/SLC11A1/HLA-DOB/IL18/CR1/IKZF3/IL23A/TNFSF4/CD7/HLA-DQB2/HHLA2/VSIG4/SLA2/TBX21/ZEB1/CEACAM1/IL36B/YES1/LEP/ARG2/ITK/KLRC1/CARD11/LY9/NLRP3/IL18R1/IL1A/LAX1	161
GO:0040017	positive regulation of locomotion	147/2449	439/12472	2.36025338007118e-12	4.3591438288487e-10	2.928256280611e-10	HIF1A/CCR7/LAMC2/RAPGEF2/CCL19/ITGA5/INSL3/ITGAV/ICAM1/SEMA4B/NRP2/SEMA3C/ATP5F1A/PHPT1/CXCL13/SLAMF1/CSF2/ZC3H12A/CD274/RIN2/HDAC7/SEMA4D/GPI/PDGFRA/CD40/P2RX4/VEGFA/TGFBR2/NR4A3/ADGRA2/FPR2/MAZ/RDX/FOXF1/CD74/MMP14/ACVR1B/ACTA2/LYN/CAMK1D/PAK1/WNT5A/CLEC7A/ZP3/WNT5B/NTN1/ABL2/MDK/MYO1C/PDGFA/PDPN/ANXA3/MAP2K3/JCAD/ENPP2/INSM1/AKT3/DOCK4/CCL1/TNFAIP6/CCL5/TNF/DUOX2/EDN1/VSIR/MYLK/CCL4/BCL2/LGALS9/MIR146A/PDGFC/FZD4/ACKR3/SPHK1/SPN/PECAM1/LAMB1/KIF20B/ADAM8/SASH1/SEMA4C/SCARB1/FUT7/GPNMB/PYCARD/EPB41L5/FERMT2/AKAP12/MMP7/ASCL2/AIF1/TCAF2/RIPOR2/SEMA3A/HGF/VTN/TREM2/IFNG/CCL3/EPHB2/CSF1R/EPHA2/ATOH8/ZNF703/LGMN/DDR2/SEMA3B/ETS1/RHOC/HBEGF/CCR6/ITGA6/NEDD9/SPARC/SNAI1/SEMA6B/CCR2/SEMA6A/ITGA2/SYNE2/COL1A1/CEMIP/P2RY6/CX3CR1/CXCL8/ITGA3/ITGB3/IL23A/DEFB124/PDGFRB/ARHGEF39/CAVIN1/ITGA4/GATA2/HDAC9/SERPINE1/TJP1/CLDN7/CASS4/TRPV4/MET/SUCNR1/THBS1/MMP2/CSF1/CXCL10/IL1A	147
GO:0050867	positive regulation of cell activation	123/2449	348/12472	2.60155975470574e-12	4.64465134873465e-10	3.12004604967867e-10	IL15/CD80/SOCS1/CCR7/MAP3K8/IL15RA/CCL19/RIPK2/FOXO3/BCL6/CD38/CEBPA/HLA-DMA/NCK2/SLAMF1/RASGRP1/CD274/HLX/MAD2L2/NECTIN2/HLA-DPB1/HLA-DPA1/PRKDC/CD40/TGFBR2/EBI3/PELI1/NR4A3/IL10/IL7R/CD4/CD83/HLA-DMB/CD74/ITGB2/MMP14/ACTA2/SLC39A10/TNIP2/DPP4/LYN/CD86/WNT5A/INPP5D/CLEC7A/TNFSF9/NFKBIZ/ZP3/ABL2/RHOH/MDK/GPAM/SHB/HLA-DRB1/PNP/VAMP8/CD1D/HLA-DRA/LILRA5/PLEK/LILRB1/STXBP1/RUNX1/ADA/IL2RA/HLA-DQB1/CCL5/TNF/FLOT2/VSIR/BCL2/CLCF1/LGALS9/TAFA3/LILRB2/SPN/IL12B/CD70/ADAM8/HAMP/CLECL1P/GLI3/TESPA1/PYCARD/CD226/AIF1/PDCD1LG2/ITGAM/TREM2/GPR183/CD55/IL1RL2/IL7/IFNG/HLA-DRB5/CCL3/EPHB2/HES1/DDR2/ADORA2B/CCL2/CCR2/VNN1/HLA-DOA/ICOS/HLA-DOB/IL18/CR1/STAP1/IL23A/TNFSF4/HLA-DQB2/GATA2/HHLA2/TBX21/IL36B/YES1/LEP/NFATC2/CARD11/NLRP3/THBS1/IL1A	123
GO:0070371	ERK1 and ERK2 cascade	89/2449	225/12472	2.89220126128416e-12	4.99697740497999e-10	3.35672119221367e-10	PTPN2/CCL15/CCL14/CCR7/CCL23/RAPGEF2/CCL19/RIPK2/CCL18/ITGAV/ICAM1/CFLAR/DUSP5/PTGER4/SLAMF1/RASGRP1/PTPN1/CARD9/PDGFRA/HMGCR/EPHB1/TNIP1/FPR2/ZFP36L2/CD4/CD74/CD44/PHB1/SPRED3/ACTA2/DUSP7/LYN/HLA-DRB1/PDGFA/CNKSR3/GBP1/CCL1/CCL5/TNF/EDN1/CCL4/SPRED2/SCIMP/DUSP4/LGALS9/PDGFC/ACKR3/SERPINF2/GRB10/DENND2B/GPNMB/PYCARD/FERMT2/AKAP12/RGS14/CCL8/CCL17/P2RY1/TREM2/GPR183/APOE/CCL3/EPHB2/CCL4L1/CD36/CSF1R/EPHA2/ATF3/HCRTR1/CCL2/SEMA6A/INHBA/ALOX15/P2RY6/ITGB3/HTR2B/PDGFRB/FFAR4/IQGAP3/LIF/CCL13/EMILIN1/CCL22/CEACAM1/TRPV4/CCL3L1/CCL3L3/CDK1/IL1A	89
GO:0030335	positive regulation of cell migration	141/2449	418/12472	3.64089945950474e-12	6.09395547034605e-10	4.09361656335105e-10	HIF1A/CCR7/LAMC2/RAPGEF2/CCL19/ITGA5/INSL3/ITGAV/ICAM1/SEMA4B/NRP2/SEMA3C/ATP5F1A/CXCL13/SLAMF1/CSF2/ZC3H12A/CD274/RIN2/HDAC7/SEMA4D/GPI/PDGFRA/CD40/P2RX4/VEGFA/TGFBR2/NR4A3/ADGRA2/FPR2/MAZ/RDX/FOXF1/CD74/MMP14/ACVR1B/ACTA2/LYN/CAMK1D/PAK1/WNT5A/CLEC7A/ZP3/WNT5B/ABL2/MDK/MYO1C/PDGFA/PDPN/ANXA3/MAP2K3/JCAD/ENPP2/INSM1/AKT3/DOCK4/CCL1/TNFAIP6/CCL5/TNF/EDN1/VSIR/MYLK/CCL4/BCL2/LGALS9/MIR146A/PDGFC/FZD4/ACKR3/SPHK1/SPN/PECAM1/LAMB1/KIF20B/ADAM8/SASH1/SEMA4C/SCARB1/FUT7/GPNMB/PYCARD/EPB41L5/FERMT2/AKAP12/MMP7/ASCL2/AIF1/TCAF2/RIPOR2/SEMA3A/HGF/VTN/TREM2/IFNG/CCL3/EPHB2/CSF1R/EPHA2/ATOH8/ZNF703/LGMN/DDR2/SEMA3B/ETS1/RHOC/HBEGF/CCR6/ITGA6/NEDD9/SPARC/SNAI1/SEMA6B/CCR2/SEMA6A/ITGA2/SYNE2/COL1A1/CEMIP/P2RY6/CX3CR1/CXCL8/ITGA3/ITGB3/IL23A/DEFB124/PDGFRB/ARHGEF39/ITGA4/GATA2/HDAC9/SERPINE1/TJP1/CASS4/TRPV4/MET/THBS1/MMP2/CSF1/CXCL10/IL1A	141
GO:0050863	regulation of T cell activation	119/2449	335/12472	4.05940193972233e-12	6.58853236034934e-10	4.425848749592e-10	PTPN2/IL15/CD80/IDO1/SOCS1/CCR7/MAP3K8/PAG1/TWSG1/CCL19/RIPK2/BATF/FOXO3/BCL6/JAK3/HLA-DMA/NCK2/SLAMF1/RASGRP1/ZC3H12A/CD274/HLX/HLA-DPB1/CASP3/HLA-DPA1/TGFBR2/EBI3/PELI1/TNFRSF1B/IL10/SDC4/IL7R/FGL2/CD4/CD83/HLA-DMB/CD74/CGAS/DPP4/LYN/CD86/TNFSF9/NFKBIZ/IRF4/ZP3/ABL2/RHOH/MDK/GPAM/SHB/HLA-DRB1/PNP/CD1D/TNFRSF9/HLA-DRA/TSPAN32/LILRB1/RUNX1/ADA/ADORA2A/IL2RA/HLA-DQB1/CCL5/LGALS9B/FLOT2/VSIR/LGALS9/LILRB2/SPN/LOXL3/IL12B/CD70/ADAM8/CLECL1P/DLG5/GLI3/TESPA1/GPNMB/PYCARD/ASCL2/AIF1/LAG3/RIPOR2/HFE/PDCD1LG2/CD55/IL1RL2/IL7/IFNG/IL27/HLA-DRB5/IRF1/HES1/LAT/CCL2/LGALS9C/CCR2/VNN1/HLA-DOA/ICOS/HLA-DOB/IL18/CR1/IL23A/TNFSF4/HLA-DQB2/HHLA2/VSIG4/TBX21/ZEB1/CEACAM1/IL36B/YES1/LEP/ARG2/CARD11/NLRP3/IL1A/LAX1	119
GO:0070661	leukocyte proliferation	105/2449	286/12472	7.82123298294637e-12	1.19660559532192e-09	8.03820196692409e-10	IL15/CD80/IDO1/TWSG1/CCL19/RIPK2/BCL6/TBK1/CD38/CLU/ACE/NCK2/SLAMF1/RASGRP1/CSF2/CD274/TNFAIP3/HLA-DPB1/CASP3/HLA-DPA1/CD40/TGFBR2/EBI3/PELI1/FOSL2/TNFRSF1B/IL10/SDC4/IL7R/HLA-DMB/CD74/SLC39A10/NDP/HHEX/LYN/CD86/INPP5D/TNFSF9/NFKBIZ/ZP3/GPAM/SHB/HLA-DRB1/PNP/TP53/CD1D/TNFRSF9/TSPAN32/LILRB1/ADA/LST1/IL2RA/CCL5/LGALS9B/VSIR/BCL2/GREM1/CLCF1/LGALS9/LILRB2/SPN/IL12B/CD70/CLECL1P/DLG5/GPNMB/PYCARD/AIF1/PDCD1LG2/TREM2/CD180/GPR183/CD55/IL7/IL27/IRF1/EPHB2/CD19/CSF2RB/CSF1R/HES1/GAPT/LGALS9C/MNDA/LIPA/CCR2/OCSTAMP/SLC11A1/IL18/CR1/IKZF3/IL23A/TNFSF4/TNFRSF13B/HHLA2/VSIG4/LEP/ARG2/NFATC2/CR2/CARD11/NMB/CSF1/CD79A/IL1A	105
GO:0002696	positive regulation of leukocyte activation	119/2449	338/12472	7.99338532239071e-12	1.19660559532192e-09	8.03820196692409e-10	IL15/CD80/SOCS1/CCR7/MAP3K8/IL15RA/CCL19/RIPK2/FOXO3/BCL6/CD38/CEBPA/HLA-DMA/NCK2/SLAMF1/RASGRP1/CD274/HLX/MAD2L2/NECTIN2/HLA-DPB1/HLA-DPA1/PRKDC/CD40/TGFBR2/EBI3/PELI1/NR4A3/IL10/IL7R/CD4/CD83/HLA-DMB/CD74/ITGB2/MMP14/SLC39A10/TNIP2/DPP4/LYN/CD86/WNT5A/INPP5D/CLEC7A/TNFSF9/NFKBIZ/ZP3/ABL2/RHOH/MDK/GPAM/SHB/HLA-DRB1/PNP/VAMP8/CD1D/HLA-DRA/LILRB1/STXBP1/RUNX1/ADA/IL2RA/HLA-DQB1/CCL5/TNF/FLOT2/VSIR/BCL2/CLCF1/LGALS9/TAFA3/LILRB2/SPN/IL12B/CD70/ADAM8/HAMP/CLECL1P/GLI3/TESPA1/PYCARD/CD226/AIF1/PDCD1LG2/ITGAM/TREM2/GPR183/CD55/IL1RL2/IL7/IFNG/HLA-DRB5/CCL3/EPHB2/HES1/ADORA2B/CCL2/CCR2/VNN1/HLA-DOA/ICOS/HLA-DOB/IL18/CR1/STAP1/IL23A/TNFSF4/HLA-DQB2/GATA2/HHLA2/TBX21/IL36B/YES1/LEP/NFATC2/CARD11/NLRP3/THBS1/IL1A	119
GO:0071346	cellular response to type II interferon	53/2449	109/12472	8.07985819850432e-12	1.19660559532192e-09	8.03820196692409e-10	PTPN2/CCL15/CCL14/CCL23/CCL19/CCL18/CASP1/ACOD1/HCK/HLA-DPA1/CDC42EP2/EPRS1/CDC42EP4/GSN/RAB7B/CAMK2A/ASS1/WNT5A/MYO1C/TP53/NLRC5/GBP1/STXBP1/GBP2/CCL1/PARP14/CCL5/TNF/EDN1/CCL4/GBP6/LGALS9/GBP3/TLR2/IL12B/PARP9/AIF1/CCL8/CCL17/IFNG/CCL3/IRF1/CCL4L1/CCL2/GBP4/GBP5/GBP7/PPARG/FASLG/CCL13/CCL22/CCL3L1/CCL3L3	53
GO:0071347	cellular response to interleukin-1	48/2449	94/12472	8.26631945984148e-12	1.19660559532192e-09	8.03820196692409e-10	CCL15/HIF1A/CCL14/CCL23/RELA/CCL19/CCL18/NFKBIA/ACOD1/ZC3H12A/CD40/TANK/NFKB1/TNIP2/MAPK11/IL1R2/VRK2/GBP1/GBP2/CCL1/IRAK2/CCL5/EDN1/CCL4/IL1RAP/MIR146A/GBP3/PLCB1/IL1RN/NR1D1/PYCARD/AKAP12/CCL8/CCL17/IL1RL2/CCL3/CCL4L1/ZBP1/HES1/CCL2/NKX3-1/CXCL8/ST18/CCL13/CCL22/CCL3L1/CCL3L3/MMP2	48
GO:1903039	positive regulation of leukocyte cell-cell adhesion	94/2449	247/12472	9.65441937435845e-12	1.36076500444905e-09	9.14094333007124e-10	IL15/CD80/SOCS1/CCR7/MAP3K8/RELA/CCL19/RIPK2/FOXO3/BCL6/HLA-DMA/NCK2/SLAMF1/RASGRP1/CD274/HLX/HLA-DPB1/HLA-DPA1/TGFBR2/EBI3/NR4A3/IL7R/CD4/CD83/HLA-DMB/CHST2/CD74/ITGB2/CD44/ST3GAL4/DPP4/LYN/CD86/TNFSF9/NFKBIZ/ZP3/ABL2/RHOH/MDK/GPAM/SHB/HLA-DRB1/PNP/NFAT5/CD1D/HLA-DRA/LILRB1/RUNX1/ADA/IL2RA/HLA-DQB1/CCL5/TNF/FLOT2/VSIR/LGALS9/LILRB2/SPN/IL12B/CD70/ADAM8/CLECL1P/GLI3/TESPA1/FUT7/PYCARD/AIF1/PDCD1LG2/CD55/IL1RL2/IL7/IFNG/HLA-DRB5/HES1/ETS1/CCL2/CCR2/VNN1/HLA-DOA/ICOS/HLA-DOB/IL18/CR1/IL23A/TNFSF4/HLA-DQB2/ITGA4/HHLA2/IL36B/YES1/LEP/CARD11/NLRP3/IL1A	94
GO:0002695	negative regulation of leukocyte activation	69/2449	161/12472	1.11972618816794e-11	1.53775729841731e-09	1.03298896387531e-09	PTPN2/CD80/IDO1/SOCS1/PAG1/TWSG1/BCL6/JAK3/ZC3H12A/CD274/HLX/TNFAIP3/CASP3/CD200/RABGEF1/PELI1/IL10/SDC4/FGL2/FOXF1/LDLR/CD74/IL31RA/LYN/CD86/MICA/INPP5D/SAMSN1/MDK/HLA-DRB1/ID2/TSPAN32/LILRB1/RUNX1/ADORA2A/LST1/IL2RA/LGALS9B/VSIR/CD84/LGALS9/TAFA3/LILRB2/SPN/LOXL3/NR1D1/TYRO3/DLG5/GLI3/GPNMB/ASCL2/LAG3/RIPOR2/HFE/PDCD1LG2/IRF1/LGALS9C/MNDA/CCR2/INHBA/BANK1/CR1/TNFSF4/TNFRSF13B/VSIG4/TBX21/CEACAM1/ARG2/LAX1	69
GO:0070663	regulation of leukocyte proliferation	87/2449	225/12472	2.14540486643508e-11	2.87269711615657e-09	1.92973521933555e-09	IL15/CD80/IDO1/TWSG1/CCL19/RIPK2/BCL6/CD38/NCK2/SLAMF1/CSF2/CD274/TNFAIP3/HLA-DPB1/CASP3/HLA-DPA1/CD40/TGFBR2/EBI3/PELI1/TNFRSF1B/IL10/SDC4/HLA-DMB/CD74/SLC39A10/HHEX/LYN/CD86/INPP5D/TNFSF9/ZP3/GPAM/HLA-DRB1/PNP/CD1D/TNFRSF9/TSPAN32/LILRB1/ADA/LST1/IL2RA/CCL5/LGALS9B/VSIR/BCL2/GREM1/CLCF1/LGALS9/LILRB2/SPN/IL12B/CD70/CLECL1P/DLG5/GPNMB/PYCARD/AIF1/PDCD1LG2/GPR183/CD55/IL7/IL27/IRF1/EPHB2/CSF2RB/CSF1R/HES1/LGALS9C/MNDA/CCR2/OCSTAMP/IL18/CR1/IKZF3/IL23A/TNFSF4/TNFRSF13B/HHLA2/VSIG4/LEP/ARG2/NFATC2/CARD11/NMB/CSF1/IL1A	87
GO:0045785	positive regulation of cell adhesion	131/2449	392/12472	4.48174475414182e-11	5.85468900077648e-09	3.93288923482843e-09	IL15/CD80/SOCS1/CCR7/MAP3K8/RELA/ADAM19/CCL19/RIPK2/ITGA5/FOXO3/BCL6/ITGAV/FLOT1/HLA-DMA/NCK2/CXCL13/SLAMF1/RASGRP1/CD274/RIN2/HLX/HLA-DPB1/HLA-DPA1/VEGFA/TGFBR2/EBI3/NR4A3/IL10/SDC4/IL7R/CD4/FOXF1/CD83/HLA-DMB/CHST2/CD74/ITGB2/CDK6/CD44/ST3GAL4/DPP4/LYN/CD86/WNT5A/TNFSF9/NFKBIZ/TGM2/ZP3/ABL2/RHOH/MDK/GPAM/SHB/HLA-DRB1/PNP/NFAT5/CD1D/PDPN/HLA-DRA/LILRB1/RUNX1/ADA/PLAUR/IL2RA/HLA-DQB1/CCL5/FMN1/TNF/FLOT2/VSIR/LGALS9/LILRB2/SPN/LAMB1/IL12B/CD70/SERPINF2/ADAM8/CLECL1P/AFDN/GLI3/TESPA1/FUT7/PYCARD/EPB41L5/FERMT2/AIF1/PDCD1LG2/VTN/CD55/IL1RL2/IL7/IFNG/HLA-DRB5/CD36/HES1/ETS1/CCDC80/CCL2/ANK3/ITGA6/NEDD9/CCR2/ITGA2/VNN1/HLA-DOA/ALOX15/ICOS/HLA-DOB/IL18/CR1/ITGA3/ITGB3/IL23A/TNFSF4/HLA-DQB2/ITGA4/LIF/HHLA2/MYO10/EMILIN1/TJP1/CASS4/IL36B/YES1/LEP/CARD11/NLRP3/CSF1/IL1A	131
GO:0043410	positive regulation of MAPK cascade	114/2449	328/12472	5.57831849811803e-11	7.06484224705139e-09	4.74581007044174e-09	CCL15/CCL14/CCR7/CCL23/KL/RAPGEF2/CCL19/RIPK2/CCL18/MAP3K4/GADD45B/EZH2/MAP3K5/GADD45G/ICAM1/CFLAR/SLAMF1/RASGRP1/LPAR3/ZC3H12A/GADD45A/PTPN1/CARD9/PDGFRA/CD40/VEGFA/FPR2/CD4/AVPI1/CD74/CD44/PHB1/ACTA2/PAK1/WNT5A/TAB1/RELL1/HLA-DRB1/PDGFA/TGFA/MAP3K13/ADORA1/MAP2K3/JCAD/LILRA5/OSM/CCL1/MAPK8IP2/CCL5/TNF/EDN1/SORBS3/CCL4/TMEM106A/SCIMP/LGALS9/PDGFC/PLCB1/ACKR3/SPHK1/SERPINF2/ADAM8/DOK2/SASH1/SEMA4C/DENND2B/HIPK2/GPNMB/PYCARD/FERMT2/AKAP12/C1QTNF1/EIF2AK2/CCL8/SEMA3A/CCL17/HGF/P2RY1/TREM2/GPR183/APOE/CCL3/CCL4L1/CD36/CSF1R/ARHGEF5/DUSP19/HCRTR1/CCL2/ROBO1/INHBA/BANK1/ALOX15/EDA2R/P2RY6/IGFBP3/ITGB3/HTR2B/PDGFRB/BIRC7/FFAR4/IQGAP3/LIF/IGFBP4/CCL13/CCL22/ITGA1/TRPV4/LEP/CCL3L1/CCL3L3/S100A12/THBS1/IL1A	114
GO:0050729	positive regulation of inflammatory response	56/2449	123/12472	5.67192338728921e-11	7.06484224705139e-09	4.74581007044174e-09	IL15/IDO1/CCR7/CASP4/NFKBIA/CASP1/CEBPA/PTGER4/TNIP1/NINJ1/MEFV/LDLR/MGST2/NEAT1/WNT5A/NFKBIZ/ZP3/MDK/VAMP8/LILRA5/OSM/CCL1/NKG7/TNF/AIM2/TLR2/TAFA3/FFAR2/IL12B/ADAM8/MIR22/PYCARD/TREM2/GPRC5B/IFNG/CCL3/S100A9/ZBP1/TLR7/ADORA2B/FFAR3/ETS1/LTA/CCR2/ALOX5AP/IL18/STAP1/IL23A/TNFSF4/NUPR1/SERPINE1/PDE2A/TRPV4/NLRP3/SUCNR1/S100A12	56
GO:0051250	negative regulation of lymphocyte activation	60/2449	136/12472	5.86620029814381e-11	7.14076563564961e-09	4.796811631353e-09	PTPN2/CD80/IDO1/SOCS1/PAG1/TWSG1/BCL6/JAK3/ZC3H12A/CD274/HLX/TNFAIP3/CASP3/PELI1/IL10/SDC4/FGL2/CD74/LYN/CD86/MICA/INPP5D/SAMSN1/MDK/HLA-DRB1/ID2/TSPAN32/LILRB1/RUNX1/ADORA2A/LST1/IL2RA/LGALS9B/VSIR/LGALS9/LILRB2/SPN/LOXL3/TYRO3/DLG5/GLI3/GPNMB/ASCL2/LAG3/RIPOR2/HFE/PDCD1LG2/IRF1/LGALS9C/MNDA/INHBA/BANK1/CR1/TNFSF4/TNFRSF13B/VSIG4/TBX21/CEACAM1/ARG2/LAX1	60
GO:0071219	cellular response to molecule of bacterial origin	78/2449	197/12472	6.08314588691213e-11	7.24029541562252e-09	4.8636707933253e-09	CD80/RELA/SLC7A5/RIPK2/NFKBIA/CASP1/CARD16/ACOD1/CXCL13/CSF2/ZC3H12A/CD274/TNFAIP3/HCK/CD40/TLR1/TNFRSF1B/IL10/TNIP1/ASS1/NFKB1/TNIP2/LYN/TRIB1/CD86/WNT5A/PDE4B/NFKBIZ/SBNO2/MAP2K3/LILRB1/GBP2/CMPK2/IRAK2/IL36RN/TNF/TNIP3/SCIMP/MIR146A/GBP3/TLR2/TIFAB/LILRB2/IL12B/BMP6/NR1D1/SASH1/SCARB1/LY86/PYCARD/TLR10/PDCD1LG2/CXCL6/TREM2/CD180/CD55/EPHB2/CD36/ZFP36/CCR5/CCL2/CEBPE/EDNRB/GBP5/CX3CR1/CXCL8/STAP1/DEFB124/TNFSF4/CXCL2/SERPINE1/IL36B/CXCL3/NLRP3/IL36G/CXCL10/IL1A/CXCL1	78
GO:0071396	cellular response to lipid	148/2449	461/12472	6.98171147545887e-11	8.12914057881689e-09	5.46075281993557e-09	CD80/SSTR2/RELA/SLC7A5/INSIG2/GRAMD1A/RIPK2/NFKBIA/CASP1/CARD16/STRN3/CFLAR/ELK1/PTGER4/ACOD1/ATP5F1A/ACE/CXCL13/CSF2/ZC3H12A/CD274/NR3C1/DNAJA1/TNFAIP3/HCK/PPARGC1B/CD40/ABHD2/NPC1/GJB2/NR4A3/TNFRSF1B/IL10/TNIP1/DDIT4/ZFP36L2/LDLR/CYP7B1/ADAM15/PAQR8/TRERF1/PLPP1/PHB1/ASS1/ADTRP/NFKB1/TNIP2/FBP1/LYN/PAK1/TRIB1/CD86/WNT5A/PDE4B/MN1/ZDHHC7/SRD5A1/NFKBIZ/WNT5B/ABL2/FES/SBNO2/PCK2/LRP8/MAP2K3/CYP27B1/MGST1/INSIG1/LILRB1/GBP2/FECH/CMPK2/IRAK2/IL36RN/TNF/EDN1/ADCY6/TNIP3/NEDD4/KCNMB1/SCIMP/FAM210B/MIR146A/GBP3/TLR2/PIM1/FZD4/PLCB1/TIFAB/LILRB2/FFAR2/IL12B/BMP6/NR1D1/SASH1/SCARB1/LY86/SSTR3/PYCARD/PDCD1LG2/CXCL6/GNG2/TREM2/CD180/CD55/EPHB2/IRS1/CD36/SMYD3/ZFP36/CCR5/ZNF703/HES1/FFAR3/CCL2/CEBPE/EDNRB/SERPINF1/DGAT2/SGK1/NKX3-1/GBP5/ITGA2/INHBA/TFAP4/COL1A1/P2RY6/CX3CR1/CXCL8/STAP1/TNFSF4/MLC1/CXCL2/SERPINE1/GNAI1/IL36B/YES1/LEP/CRHBP/LTK/CXCL3/NLRP3/TFPI/MMP2/IL36G/CXCL10/IL1A/CXCL1	148
GO:0003018	vascular process in circulatory system	70/2449	170/12472	7.3021115586615e-11	8.32129989535979e-09	5.58983590313662e-09	SLC1A2/SLC7A5/SLC5A3/ECE1/CD38/SLC1A5/ACE/GCLM/VEGFA/ADM/GCH1/ACTA2/CHRM3/GCLC/HRH1/SLC24A3/ADORA1/CYSLTR1/DOCK4/ADORA2A/SLC16A1/TNF/EDN1/ADCY6/KCNMA1/KCNMB1/KEL/SLC38A5/CTNNBIP1/SLC27A1/SERPINF2/BMP6/SLC7A8/PTP4A3/SLC2A3/FERMT2/AKAP12/LOC102724560/CBS/SLC16A7/ATP1B2/TRPM4/EXT1/P2RY1/TJP2/APOE/MFSD2A/SLC4A8/SLC29A1/CD36/SLC19A1/ADORA2B/SLC22A5/ABCG2/ABCC3/HRH2/LRP3/EDNRB/ABCA2/HTR2B/ATP1A4/PDE2A/TJP1/ITGA1/CEACAM1/TRPV4/YES1/LEP/SLCO2B1/MMP2	70
GO:0070374	positive regulation of ERK1 and ERK2 cascade	61/2449	141/12472	1.09242223585865e-10	1.21896114484561e-08	8.18837544334398e-09	CCL15/CCL14/CCR7/CCL23/RAPGEF2/CCL19/RIPK2/CCL18/ICAM1/CFLAR/SLAMF1/RASGRP1/CARD9/PDGFRA/FPR2/CD4/CD74/CD44/PHB1/ACTA2/HLA-DRB1/PDGFA/CCL1/CCL5/TNF/CCL4/SCIMP/LGALS9/PDGFC/ACKR3/SERPINF2/DENND2B/GPNMB/PYCARD/FERMT2/AKAP12/CCL8/CCL17/P2RY1/TREM2/GPR183/APOE/CCL3/CCL4L1/CD36/CSF1R/HCRTR1/CCL2/INHBA/ALOX15/P2RY6/ITGB3/HTR2B/PDGFRB/FFAR4/CCL13/CCL22/TRPV4/CCL3L1/CCL3L3/IL1A	61
GO:1903131	mononuclear cell differentiation	135/2449	414/12472	1.51621054341965e-10	1.65731095317462e-08	1.11329917022736e-08	PTPN2/IL15/TPD52/CD80/SOCS1/CCR7/IL15RA/RUNX2/CCL19/RIPK2/CTSL/BATF/FOXO3/BCL6/EZH2/JAK3/SOCS3/PTGER4/SLAMF1/RASGRP1/CSF2/ZC3H12A/HLX/TRAF3IP2/PRKDC/VEGFA/TGFBR2/BATF3/STAT4/FOSL2/IL10/ENTPD7/DLL4/RELB/IL7R/KLF6/FGL2/ZFP36L2/CD4/CD83/CD74/MMP14/IL31RA/CDK6/FCER1G/HHEX/LYN/CMTM7/IRF7/CD86/INPP5D/TNFSF9/NFKBIZ/IRF4/RHOH/MDK/FES/SHB/HLA-DRB1/PNP/TP53/CD1D/TNFRSF9/ID2/HLA-DRA/LILRB1/CTSK/RUNX1/ADA/IL2RA/VSIR/BCL2/CLCF1/LGALS9/LILRB2/SPN/LOXL3/TRPM2/IL12B/ITGB8/CTNNBIP1/ADAM8/RSAD2/TYRO3/GLI3/TESPA1/FUT7/MFNG/ASCL2/LAG3/TREM2/FASN/GPR183/SLAMF8/IL1RL2/IL7/IFNG/IL27/IRF1/CD19/CSF1R/CLEC4E/CCR6/LIPA/CCR2/INHBA/VNN1/HLA-DOA/BLNK/BATF2/IL18/CR1/DCSTAMP/IKZF3/PPARG/IL23A/NFAM1/TNFSF4/ITGA4/HDAC9/TBX21/ZEB1/IL36B/DLL1/LEP/ITK/KLRC1/CR2/CARD11/LY9/NLRP3/IL18R1/CSF1/CD79A/IL1A	135
GO:0031349	positive regulation of defense response	131/2449	399/12472	1.71837254462776e-10	1.84072066980526e-08	1.23650470685004e-08	IL15/IDO1/CCR7/CASP4/RFTN1/RELA/RIPK2/NFKBIA/CASP1/TBK1/TRIM25/CEBPA/FLOT1/PTGER4/ACOD1/PIK3AP1/RASGRP1/MAPKAPK2/CARD9/LILRA4/TNFAIP3/NECTIN2/HCK/TKFC/PRKDC/CD40/TLR1/PELI1/TNIP1/FPR2/NINJ1/DHX58/MEFV/RAB7B/LDLR/MGST2/PVR/NEAT1/CGAS/PHB1/OPTN/TNIP2/LYN/IRF7/PAK1/WNT5A/CLEC7A/NFKBIZ/IRF4/ZP3/MDK/PLSCR1/VAMP8/NLRC5/CD1D/LILRA5/TIFA/ZNRF1/ZNFX1/GBP2/OSM/CCL1/RNF125/IRAK2/USP27X/NKG7/CCL5/TNF/FOSL1/TNIP3/MMP12/SCIMP/MIR146A/AIM2/TLR2/TAFA3/FFAR2/BIRC3/IL12B/ADAM8/NR1D1/RSAD2/TYRO3/IFIH1/TLR5/MIR22/PYCARD/PARP9/CD226/TLR10/EIF2AK2/LAG3/FCN1/RIGI/OASL/TREM2/GPRC5B/IFNG/CCL3/IRF1/CD36/S100A9/ZBP1/TLR7/FCN2/ADORA2B/CLEC4E/FFAR3/ETS1/LTA/MNDA/CCR2/GBP5/ALOX5AP/EREG/IL18/STAP1/IL23A/TNFSF4/IL18RAP/NUPR1/EMILIN1/SERPINE1/PDE2A/TRPV4/KLRC1/COLEC12/NLRP3/SUCNR1/S100A12/LGR4	131
GO:0097530	granulocyte migration	56/2449	126/12472	1.79832309970874e-10	1.88859186706666e-08	1.26866219913405e-08	MCOLN2/CCL15/CCL14/CCR7/CCL23/CCL19/CCL18/PTGER4/CXCL13/SLAMF1/CD74/ITGB2/FCER1G/DPP4/CAMK1D/PDE4B/MDK/CCL1/JAML/TNFAIP6/CCL5/EDN1/CCL4/ITGA9/PECAM1/IL17RC/ADAM8/FUT7/TREM1/RIPOR2/CCL8/CXCL6/CCL17/SLAMF8/CCL3/CCL4L1/CSF1R/S100A9/CCL2/CXCL8/IL23A/CCL13/CXCL2/CCL22/ITGA1/TRPV4/CD300H/CCL3L1/CCL3L3/CXCL3/S100A12/THBS1/CSF1/CXCL10/IL1A/CXCL1	56
GO:0002274	myeloid leukocyte activation	78/2449	201/12472	1.9094078315748e-10	1.9588271306085e-08	1.31584276019414e-08	IL15/GPR137B/BATF/NDRG1/CEBPA/CLU/LCP2/SLAMF1/RASGRP1/CSF2/ZC3H12A/TRAF3IP2/NECTIN2/CD200/TGFBR2/TLR1/RABGEF1/BATF3/NR4A3/IL10/RELB/FOXF1/LDLR/CD74/ITGB2/IL31RA/FCER1G/TNIP2/LYN/WNT5A/IRF4/RHOH/FES/SBNO2/PLSCR1/VAMP8/ANXA3/TSPAN32/STXBP1/CCL5/TNF/TMEM106A/CD84/LGALS9/TLR2/TAFA3/SPHK1/ITGB8/NR1D1/HAMP/PYCARD/CD226/AIF1/CXCL6/ITGAM/TREM2/IFNG/PRAM1/CCL3/ADORA2B/LAT/CCR2/CD93/C1QA/BATF2/SLC11A1/CX3CR1/CXCL8/IL18/DCSTAMP/STAP1/GATA2/IL18RAP/VSIG4/SUCNR1/S100A12/THBS1/CSF1	78
GO:0071222	cellular response to lipopolysaccharide	74/2449	187/12472	1.93834648846621e-10	1.9588271306085e-08	1.31584276019414e-08	CD80/RELA/SLC7A5/RIPK2/NFKBIA/CASP1/CARD16/ACOD1/CXCL13/CSF2/ZC3H12A/CD274/TNFAIP3/HCK/CD40/TNFRSF1B/IL10/TNIP1/ASS1/NFKB1/TNIP2/LYN/TRIB1/CD86/WNT5A/PDE4B/NFKBIZ/SBNO2/MAP2K3/LILRB1/GBP2/CMPK2/IRAK2/IL36RN/TNF/TNIP3/SCIMP/MIR146A/GBP3/TLR2/TIFAB/LILRB2/IL12B/BMP6/NR1D1/SASH1/SCARB1/LY86/PYCARD/PDCD1LG2/CXCL6/CD180/CD55/EPHB2/CD36/ZFP36/CCR5/CCL2/CEBPE/EDNRB/GBP5/CX3CR1/CXCL8/STAP1/TNFSF4/CXCL2/SERPINE1/IL36B/CXCL3/NLRP3/IL36G/CXCL10/IL1A/CXCL1	74
GO:0070372	regulation of ERK1 and ERK2 cascade	80/2449	209/12472	2.44739958124435e-10	2.42745780687865e-08	1.63064556894604e-08	PTPN2/CCL15/CCL14/CCR7/CCL23/RAPGEF2/CCL19/RIPK2/CCL18/ICAM1/CFLAR/SLAMF1/RASGRP1/PTPN1/CARD9/PDGFRA/HMGCR/EPHB1/TNIP1/FPR2/CD4/CD74/CD44/PHB1/SPRED3/ACTA2/LYN/HLA-DRB1/PDGFA/CNKSR3/GBP1/CCL1/CCL5/TNF/CCL4/SPRED2/SCIMP/DUSP4/LGALS9/PDGFC/ACKR3/SERPINF2/DENND2B/GPNMB/PYCARD/FERMT2/AKAP12/RGS14/CCL8/CCL17/P2RY1/TREM2/GPR183/APOE/CCL3/EPHB2/CCL4L1/CD36/CSF1R/EPHA2/ATF3/HCRTR1/CCL2/SEMA6A/INHBA/ALOX15/P2RY6/ITGB3/HTR2B/PDGFRB/FFAR4/LIF/CCL13/EMILIN1/CCL22/CEACAM1/TRPV4/CCL3L1/CCL3L3/IL1A	80
GO:0070555	response to interleukin-1	52/2449	114/12472	2.51686410367691e-10	2.45096802532609e-08	1.64643856581199e-08	CCL15/HIF1A/CCL14/CCL23/RELA/CCL19/RIPK2/CCL18/NFKBIA/CD38/ACOD1/ZC3H12A/CD40/TANK/NFKB1/TNIP2/MAPK11/GCLC/IL1R2/VRK2/GBP1/GBP2/CCL1/IRAK2/CCL5/EDN1/CCL4/IL1RAP/LGALS9/MIR146A/GBP3/PLCB1/IL1RN/NR1D1/PYCARD/AKAP12/CCL8/CCL17/IL1RL2/CCL3/CCL4L1/ZBP1/HES1/CCL2/NKX3-1/CXCL8/ST18/CCL13/CCL22/CCL3L1/CCL3L3/MMP2	52
GO:0032943	mononuclear cell proliferation	94/2449	260/12472	2.56728462057162e-10	2.45105930954994e-08	1.64649988601897e-08	IL15/CD80/IDO1/TWSG1/CCL19/RIPK2/BCL6/TBK1/CD38/ACE/NCK2/SLAMF1/RASGRP1/CD274/HLA-DPB1/CASP3/HLA-DPA1/CD40/TGFBR2/EBI3/PELI1/FOSL2/TNFRSF1B/IL10/SDC4/IL7R/HLA-DMB/CD74/SLC39A10/LYN/CD86/INPP5D/TNFSF9/NFKBIZ/ZP3/GPAM/SHB/HLA-DRB1/PNP/TP53/CD1D/TNFRSF9/TSPAN32/LILRB1/ADA/LST1/IL2RA/CCL5/LGALS9B/VSIR/BCL2/CLCF1/LGALS9/LILRB2/SPN/IL12B/CD70/CLECL1P/DLG5/GPNMB/PYCARD/AIF1/PDCD1LG2/CD180/GPR183/CD55/IL7/IL27/IRF1/EPHB2/CD19/HES1/GAPT/LGALS9C/MNDA/LIPA/CCR2/SLC11A1/IL18/CR1/IKZF3/IL23A/TNFSF4/TNFRSF13B/HHLA2/VSIG4/LEP/ARG2/NFATC2/CR2/CARD11/CSF1/CD79A/IL1A	94
GO:0048771	tissue remodeling	56/2449	127/12472	2.6084835818586e-10	2.45105930954994e-08	1.64649988601897e-08	IL15/HIF1A/GPR137B/SNX10/JAG1/TMBIM1/CD38/MITF/SEMA3C/ACE/TNFAIP3/PPARGC1B/FOSL2/DLL4/MMP14/ACP5/NFKB1/NDP/INPP5D/MDK/TP53/CTSK/RUNX1/GREM1/TNFRSF11B/IL12B/ADAM8/HAMP/GPNMB/LOC102724560/CBS/CST3/EXT1/IL7/CSF1R/EPHA2/TMEM119/DDR2/SIGLEC15/ACVRL1/LIPA/CCR2/CTHRC1/IL18/DCSTAMP/PPARG/ITGB3/IL23A/LIF/LRP5/CEACAM1/LEP/MMP2/LGR4/MIR34A/IL1A	56
GO:0035710	CD4-positive, alpha-beta T cell activation	51/2449	111/12472	2.70770591012649e-10	2.50042635424784e-08	1.67966221430351e-08	CD80/SOCS1/TWSG1/CCL19/RIPK2/CTSL/BATF/BCL6/JAK3/SOCS3/PTGER4/ZC3H12A/CD274/HLX/TGFBR2/STAT4/ENTPD7/RELB/CD83/CD86/NFKBIZ/IRF4/SHB/HLA-DRB1/HLA-DRA/RUNX1/IL2RA/NKG7/LGALS9B/VSIR/LGALS9/SPN/LOXL3/IL12B/RSAD2/FUT7/ASCL2/GPR183/CD55/IFNG/IL27/LGALS9C/IL18/IL23A/TNFSF4/TBX21/ARG2/CARD11/LY9/NLRP3/IL18R1	51
GO:0022408	negative regulation of cell-cell adhesion	64/2449	155/12472	4.1275711508756e-10	3.74699509899826e-08	2.51704517282655e-08	PTPN2/CD80/IDO1/SOCS1/PAG1/TWSG1/JAG1/BCL6/JAK3/ZC3H12A/CD274/HLX/MAD2L2/CASP3/VEGFA/PELI1/IL10/SDC4/FGL2/RDX/CD74/ASS1/ADTRP/CD86/MDK/HLA-DRB1/SERPINE2/TSPAN32/LILRB1/RUNX1/ADORA2A/IL2RA/CDH1/LGALS9B/VSIR/LGALS9/MIR146A/LILRB2/SPN/LOXL3/IL1RN/BMP6/DLG5/GLI3/GPNMB/EPB41L5/ASCL2/C1QTNF1/LAG3/RIPOR2/HFE/PDCD1LG2/IRF1/CD9/ZNF703/LGALS9C/CR1/TNFSF4/VSIG4/TBX21/CEACAM1/TRPV4/ARG2/LAX1	64
GO:1902105	regulation of leukocyte differentiation	98/2449	277/12472	4.21616526218278e-10	3.7636301907085e-08	2.52821980107732e-08	PTPN2/IL15/CD80/SOCS1/GPR137B/IL15RA/CCL19/RIPK2/BATF/FOXO3/BCL6/JAK3/SLC9B2/MITF/RASGRP1/ZC3H12A/HLX/EVI2B/PPARGC1B/PRKDC/TGFBR2/IL10/IL7R/FGL2/ZFP36L2/CD4/CD83/CD74/MMP14/CDK6/ERFE/LYN/IRF7/TRIB1/CD86/INPP5D/TNFSF9/NFKBIZ/IRF4/CD101/RHOH/MDK/FES/SHB/HLA-DRB1/PNP/ID2/HLA-DRA/LILRB1/RUNX1/ADA/TNFAIP6/IL2RA/TNF/VSIR/LGALS9/TNFRSF11B/LILRB2/LOXL3/IL12B/CTNNBIP1/ADAM8/GLI3/TESPA1/ASCL2/LAG3/TREM2/SLAMF8/IL1RL2/IL7/IFNG/IL27/CCL3/IRF1/NEDD9/C1QC/CCR2/INHBA/VNN1/HLA-DOA/OCSTAMP/IL18/CR1/DCSTAMP/IKZF3/IL23A/NFAM1/TNFSF4/GATA2/LIF/TBX21/ZEB1/CEACAM1/IL36B/CARD11/FBN1/NLRP3/CSF1	98
GO:0071216	cellular response to biotic stimulus	83/2449	222/12472	4.40861268793845e-10	3.87090648468825e-08	2.60028268634575e-08	CD80/RELA/SLC7A5/RIPK2/NFKBIA/CASP1/PPP1R15B/CARD16/ACOD1/CXCL13/CSF2/ZC3H12A/CD274/TNFAIP3/HCK/CD40/TLR1/TNFRSF1B/IL10/TNIP1/ASS1/NFKB1/TNIP2/LYN/TRIB1/CD86/WNT5A/PDE4B/CLEC7A/NFKBIZ/SBNO2/TP53/MAP2K3/LILRB1/GBP2/CMPK2/IRAK2/IL36RN/TNF/TNIP3/SCIMP/MIR146A/GBP3/TLR2/TIFAB/LILRB2/IL12B/BMP6/NR1D1/SASH1/SCARB1/LY86/PYCARD/TLR10/CDA/PDCD1LG2/CXCL6/TREM2/CD180/CD55/EPHB2/CD36/ZFP36/CCR5/CCL2/CEBPE/EDNRB/EME1/GBP5/CX3CR1/CXCL8/STAP1/DEFB124/TNFSF4/CXCL2/SERPINE1/IL36B/CXCL3/NLRP3/IL36G/CXCL10/IL1A/CXCL1	83
GO:0002685	regulation of leukocyte migration	74/2449	190/12472	4.58394353603701e-10	3.92949819865915e-08	2.6396416892058e-08	CCR7/IL27RA/CCL19/ICAM1/PTGER4/CXCL13/SLAMF1/CD200/P2RX4/VEGFA/RABGEF1/FPR2/CHST2/CD74/MMP14/ADTRP/ST3GAL4/DPP4/LYN/CAMK1D/WNT5A/ZP3/ABL2/C5/MDK/ADORA1/ADA/CCL1/TNFAIP6/CCL5/TNF/EDN1/CCL4/GREM1/LGALS9/MIR146A/PLCB1/DUSP1/SPN/ADAM8/FUT7/PYCARD/ASCL2/AIF1/RIPOR2/TREM2/SLAMF8/CCL3/CD200R1/CD9/CSF1R/LGMN/CCL2/CCR6/NEDD9/CCR2/ITGA2/CX3CR1/CXCL8/STAP1/ITGB3/IL23A/DEFB124/ITGA4/GCSAM/EMILIN1/SERPINE1/TRPV4/APOD/THBS1/CSF1/CXCL10/SMPD3/IL1A	74
GO:0002253	activation of immune response	147/2449	468/12472	4.62207592448705e-10	3.92949819865915e-08	2.6396416892058e-08	CFB/VAV2/PTPN2/BTN2A1/CCR7/RFTN1/RELA/RIPK2/NFKBIA/C1RL/CASP1/TBK1/CACNB3/CD38/TRIM25/MYO1G/CLU/FLOT1/ACOD1/PIK3AP1/PHPT1/LCP2/MAPKAPK2/ZC3H12A/LILRA4/TNFAIP3/NECTIN2/HCK/TKFC/HLA-DPB1/PRKDC/CD40/TLR1/RABGEF1/PELI1/NR4A3/FOSL2/TNIP1/FPR2/NINJ1/DHX58/MEFV/RAB7B/HMSD/CGAS/FCER1G/PHB1/EIF2B3/SLC39A10/NFKB1/TNIP2/TRGC1/LYN/IRF7/PAK1/PDE4B/INPP5D/CLEC7A/NFKBIZ/IRF4/PRKCH/C5/SHB/HLA-DRB1/PLSCR1/C1S/TIFA/ZNRF1/ZNFX1/GBP1/GBP2/ADA/C1R/RNF125/IRAK2/HLA-DQB1/TNF/FOSL1/TNIP3/BCL2/SCIMP/MIR146A/AIM2/TLR2/LIMK1/FFAR2/BIRC3/PDE4D/NR1D1/RSAD2/TYRO3/IFIH1/TLR5/TESPA1/CFD/PYCARD/A2M/CD226/TLR10/EIF2AK2/FCN1/RIGI/OASL/TREM2/CD55/TRGC2/PRAM1/IRF1/CD19/CD36/ZBP1/TLR7/FCN2/CLEC4E/FPR3/LAT/MNDA/C1QC/LIPA/KCNN4/GBP5/BANK1/BLNK/C1QA/CR1/STAP1/CFH/NFAM1/C2/GCSAM/HHLA2/VSIG4/SLA2/CEACAM1/TRAT1/YES1/ITK/NFATC2/KLRC1/CR2/CARD11/COLEC12/NLRP3/CD79A/LGR4/MIR34A/LAX1	147
GO:0032944	regulation of mononuclear cell proliferation	79/2449	208/12472	4.8848679275158e-10	4.08802384683979e-08	2.7461313447778e-08	IL15/CD80/IDO1/TWSG1/CCL19/RIPK2/BCL6/CD38/NCK2/SLAMF1/CD274/HLA-DPB1/CASP3/HLA-DPA1/CD40/TGFBR2/EBI3/PELI1/TNFRSF1B/IL10/SDC4/HLA-DMB/CD74/SLC39A10/LYN/CD86/INPP5D/TNFSF9/ZP3/GPAM/HLA-DRB1/PNP/CD1D/TNFRSF9/TSPAN32/LILRB1/ADA/LST1/IL2RA/CCL5/LGALS9B/VSIR/BCL2/CLCF1/LGALS9/LILRB2/SPN/IL12B/CD70/CLECL1P/DLG5/GPNMB/PYCARD/AIF1/PDCD1LG2/GPR183/CD55/IL7/IL27/IRF1/EPHB2/HES1/LGALS9C/MNDA/CCR2/IL18/CR1/IKZF3/IL23A/TNFSF4/TNFRSF13B/HHLA2/VSIG4/LEP/ARG2/NFATC2/CARD11/CSF1/IL1A	79
GO:0050670	regulation of lymphocyte proliferation	78/2449	205/12472	5.70029797185091e-10	4.69704552880515e-08	3.1552418571314e-08	IL15/CD80/IDO1/TWSG1/CCL19/RIPK2/BCL6/CD38/NCK2/SLAMF1/CD274/HLA-DPB1/CASP3/HLA-DPA1/CD40/TGFBR2/EBI3/PELI1/TNFRSF1B/IL10/SDC4/HLA-DMB/CD74/SLC39A10/LYN/CD86/INPP5D/TNFSF9/ZP3/GPAM/HLA-DRB1/PNP/CD1D/TNFRSF9/TSPAN32/LILRB1/ADA/LST1/IL2RA/CCL5/LGALS9B/VSIR/BCL2/CLCF1/LGALS9/LILRB2/SPN/IL12B/CD70/CLECL1P/DLG5/GPNMB/PYCARD/AIF1/PDCD1LG2/GPR183/CD55/IL7/IL27/IRF1/EPHB2/HES1/LGALS9C/MNDA/CCR2/IL18/CR1/IKZF3/IL23A/TNFSF4/TNFRSF13B/HHLA2/VSIG4/LEP/ARG2/NFATC2/CARD11/IL1A	78
GO:0001818	negative regulation of cytokine production	89/2449	245/12472	5.81513473999396e-10	4.69853389026422e-08	3.15624166442418e-08	IDO1/CCR7/TWSG1/IL27RA/N4BP1/BCL6/EZH2/CARD16/JAK3/PTGER4/ACOD1/SLAMF1/ZC3H12A/CD274/HDAC7/LILRA4/TNFAIP3/CASP3/CD200/RABGEF1/IL10/DHX58/RELB/MEFV/CD83/CHID1/ACP5/NFKB1/PRG2/INPP5D/IL1R2/HLA-DRB1/PML/LILRA5/LILRB1/GBP1/RNF125/IL36RN/TNF/LGALS9B/VSIR/SRGN/CD84/LGALS9/OTUD7B/MIR146A/XAF1/IL12B/GPNMB/PYCARD/LAG3/HFE/PDCD1LG2/HGF/TREM2/IFNG/EPHB2/CD200R1/EPHA2/ZFP36/LAPTM4B/NAV3/LGALS9C/MIR155/ORM1/INHBA/BANK1/TRIB2/FFAR1/SLC11A1/CX3CR1/CR1/GBP7/IL23A/TNFSF4/FFAR4/HDAC9/VSIG4/TBX21/CEACAM1/DLL1/APOD/ARG2/NMB/NLRP3/THBS1/LGR4/MIR34A/CD96	89
GO:0002697	regulation of immune effector process	110/2449	324/12472	5.90168169217232e-10	4.69853389026422e-08	3.15624166442418e-08	CD80/SLC7A5/IL27RA/CCL19/RIPK2/BATF/BCL6/JAK3/ICAM1/PANX1/SLAMF1/RASGRP1/MAPKAPK2/ZC3H12A/CARD9/HLX/MAD2L2/GPI/NECTIN2/CD40/RABGEF1/NR4A3/TNFRSF1B/IL10/DHX58/IL7R/FGL2/SERPINB9/FOXF1/HLA-DMB/CD74/ITGB2/PVR/CGAS/PHB1/ACP5/LYN/PRG2/CD86/WNT5A/MICA/CLEC7A/NFKBIZ/IRF4/ZP3/FES/SHB/HLA-DRB1/VAMP8/CD1D/HLA-DRA/LILRB1/STXBP1/TNF/SCIMP/CLCF1/CD84/LGALS9/SPN/LOXL3/CD1E/FFAR2/IL12B/RSAD2/FUT7/PYCARD/A2M/CD226/ASCL2/LAG3/FCN1/RIGI/HFE/TRPM4/CXCL6/ITGAM/TREM2/GPRC5B/CD55/SLAMF8/IFNG/IL27/PRAM1/EPHB2/CD36/TLR7/FCN2/ADORA2B/FFAR3/LTA/NCR1/CCR2/CX3CR1/IL18/CR1/STAP1/IL23A/CFH/TNFSF4/GATA2/IL18RAP/VSIG4/TBX21/CEACAM1/LEP/KLRC1/CR2/NLRP3/IL18R1/CD96	110
GO:2000514	regulation of CD4-positive, alpha-beta T cell activation	38/2449	73/12472	5.9652782774079e-10	4.69853389026422e-08	3.15624166442418e-08	CD80/SOCS1/TWSG1/CCL19/RIPK2/BATF/BCL6/JAK3/ZC3H12A/CD274/HLX/TGFBR2/CD83/CD86/NFKBIZ/IRF4/SHB/HLA-DRB1/HLA-DRA/RUNX1/IL2RA/LGALS9B/VSIR/LGALS9/LOXL3/IL12B/ASCL2/CD55/IFNG/IL27/LGALS9C/IL18/IL23A/TNFSF4/TBX21/ARG2/CARD11/NLRP3	38
GO:0002250	adaptive immune response	152/2449	491/12472	7.37142640614753e-10	5.72193620743858e-08	3.84371250285466e-08	MCOLN2/CD80/RFTN1/PAG1/RNF19B/IL27RA/LAMP3/CCL19/RIPK2/NBN/JAG1/CTSL/BATF/C1RL/BCL6/JAK3/ICAM1/MYO1G/CLU/HLA-DMA/SOCS3/ADGRE1/NFKB2/CXCL13/SLAMF1/ZC3H12A/CD274/CARD9/HLX/MAD2L2/TRAF3IP2/TNFAIP3/NECTIN2/HLA-DPB1/HLA-DPA1/SIGLEC10/CD40/EBI3/STAT4/TNFRSF1B/IL10/ENTPD7/LAIR1/RELB/IL7R/CD4/IL18BP/HLA-DMB/CD74/PVR/FCER1G/PHB1/TRGC1/LYN/IRF7/CD86/MICA/INPP5D/SAMSN1/CLEC7A/NFKBIZ/SLAMF7/IRF4/ZP3/C5/HLA-DRB1/C1S/CD1D/FCAMR/HLA-DRA/LILRB1/ADA/C1R/RNF125/HLA-DQB1/LILRA1/TNF/TAP1/CLCF1/CD84/OTUD7B/LILRB2/SPN/LOXL3/CD1E/IL12B/CD70/RSAD2/FUT7/PYCARD/CD226/ASCL2/LAG3/TREM1/LILRA6/HFE/TRPM4/PDCD1LG2/TREM2/GPR183/CD55/TRGC2/IFNG/IL27/HLA-DRB5/IRF1/EPHB2/CD19/CSF2RB/CLEC10A/GAPT/LAT/LTA/CCR6/C1QC/PRF1/CCR2/HLA-DOA/ALOX15/C1QA/SLC11A1/RAP1GAP/CX3CR1/HLA-DOB/IL18/CR1/IL23A/TNFSF4/CD7/HLA-DQB2/C2/TNFRSF13B/SLA2/TBX21/CEACAM1/TRAT1/ARG2/ITK/KLRC1/CR2/CLEC4M/LY9/IGKV3D-15/TRGV5/NLRP3/IL2RB/PDCD1/IL18R1/CD79A/IGKV1-12/LAX1/BTLA	152
GO:0046651	lymphocyte proliferation	91/2449	254/12472	8.51121153409168e-10	6.44986129786135e-08	4.33269641839749e-08	IL15/CD80/IDO1/TWSG1/CCL19/RIPK2/BCL6/CD38/NCK2/SLAMF1/RASGRP1/CD274/HLA-DPB1/CASP3/HLA-DPA1/CD40/TGFBR2/EBI3/PELI1/FOSL2/TNFRSF1B/IL10/SDC4/IL7R/HLA-DMB/CD74/SLC39A10/LYN/CD86/INPP5D/TNFSF9/NFKBIZ/ZP3/GPAM/SHB/HLA-DRB1/PNP/TP53/CD1D/TNFRSF9/TSPAN32/LILRB1/ADA/LST1/IL2RA/CCL5/LGALS9B/VSIR/BCL2/CLCF1/LGALS9/LILRB2/SPN/IL12B/CD70/CLECL1P/DLG5/GPNMB/PYCARD/AIF1/PDCD1LG2/CD180/GPR183/CD55/IL7/IL27/IRF1/EPHB2/CD19/HES1/GAPT/LGALS9C/MNDA/LIPA/CCR2/SLC11A1/IL18/CR1/IKZF3/IL23A/TNFSF4/TNFRSF13B/HHLA2/VSIG4/LEP/ARG2/NFATC2/CR2/CARD11/CD79A/IL1A	91
GO:0032102	negative regulation of response to external stimulus	116/2449	349/12472	8.55004018200441e-10	6.44986129786135e-08	4.33269641839749e-08	PTPN2/CEP63/CARD16/SEMA4B/SOCS3/PTGER4/ACOD1/SEMA3C/CXCL13/LILRA4/SEMA4D/TNFAIP3/HCK/TKFC/PDGFRA/SIGLEC10/CD200/PRKDC/RABGEF1/SLC39A8/TNFRSF1B/IL10/FPR2/PLAT/DHX58/MEFV/RAB7B/FGL2/SERPINB9/FOXF1/LDLR/CGAS/ADTRP/ACP5/NFKB1/DPP4/LYN/TRIB1/TRIM65/WNT5A/MVK/MICA/C5/MDK/HLA-DRB1/PDGFA/NLRC5/ADORA1/SERPINE2/LILRB1/ADA/ADORA2A/RNF125/PLAUR/BACE1/TNFAIP6/IL2RA/PARP14/TNF/EDN1/USP18/GREM1/MMP12/LGALS9/MIR146A/TAFA3/DUSP1/SPN/IL12B/SERPINF2/NR1D1/HAMP/TYRO3/SEMA4C/PTPRO/A2M/IER3/PROC/AIF1/C1QTNF1/SEMA3A/HGF/VTN/TREM2/SLAMF8/RTN4R/APOE/CD200R1/CD9/FNDC4/ZFP36/SEMA3B/CCL2/ROBO1/KREMEN1/SEMA6B/SEMA6A/IL22RA2/ISG15/CR1/PPARG/STAP1/THBD/FFAR4/SERPINE1/VSIG4/CEACAM1/YES1/LEP/ARG2/KLRC1/NLRP3/TFPI/THBS1/MIR34A/CD96	116
GO:1990868	response to chemokine	40/2449	80/12472	1.01866204671058e-09	7.38502655583582e-08	4.96089398369695e-08	CCL15/HIF1A/CCL14/CCR7/CCL23/CCL19/CCL18/CXCL13/ZC3H12A/LYN/CXCR5/CCL1/CCL5/EDN1/CCL4/ACKR3/DUSP1/RIPOR2/CCL8/CXCL6/CCL17/TREM2/CCL3/CCL4L1/CCR5/CCL2/ROBO1/CCR6/CCR2/CX3CR1/CXCL8/CCL13/CXCL2/CCL22/CCL3L1/CCL3L3/CXCL3/CXCR6/CXCL10/CXCL1	40
GO:1990869	cellular response to chemokine	40/2449	80/12472	1.01866204671058e-09	7.38502655583582e-08	4.96089398369695e-08	CCL15/HIF1A/CCL14/CCR7/CCL23/CCL19/CCL18/CXCL13/ZC3H12A/LYN/CXCR5/CCL1/CCL5/EDN1/CCL4/ACKR3/DUSP1/RIPOR2/CCL8/CXCL6/CCL17/TREM2/CCL3/CCL4L1/CCR5/CCL2/ROBO1/CCR6/CCR2/CX3CR1/CXCL8/CCL13/CXCL2/CCL22/CCL3L1/CCL3L3/CXCL3/CXCR6/CXCL10/CXCL1	40
GO:0071621	granulocyte chemotaxis	49/2449	108/12472	1.03412433100763e-09	7.38502655583582e-08	4.96089398369695e-08	CCL15/CCL14/CCR7/CCL23/CCL19/CCL18/CXCL13/SLAMF1/CD74/ITGB2/FCER1G/DPP4/CAMK1D/PDE4B/MDK/CCL1/JAML/TNFAIP6/CCL5/EDN1/CCL4/ITGA9/IL17RC/TREM1/RIPOR2/CCL8/CXCL6/CCL17/CCL3/CCL4L1/CSF1R/S100A9/CCL2/CXCL8/IL23A/CCL13/CXCL2/CCL22/ITGA1/TRPV4/CD300H/CCL3L1/CCL3L3/CXCL3/S100A12/THBS1/CSF1/CXCL10/CXCL1	49
GO:0072676	lymphocyte migration	49/2449	108/12472	1.03412433100763e-09	7.38502655583582e-08	4.96089398369695e-08	CCL15/CCL14/CCR7/CCL23/IL27RA/CCL19/CCL18/ICAM1/MYO1G/CXCL13/CD200/HSD3B7/CYP7B1/ADTRP/WNT5A/ABL2/CCL1/CCL5/CCL4/SPN/ADAM8/FUT7/PYCARD/ASCL2/AIF1/RIPOR2/CCL8/EXT1/CCL17/GPR183/CCL3/CCL4L1/CD200R1/CCL2/CCR6/NEDD9/CCR2/CH25H/ITGB3/ITGA4/GCSAM/GPR15/CCL13/CCL22/TBX21/APOD/CCL3L1/CCL3L3/CXCL10	49
GO:0002831	regulation of response to biotic stimulus	139/2449	441/12472	1.07966693842264e-09	7.60881068709427e-08	5.11122104643847e-08	PTPN2/IL15/CEP63/RFTN1/RELA/RIPK2/N4BP1/NFKBIA/CASP1/TBK1/CARD16/TRIM25/FLOT1/ACOD1/PIK3AP1/RASGRP1/MAPKAPK2/ZC3H12A/CD274/PTPN1/CARD9/LILRA4/TRAF3IP2/TNFAIP3/NECTIN2/HCK/TKFC/PRKDC/CD40/TLR1/PELI1/TNIP1/FPR2/NINJ1/DHX58/MEFV/RAB7B/FGL2/SERPINB9/PVR/CGAS/PHB1/OPTN/TNIP2/LYN/IRF7/PAK1/TRIB1/WNT5A/MICA/CLEC7A/NFKBIZ/IRF4/HLA-DRB1/PLSCR1/NLRC5/CD1D/LRP8/TSPAN32/TIFA/ZNRF1/ZNFX1/LILRB1/GBP2/DTX3L/RNF125/IRAK2/USP27X/PARP14/CCL5/TNF/FOSL1/TNIP3/USP18/MMP12/SCIMP/APOBEC3F/LGALS9/MIR146A/AIM2/TLR2/SPN/FFAR2/BIRC3/IL12B/BMP6/ADAM8/NR1D1/RSAD2/TYRO3/IFIH1/SASH1/TLR5/LY86/PYCARD/PARP9/A2M/CD226/TLR10/APOBEC3G/EIF2AK2/LAG3/FCN1/RIGI/OASL/CXCL6/TREM2/CD180/CD55/SLAMF8/APOE/IL27/IRF1/CD36/ZBP1/TLR7/FCN2/CLEC4E/MNDA/NCR1/GBP5/EREG/ISG15/CR1/PPARG/IL23A/CFH/IL18RAP/HERC5/EMILIN1/VSIG4/CEACAM1/LEP/ARG2/KLRC1/COLEC12/NLRP3/LGR4/CD96	139
GO:0010035	response to inorganic substance	126/2449	391/12472	1.45008848616535e-09	1.00865895219502e-07	6.77566978224632e-08	HIF1A/CCR7/RELA/SLC11A2/CLIC4/RUNX2/CCL19/MAP1LC3A/SELENOW/EZH2/PPP1R15B/MAP3K5/NDRG1/STK26/DDI2/CFLAR/CEBPA/ABAT/ATP5F1A/CSF2/OSER1/ZC3H12A/GPI/TNFAIP3/CASP3/NPC1/P2RX4/CALM2/SLC39A8/EEF2K/MTF1/CDK2/UROS/SLC41A1/ANXA11/IL18BP/GCH1/ALAD/ASS1/LRP11/PPIF/FBP1/TXN/WNT5A/ZNF658/RASA4/GCLC/ATP5F1D/NUDT1/CPNE9/RASA4B/RYR1/PLSCR1/TP53/ADORA1/TNNT2/FECH/ADA/KCNQ3/ADORA2A/HVCN1/BACE1/CDH1/FOSL1/EDN1/KCNMA1/FXN/HAAO/BCL2/NEDD4/NQO1/KCNMB1/PCGF2/TRPV6/PLCB1/LTA4H/TNFRSF11B/SPHK1/TRPM2/CAT/MT1F/BMP6/HAMP/MT2A/RASAL1/HFE/PKD2L1/ATIC/CD36/KCNJ10/LGMN/UCP2/CPNE4/ANK3/EDNRB/SERPINF1/ALPL/ALOX15/COL1A1/ALOX5AP/SLC11A1/CYBRD1/SYT1/KHK/MPO/ITPKA/TNFSF4/IMPA2/IL18RAP/CPNE5/ITPR3/SLC40A1/AREG/NFATC2/MT1M/CRHBP/MT1E/CDK1/SYT6/SUCNR1/THBS1/MMP2/SMPD3/MAOB/IL1A/TTN	126
GO:0048514	blood vessel morphogenesis	138/2449	439/12472	1.51142374924374e-09	1.03321954560692e-07	6.94065564813579e-08	VAV2/HIF1A/B4GALT1/CLIC4/E2F7/RAPGEF2/SAT1/JAG1/ITGA5/AGO1/BTG1/ITGAV/GTF2I/NRP2/ACE/PRCP/CXCL13/TNFAIP2/ZC3H12A/GADD45A/RIN2/HDAC7/TNFAIP3/OVOL2/PDGFRA/CD40/VEGFA/TGFBR2/COL8A2/ADGRA2/EPHB1/IL10/ADM/NINJ1/DLL4/FOXF1/LDLR/ADAM15/MMP14/ADTRP/NDP/HHEX/CEMIP2/WNT5A/HS6ST1/VASH1/MDK/SHB/ANGPTL6/PDGFA/TGFA/HK2/FMNL3/ANXA3/JCAD/PML/CYSLTR1/AKT3/RUNX1/TNF/ARHGAP22/CALD1/EDN1/MYLK/GREM1/PRKX/NOTCH3/ADM2/TIPARP/MIR146A/FZD4/ACKR3/SPHK1/HEG1/IL12B/ITGB8/STAB1/SERPINF2/ADAM8/SASH1/TGFBI/HIPK2/GPNMB/MIR22/STARD13/NRCAM/ADGRB1/CALCRL/LRG1/APOE/EPHB2/EPHA2/HSPG2/HES1/ETS1/CCL2/ROBO1/ACVRL1/SERPINF1/PPP1R16B/SPARC/CCR2/SEMA6A/HOXA1/KLF5/ECSCR/CX3CR1/CXCL8/EREG/PROK2/IL18/PPARG/ITGB3/EFNA3/PDGFRB/MMP19/GATA2/GPR15/EPHB3/NGFR/RAMP1/FASLG/HDAC9/EMILIN1/SERPINE1/HEY1/TJP1/LRP5/CEACAM1/DLL1/APOD/LEP/NR4A1/THBS1/MMP2/CXCL10/MIR34A/IL1A	138
GO:1990266	neutrophil migration	49/2449	109/12472	1.52397953888997e-09	1.03321954560692e-07	6.94065564813579e-08	MCOLN2/CCL15/CCL14/CCR7/CCL23/CCL19/CCL18/CXCL13/CD74/ITGB2/FCER1G/DPP4/CAMK1D/PDE4B/MDK/CCL1/JAML/TNFAIP6/CCL5/EDN1/CCL4/ITGA9/PECAM1/ADAM8/FUT7/TREM1/RIPOR2/CCL8/CXCL6/CCL17/SLAMF8/CCL3/CCL4L1/S100A9/CCL2/CXCL8/IL23A/CCL13/CXCL2/CCL22/ITGA1/CD300H/CCL3L1/CCL3L3/CXCL3/S100A12/CXCL10/IL1A/CXCL1	49
GO:0010720	positive regulation of cell development	113/2449	341/12472	1.72616184601188e-09	1.15566535590495e-07	7.76318577587975e-08	IL15/CD80/HIF1A/SOCS1/RELA/SLC7A5/IL15RA/CCL19/TIAM2/RIPK2/FOXO3/BCL6/BAIAP2/HAPLN3/SLC9B2/ACE/RASGRP1/LPAR3/HLX/EVI2B/SEMA4D/PPARGC1B/PRKDC/VEGFA/TGFBR2/EEF2K/TNFRSF1B/IL10/IL7R/SMURF1/CD4/CD83/VCAN/CD74/MMP14/LYN/TRIB1/CD86/INPP5D/CLEC7A/TNFSF9/NFKBIZ/TGM2/CD101/NTN1/PRKCH/RHOH/MDK/FES/SHB/HLA-DRB1/PLXNB1/PNP/MAP3K13/LRP8/ID2/SERPINE2/HLA-DRA/CYSLTR1/RUNX1/ADA/IL2RA/TNF/VSIR/BCL2/CLCF1/LGALS9/TLR2/FZD4/LILRB2/LIMK1/PLXNA1/IL12B/CTNNBIP1/ETV5/ADAM8/GLI3/TESPA1/PROC/RGS14/TREM2/SHOX2/FAIM/IL1RL2/IL7/IFNG/EPHB2/HES1/LTA/ROBO1/MYRF/ZNF365/NEDD9/SERPINF1/VNN1/OCSTAMP/CX3CR1/GFAP/HAPLN4/IL18/CR1/DCSTAMP/ITPKA/PLXNA4/IL23A/TNFSF4/MME/LIF/SOX8/IL36B/DBN1/NLRP3/CSF1	113
GO:1903706	regulation of hemopoiesis	115/2449	349/12472	1.79876260162036e-09	1.18940401163934e-07	7.98982530518311e-08	PTPN2/IL15/CD80/HIF1A/SOCS1/GPR137B/IL15RA/CCL19/RIPK2/JAG1/BATF/FOXO3/NFKBIA/BCL6/JAK3/CEBPA/SLC9B2/MITF/RASGRP1/ZC3H12A/BRPF3/HLX/EVI2B/PPARGC1B/PRKDC/TGFBR2/IL10/IL7R/RAB7B/FGL2/ZFP36L2/CD4/CD83/CD74/MMP14/ACVR1B/CDK6/ERFE/LYN/IRF7/TRIB1/CD86/INPP5D/TNFSF9/NFKBIZ/IRF4/CD101/RHOH/TSC22D1/MDK/FES/SHB/HLA-DRB1/PNP/ID2/FAXDC2/HLA-DRA/LILRB1/RUNX1/ADA/TNFAIP6/IL2RA/TNF/VSIR/FAM210B/LGALS9/TNFRSF11B/LILRB2/LOXL3/IL12B/CTNNBIP1/ADAM8/GLI3/TESPA1/ASCL2/LAG3/TREM2/SLAMF8/IL1RL2/IL7/IFNG/IL27/CCL3/IRF1/ZFP36/GPR171/SIGLEC15/ETS1/NEDD9/C1QC/CCR2/INHBA/VNN1/HLA-DOA/OCSTAMP/ISG15/IL18/CR1/DCSTAMP/IKZF3/IL23A/NFAM1/TNFSF4/GATA2/LIF/TBX21/ZEB1/CEACAM1/IL36B/DLL1/CARD11/FBN1/NLRP3/SCIN/CSF1	115
GO:0070665	positive regulation of leukocyte proliferation	59/2449	143/12472	2.04934405748772e-09	1.33399169697971e-07	8.96109355032556e-08	IL15/CD80/CCL19/RIPK2/BCL6/CD38/NCK2/SLAMF1/CSF2/CD274/HLA-DPB1/HLA-DPA1/CD40/TGFBR2/EBI3/PELI1/HLA-DMB/CD74/SLC39A10/LYN/CD86/TNFSF9/ZP3/GPAM/PNP/CD1D/ADA/IL2RA/CCL5/BCL2/CLCF1/LGALS9/LILRB2/SPN/IL12B/CD70/CLECL1P/PYCARD/AIF1/PDCD1LG2/GPR183/CD55/IL7/EPHB2/CSF2RB/CSF1R/HES1/CCR2/OCSTAMP/IL18/IL23A/TNFSF4/HHLA2/LEP/NFATC2/CARD11/NMB/CSF1/IL1A	59
GO:0001525	angiogenesis	126/2449	393/12472	2.06723881346744e-09	1.33399169697971e-07	8.96109355032556e-08	VAV2/HIF1A/B4GALT1/CLIC4/E2F7/SAT1/JAG1/ITGA5/AGO1/BTG1/ITGAV/GTF2I/NRP2/ACE/PRCP/CXCL13/TNFAIP2/ZC3H12A/GADD45A/HDAC7/TNFAIP3/OVOL2/PDGFRA/CD40/VEGFA/TGFBR2/COL8A2/ADGRA2/EPHB1/IL10/ADM/NINJ1/DLL4/ADAM15/MMP14/ADTRP/NDP/HHEX/CEMIP2/WNT5A/HS6ST1/VASH1/MDK/SHB/ANGPTL6/PDGFA/TGFA/HK2/FMNL3/ANXA3/JCAD/PML/CYSLTR1/AKT3/RUNX1/TNF/ARHGAP22/CALD1/EDN1/GREM1/PRKX/NOTCH3/ADM2/MIR146A/FZD4/ACKR3/SPHK1/IL12B/ITGB8/STAB1/ADAM8/SASH1/TGFBI/HIPK2/GPNMB/MIR22/STARD13/NRCAM/ADGRB1/CALCRL/LRG1/EPHB2/EPHA2/HSPG2/ETS1/CCL2/ROBO1/ACVRL1/SERPINF1/PPP1R16B/SPARC/CCR2/SEMA6A/KLF5/ECSCR/CX3CR1/CXCL8/EREG/PROK2/IL18/PPARG/ITGB3/EFNA3/PDGFRB/MMP19/GATA2/GPR15/EPHB3/NGFR/RAMP1/FASLG/HDAC9/EMILIN1/SERPINE1/HEY1/TJP1/CEACAM1/DLL1/APOD/LEP/NR4A1/THBS1/MMP2/CXCL10/MIR34A/IL1A	126
GO:0043408	regulation of MAPK cascade	146/2449	474/12472	2.35888988364928e-09	1.50407312105066e-07	1.01036160680617e-07	PTPN2/CCL15/ATP6AP2/CCL14/CCR7/CCL23/KL/RAPGEF2/CCL19/RIPK2/CCL18/MAP3K4/GADD45B/EZH2/MAP3K5/GADD45G/ICAM1/CFLAR/DUSP5/PHLPP1/SLAMF1/RASGRP1/LPAR3/ZC3H12A/GADD45A/PTPN1/CARD9/DNAJA1/PDGFRA/CD40/VEGFA/HMGCR/EPHB1/TNIP1/FPR2/CD4/AVPI1/CD74/CD44/PHB1/SPRED3/ACTA2/DUSP7/LYN/PAK1/WNT5A/TAB1/RELL1/VRK2/HLA-DRB1/PDGFA/TGFA/MAP3K13/ADORA1/MAP2K3/JCAD/CNKSR3/LILRA5/GBP1/OSM/CCL1/MAPK8IP2/CCL5/TNF/EDN1/SORBS3/CCL4/SPRED2/TMEM106A/SCIMP/DUSP4/LGALS9/PDGFC/PLCB1/ACKR3/DUSP1/SPHK1/UCHL1/SERPINF2/ADAM8/DOK2/SASH1/SEMA4C/DENND2B/HIPK2/GPNMB/PYCARD/FERMT2/AKAP12/C1QTNF1/DUSP16/EIF2AK2/RGS14/DUSP2/CCL8/SEMA3A/CCL17/HGF/P2RY1/TREM2/GPR183/PEBP1/APOE/CCL3/EPHB2/CCL4L1/CD36/CSF1R/EPHA2/ARHGEF5/DUSP19/ATF3/HCRTR1/CCL2/ROBO1/SEMA6A/INHBA/BANK1/ALOX15/EDA2R/P2RY6/PPARG/IGFBP3/ITGB3/HTR2B/PDGFRB/BIRC7/FFAR4/IQGAP3/LIF/IGFBP4/CCL13/EMILIN1/CCL22/ITGA1/DUSP8/CEACAM1/TRPV4/LEP/SORL1/CCL3L1/CCL3L3/S100A12/THBS1/IL1A/LAX1	146
GO:0050870	positive regulation of T cell activation	83/2449	229/12472	2.49780305027755e-09	1.57390978085724e-07	1.05727440567785e-07	IL15/CD80/SOCS1/CCR7/MAP3K8/CCL19/RIPK2/FOXO3/BCL6/HLA-DMA/NCK2/SLAMF1/RASGRP1/CD274/HLX/HLA-DPB1/HLA-DPA1/TGFBR2/EBI3/IL7R/CD4/CD83/HLA-DMB/CD74/DPP4/LYN/CD86/TNFSF9/NFKBIZ/ZP3/ABL2/RHOH/MDK/GPAM/SHB/HLA-DRB1/PNP/CD1D/HLA-DRA/LILRB1/RUNX1/ADA/IL2RA/HLA-DQB1/CCL5/FLOT2/VSIR/LGALS9/LILRB2/SPN/IL12B/CD70/ADAM8/CLECL1P/GLI3/TESPA1/PYCARD/AIF1/PDCD1LG2/CD55/IL1RL2/IL7/IFNG/HLA-DRB5/HES1/CCL2/CCR2/VNN1/HLA-DOA/ICOS/HLA-DOB/IL18/CR1/IL23A/TNFSF4/HLA-DQB2/HHLA2/IL36B/YES1/LEP/CARD11/NLRP3/IL1A	83
GO:0070098	chemokine-mediated signaling pathway	37/2449	73/12472	2.64710860020799e-09	1.6154624818758e-07	1.08518744606177e-07	CCL15/HIF1A/CCL14/CCR7/CCL23/CCL19/CCL18/CXCL13/LYN/CXCR5/CCL1/CCL5/EDN1/CCL4/ACKR3/CCL8/CXCL6/CCL17/TREM2/CCL3/CCL4L1/CCR5/CCL2/ROBO1/CCR6/CCR2/CX3CR1/CXCL8/CCL13/CXCL2/CCL22/CCL3L1/CCL3L3/CXCL3/CXCR6/CXCL10/CXCL1	37
GO:0050731	positive regulation of peptidyl-tyrosine phosphorylation	51/2449	117/12472	2.65423260651737e-09	1.6154624818758e-07	1.08518744606177e-07	IL15/CD80/RIPK2/ITGA5/ACE/CSF2/PTPN1/SEMA4D/CD40/VEGFA/CD4/CD74/IL31RA/CD44/LYN/TGFA/TP53/LRP8/ENPP2/LILRA5/OSM/PARP14/CCL5/TNF/GREM1/CLCF1/PECAM1/IL12B/BMP6/PARP9/HGF/VTN/TREM2/GPRC5B/IFNG/CD36/CSF1R/HES1/HBEGF/NEDD9/BANK1/IL18/ITGB3/IL23A/LIF/CASS4/AREG/LRP4/YES1/LEP/DLG3	51
GO:1903038	negative regulation of leukocyte cell-cell adhesion	51/2449	117/12472	2.65423260651737e-09	1.6154624818758e-07	1.08518744606177e-07	PTPN2/CD80/IDO1/SOCS1/PAG1/TWSG1/BCL6/JAK3/ZC3H12A/CD274/HLX/CASP3/PELI1/IL10/SDC4/FGL2/CD74/ASS1/ADTRP/CD86/MDK/HLA-DRB1/TSPAN32/LILRB1/RUNX1/ADORA2A/IL2RA/LGALS9B/VSIR/LGALS9/MIR146A/LILRB2/SPN/LOXL3/DLG5/GLI3/GPNMB/ASCL2/LAG3/RIPOR2/HFE/PDCD1LG2/IRF1/LGALS9C/CR1/TNFSF4/VSIG4/TBX21/CEACAM1/ARG2/LAX1	51
GO:0001568	blood vessel development	152/2449	500/12472	3.00989861688232e-09	1.81135022382266e-07	1.21677510023699e-07	VAV2/HIF1A/B4GALT1/CLIC4/E2F7/RAPGEF2/SAT1/JAG1/ITGA5/AGO1/BTG1/ITGAV/CFLAR/SOCS3/GTF2I/NRP2/SEMA3C/ACE/PRCP/CXCL13/TNFAIP2/ZC3H12A/GADD45A/RIN2/HDAC7/TNFAIP3/OVOL2/PDGFRA/CD40/VEGFA/TGFBR2/COL8A2/ADGRA2/EPHB1/IL10/ADM/NINJ1/DLL4/FOXF1/LDLR/ADAM15/SUFU/MMP14/ACTA2/ADTRP/NDP/HHEX/CEMIP2/WNT5A/TAB1/HS6ST1/VASH1/MDK/SHB/ANGPTL6/PDGFA/TGFA/HK2/FMNL3/ANXA3/JCAD/PML/CYSLTR1/AKT3/RUNX1/TNF/ARHGAP22/CALD1/FOSL1/EDN1/MYLK/GREM1/PRKX/NOTCH3/ADM2/TIPARP/MIR146A/FZD4/ACKR3/SPHK1/HEG1/PECAM1/IL12B/ITGB8/STAB1/SERPINF2/ADAM8/SASH1/TGFBI/GLI3/HIPK2/GPNMB/MIR22/STARD13/NRCAM/ADGRB1/CALCRL/LRG1/APOE/EPHB2/EPHA2/HSPG2/HES1/ETS1/CCL2/ROBO1/ACVRL1/SERPINF1/LIPA/NKX3-1/PPP1R16B/SPARC/CCR2/SEMA6A/HOXA1/KLF5/COL1A1/ECSCR/CX3CR1/CXCL8/EREG/PROK2/IL18/PPARG/ITGB3/EFNA3/PDGFRB/MMP19/ANTXR1/GATA2/GPR15/EPHB3/NGFR/RAMP1/FASLG/HDAC9/EMILIN1/SERPINE1/HEY1/PDE2A/TJP1/LRP5/CEACAM1/DLL1/APOD/LEP/NR4A1/THBS1/MMP2/CXCL10/MIR34A/IL1A	152
GO:0050868	negative regulation of T cell activation	48/2449	108/12472	3.55664402707475e-09	2.11659837877915e-07	1.4218256473148e-07	PTPN2/CD80/IDO1/SOCS1/PAG1/TWSG1/BCL6/JAK3/ZC3H12A/CD274/HLX/CASP3/PELI1/IL10/SDC4/FGL2/CD74/CD86/MDK/HLA-DRB1/TSPAN32/LILRB1/RUNX1/ADORA2A/IL2RA/LGALS9B/VSIR/LGALS9/LILRB2/SPN/LOXL3/DLG5/GLI3/GPNMB/ASCL2/LAG3/RIPOR2/HFE/PDCD1LG2/IRF1/LGALS9C/CR1/TNFSF4/VSIG4/TBX21/CEACAM1/ARG2/LAX1	48
GO:0030593	neutrophil chemotaxis	43/2449	93/12472	5.31056920034343e-09	3.12564930077356e-07	2.09965593137928e-07	CCL15/CCL14/CCR7/CCL23/CCL19/CCL18/CXCL13/CD74/ITGB2/FCER1G/DPP4/CAMK1D/PDE4B/MDK/CCL1/JAML/TNFAIP6/CCL5/EDN1/CCL4/ITGA9/TREM1/RIPOR2/CCL8/CXCL6/CCL17/CCL3/CCL4L1/S100A9/CCL2/CXCL8/IL23A/CCL13/CXCL2/CCL22/ITGA1/CD300H/CCL3L1/CCL3L3/CXCL3/S100A12/CXCL10/CXCL1	43
GO:0002548	monocyte chemotaxis	31/2449	57/12472	5.69425136037377e-09	3.31504459632195e-07	2.22688228258096e-07	CCL15/CCL14/CCL23/CCL19/CCL18/FPR2/LYN/CCL1/CCL5/CCL4/GREM1/DUSP1/PTPRO/AIF1/CCL8/CCL17/SLAMF8/CCL3/CCL4L1/LGMN/CCL2/CCR2/CX3CR1/DEFB124/CCL13/SERPINE1/CCL22/CCL3L1/CCL3L3/S100A12/CXCL10	31
GO:0051251	positive regulation of lymphocyte activation	101/2449	301/12472	6.0603835791411e-09	3.49025961826664e-07	2.34458303039098e-07	IL15/CD80/SOCS1/CCR7/MAP3K8/IL15RA/CCL19/RIPK2/FOXO3/BCL6/CD38/HLA-DMA/NCK2/SLAMF1/RASGRP1/CD274/HLX/MAD2L2/HLA-DPB1/HLA-DPA1/PRKDC/CD40/TGFBR2/EBI3/PELI1/IL10/IL7R/CD4/CD83/HLA-DMB/CD74/MMP14/SLC39A10/TNIP2/DPP4/LYN/CD86/INPP5D/CLEC7A/TNFSF9/NFKBIZ/ZP3/ABL2/RHOH/MDK/GPAM/SHB/HLA-DRB1/PNP/CD1D/HLA-DRA/LILRB1/RUNX1/ADA/IL2RA/HLA-DQB1/CCL5/FLOT2/VSIR/BCL2/CLCF1/LGALS9/LILRB2/SPN/IL12B/CD70/ADAM8/CLECL1P/GLI3/TESPA1/PYCARD/AIF1/PDCD1LG2/GPR183/CD55/IL1RL2/IL7/IFNG/HLA-DRB5/EPHB2/HES1/CCL2/CCR2/VNN1/HLA-DOA/ICOS/HLA-DOB/IL18/CR1/IL23A/TNFSF4/HLA-DQB2/HHLA2/TBX21/IL36B/YES1/LEP/NFATC2/CARD11/NLRP3/IL1A	101
GO:0002286	T cell activation involved in immune response	45/2449	100/12472	6.777434374507e-09	3.86169558615527e-07	2.59409526226931e-07	CD80/CCL19/RIPK2/BATF/BCL6/JAK3/ICAM1/SOCS3/PTGER4/ZC3H12A/HLX/STAT4/ENTPD7/RELB/FGL2/HLA-DMB/CD74/FCER1G/CD86/NFKBIZ/IRF4/MDK/SHB/HLA-DRB1/TP53/HLA-DRA/LILRB1/LGALS9/SPN/LOXL3/IL12B/ASCL2/GPR183/IFNG/IL27/CLEC4E/SLC11A1/IL18/IL23A/TNFSF4/TBX21/CEACAM1/LY9/NLRP3/IL18R1	45
GO:0018108	peptidyl-tyrosine phosphorylation	75/2449	204/12472	7.15621760984952e-09	4.03460015982674e-07	2.71024396570257e-07	PTPN2/IL15/CD80/SOCS1/RAP2C/RIPK2/ITGA5/JAK3/SOCS3/ACE/CSF2/PTPN1/ERRFI1/SEMA4D/HCK/PDGFRA/CD40/VEGFA/CD4/CD74/ITGB2/IL31RA/CD44/LYN/SAMSN1/ABL2/FES/PDGFA/TGFA/TP53/LRP8/ENPP2/LILRA5/DDR1/OSM/PARP14/CCL5/TNF/GREM1/CLCF1/MIR146A/PDGFC/ALK/PECAM1/RAP2B/IL12B/BMP6/PARP9/HGF/VTN/TREM2/GPRC5B/IL7/IFNG/EPHB2/CD36/CSF1R/HES1/DDR2/HBEGF/NEDD9/BANK1/IL22RA2/IL18/ITGB3/IL23A/PDGFRB/LIF/CASS4/AREG/LRP4/YES1/LEP/LTK/DLG3	75
GO:0010721	negative regulation of cell development	72/2449	194/12472	9.00454302620023e-09	5.02378463003421e-07	3.37472895433689e-07	PTPN2/ULK2/SOCS1/GPR137B/RAPGEF2/BCL6/JAK3/CEBPA/SEMA4B/SEMA3C/ZC3H12A/HLX/SEMA4D/CDK5/VEGFA/CDKN2B/FGL2/LDLR/DYNLT1/CD74/CDK6/ERFE/LYN/TRIB1/WNT5A/INPP5D/NTN1/TSC22D1/MDK/SHB/TP53/ID2/LILRB1/RUNX1/TNFAIP6/CDH1/TNF/MIR146A/TNFRSF11B/LOXL3/NR1D1/SEMA4C/GLI3/FGF13/ASCL2/LAG3/SEMA3A/TREM2/RTN4R/CCL3/IRF1/EPHB2/HES1/SEMA3B/EDNRB/C1QC/SEMA6B/SEMA6A/INHBA/DRAXIN/LHX2/CR1/TNFSF4/GATA2/MCF2/S1PR3/TBX21/CEACAM1/LRP4/SORL1/FBN1/IL1A	72
GO:0040013	negative regulation of locomotion	91/2449	265/12472	9.66558217329569e-09	5.33699568249193e-07	3.58512858039334e-07	PTPN2/ADARB1/DNAI3/SINHCAF/RAP2C/CLIC4/PFN2/IL27RA/JAG1/FOXO3/STK26/SEMA4B/MITF/PTGER4/SEMA3C/SAP30/KANK1/CXCL13/BMP10/GADD45A/SEMA4D/CD200/ABHD2/RABGEF1/DLL4/ADAM15/CD74/ADTRP/DPP4/TRIB1/WNT5A/VASH1/C5/ADORA1/ADA/ARHGDIB/TNFAIP6/CDH1/TNF/ARPIN/BCL2/GREM1/MIR146A/PLCB1/DUSP1/EVL/RAP2B/IFITM1/AFDN/SEMA4C/PTPRO/DLG5/MIR22/STARD13/VCL/ADGRB1/AIF1/RIPOR2/ATP1B2/SEMA3A/SLAMF8/APOE/CD200R1/CYGB/ACVR1C/SEMA3B/DLC1/CCL2/NAV3/ROBO1/ACVRL1/NEDD9/SERPINF1/SEMA6B/SEMA6A/ADORA3/CX3CR1/PPARG/IGFBP3/STAP1/GCSAM/NGFR/EMILIN1/SERPINE1/TMIGD3/APOD/PTPRK/HAS1/THBS1/MIR34A/SEMG2	91
GO:0071356	cellular response to tumor necrosis factor	73/2449	198/12472	9.86257033204891e-09	5.39019660188306e-07	3.62086631524631e-07	PTPN2/CCL15/CCL14/CASP4/RFFL/CCL23/RELA/CCL19/CCL18/FOXO3/NFKBIA/CASP1/MAP3K5/CARD16/CARD14/CEBPA/ACOD1/MAPKAPK2/ZC3H12A/TRAF3IP2/TNFAIP3/CD40/TNFRSF1B/TANK/ZFP36L2/IL18BP/ASS1/NFKB1/PCK2/TP53/TRAF1/CTSK/GBP1/GBP2/CCL1/CCL5/TNF/EDN1/CCL4/TRAF5/GBP3/AIM2/SPHK1/BIRC3/CD70/NR1D1/PYCARD/AKAP12/CCL8/EXT1/CCL17/CCL3/CCL4L1/ZFP36/HES1/CCL2/NKX3-1/COL1A1/OCSTAMP/EDA2R/CX3CR1/CXCL8/DCSTAMP/ST18/BIRC7/CCL13/CCL22/CRHBP/CCL3L1/CCL3L3/THBS1/SMPD3/MIR34A	73
GO:0008202	steroid metabolic process	75/2449	206/12472	1.166276814959e-08	6.24657862092039e-07	4.19614121424195e-07	INSIG2/SRD5A3/LSS/CYB5R3/MSMO1/HMGCS1/STARD4/IDI1/CEBPA/SQLE/SC5D/NR3C1/FDFT1/PDGFRA/NPC1/CYP51A1/HSD3B7/HMGCR/ADM/ERG28/FDPS/CBR1/LDLR/MVD/CYP7B1/SOAT1/DHCR7/NFKB1/MVK/SRD5A1/SCP2/APOL2/AKR1B1/FAXDC2/CYP27B1/SCARF1/INSIG1/FECH/HSD17B4/FDXR/TNF/OSBPL5/TIPARP/ABCA5/OSBPL3/APOC1/TTC39B/CAT/CYP3A7/BMP6/NR1D1/APOL1/SCARB1/DHRS9/CYB5R2/SLC27A2/OSBPL1A/APOE/IFNG/PDE8B/LGMN/DHRS11/EDNRB/LIPA/IGFBP7/SNAI1/ABCA2/CH25H/DKK3/SEC14L2/LRP5/ATP8B1/LEP/EPHX2/IL1A	75
GO:0018212	peptidyl-tyrosine modification	75/2449	206/12472	1.166276814959e-08	6.24657862092039e-07	4.19614121424195e-07	PTPN2/IL15/CD80/SOCS1/RAP2C/RIPK2/ITGA5/JAK3/SOCS3/ACE/CSF2/PTPN1/ERRFI1/SEMA4D/HCK/PDGFRA/CD40/VEGFA/CD4/CD74/ITGB2/IL31RA/CD44/LYN/SAMSN1/ABL2/FES/PDGFA/TGFA/TP53/LRP8/ENPP2/LILRA5/DDR1/OSM/PARP14/CCL5/TNF/GREM1/CLCF1/MIR146A/PDGFC/ALK/PECAM1/RAP2B/IL12B/BMP6/PARP9/HGF/VTN/TREM2/GPRC5B/IL7/IFNG/EPHB2/CD36/CSF1R/HES1/DDR2/HBEGF/NEDD9/BANK1/IL22RA2/IL18/ITGB3/IL23A/PDGFRB/LIF/CASS4/AREG/LRP4/YES1/LEP/LTK/DLG3	75
GO:0046634	regulation of alpha-beta T cell activation	47/2449	108/12472	1.17897384370064e-08	6.25206327411942e-07	4.19982553180696e-07	CD80/SOCS1/TWSG1/CCL19/RIPK2/BATF/BCL6/JAK3/ZC3H12A/CD274/HLX/TGFBR2/EBI3/CD83/CD86/NFKBIZ/IRF4/SHB/HLA-DRB1/PNP/HLA-DRA/LILRB1/RUNX1/ADA/ADORA2A/IL2RA/LGALS9B/VSIR/LGALS9/LOXL3/IL12B/GLI3/ASCL2/HFE/CD55/IFNG/IL27/IRF1/LGALS9C/CCR2/IL18/IL23A/TNFSF4/TBX21/ARG2/CARD11/NLRP3	47
GO:0002757	immune response-activating signaling pathway	129/2449	416/12472	1.3163140443385e-08	6.91193923674215e-07	4.64309742368317e-07	VAV2/PTPN2/BTN2A1/CCR7/RFTN1/RELA/RIPK2/NFKBIA/CASP1/TBK1/CACNB3/CD38/TRIM25/MYO1G/FLOT1/ACOD1/PIK3AP1/PHPT1/LCP2/MAPKAPK2/ZC3H12A/LILRA4/TNFAIP3/NECTIN2/HCK/TKFC/HLA-DPB1/CD40/TLR1/RABGEF1/PELI1/NR4A3/FOSL2/TNIP1/FPR2/NINJ1/DHX58/MEFV/RAB7B/CGAS/FCER1G/PHB1/EIF2B3/SLC39A10/NFKB1/TNIP2/TRGC1/LYN/IRF7/PAK1/PDE4B/INPP5D/CLEC7A/NFKBIZ/IRF4/PRKCH/SHB/HLA-DRB1/PLSCR1/TIFA/ZNRF1/GBP1/GBP2/ADA/RNF125/IRAK2/HLA-DQB1/TNF/FOSL1/TNIP3/BCL2/SCIMP/MIR146A/AIM2/TLR2/LIMK1/FFAR2/BIRC3/PDE4D/NR1D1/RSAD2/TYRO3/IFIH1/TLR5/TESPA1/PYCARD/CD226/TLR10/EIF2AK2/FCN1/RIGI/OASL/TREM2/TRGC2/PRAM1/IRF1/CD19/CD36/TLR7/FCN2/CLEC4E/FPR3/LAT/MNDA/LIPA/KCNN4/GBP5/BANK1/BLNK/CR1/STAP1/NFAM1/GCSAM/HHLA2/SLA2/CEACAM1/TRAT1/YES1/ITK/NFATC2/KLRC1/CR2/CARD11/COLEC12/NLRP3/CD79A/LGR4/MIR34A/LAX1	129
GO:0046631	alpha-beta T cell activation	64/2449	167/12472	1.42843226388861e-08	7.41843901468913e-07	4.98333881376665e-07	IL15/CD80/SOCS1/TWSG1/CCL19/RIPK2/CTSL/BATF/BCL6/JAK3/SOCS3/PTGER4/ZC3H12A/CD274/HLX/TGFBR2/EBI3/STAT4/FOSL2/ENTPD7/RELB/CD83/CD86/NFKBIZ/IRF4/SHB/HLA-DRB1/PNP/HLA-DRA/LILRB1/RUNX1/ADA/ADORA2A/IL2RA/NKG7/LGALS9B/VSIR/BCL2/LGALS9/SPN/LOXL3/IL12B/RSAD2/GLI3/FUT7/ASCL2/HFE/GPR183/CD55/IFNG/IL27/IRF1/LGALS9C/CCR2/IL18/IL23A/TNFSF4/TBX21/ARG2/ITK/CARD11/LY9/NLRP3/IL18R1	64
GO:0007204	positive regulation of cytosolic calcium ion concentration	45/2449	102/12472	1.44047359508527e-08	7.41843901468913e-07	4.98333881376665e-07	CCR7/CACNB3/ITGAV/CD38/PTGIR/PTGER4/CXCL13/LPAR3/P2RX4/ADM/FPR2/ABL2/CIB2/PML/CYSLTR1/CXCR5/CCL1/EDN1/BCL2/ACKR3/CACNA1A/C1QTNF1/TRPM4/P2RY1/CD55/P2RX5/CD52/CD36/CCR5/FPR3/CCR6/EDNRB/CCR2/FFAR1/CX3CR1/PROK2/GATA2/FFAR4/ITPR3/S1PR3/TRPV4/RIC3/JPH4/NMB/CXCR6	45
GO:0009615	response to virus	117/2449	369/12472	1.58804208346391e-08	8.10052704669782e-07	5.44153167045579e-07	IL15/ADARB1/HIF1A/RELA/CCL19/CASP1/TBK1/TRIM25/CLU/ACOD1/ZC3H12A/MLKL/CARD9/LILRA4/TRAF3IP2/TNFAIP3/TKFC/CD40/BATF3/TANK/DDIT4/DHX58/MEFV/RAB7B/FGL2/RNASE6/VWCE/ISG20/CDK6/CGAS/PHB1/ACTA2/NDUFAF4/NFKB1/IRF7/AKAP1/DDX60L/PIM2/TRIM65/PMAIP1/MAPK11/IFIT5/MICA/DUS2/NT5C3A/GPAM/PLSCR1/VAMP8/NLRC5/PML/TSPAN32/ZNFX1/LILRB1/GBP1/GBP2/DTX3L/MOV10/RNF125/USP27X/CCL5/TNF/DUOX2/FOSL1/CCL4/USP18/BCL2/RTP4/MMP12/IFI27/APOBEC3F/LGALS9/MIR146A/GBP3/AIM2/TLR2/EXOSC5/SPN/IL12B/ITGB8/RSAD2/IFITM1/IFIH1/PYCARD/PARP9/APOBEC3G/EIF2AK2/RIGI/OASL/CCL8/EXT1/TREM2/IFNG/IL27/IRF1/IFI44/ZBP1/TLR7/IVNS1ABP/PRF1/IFITM3/IFIT3/MX1/GBP5/MX2/ISG15/GBP7/IL23A/IFI44L/TNFSF4/HERC5/CCL22/TBX21/NMB/NLRP3/IFIT1/IFIT1B/CXCL10	117
GO:0006959	humoral immune response	59/2449	150/12472	1.71762098638805e-08	8.67884717273054e-07	5.83001840265575e-07	CFB/CCR7/C1RL/CLU/ACOD1/CXCL13/GPI/TRAF3IP2/EBI3/RNASE6/CD83/PHB1/ZP3/LYZ/C5/HLA-DRB1/C1S/C1R/HLA-DQB1/IL36RN/TNF/BCL2/CXCL14/CFD/A2M/TREM1/FCN1/CXCL6/TREM2/GPR183/CD55/IL7/IFNG/S100A9/FCN2/CCL2/LTA/CCR6/C1QC/WFDC2/CCR2/BLNK/C1QA/SLC11A1/CXCL8/CR1/PI3/CFH/C2/CCL13/CXCL2/VSIG4/CR2/CXCL3/S100A12/PDCD1/CXCL10/SEMG2/CXCL1	59
GO:0001562	response to protozoan	18/2449	25/12472	2.06316170398059e-08	1.03273776509533e-06	6.93741928598687e-07	BPGM/BATF/CD40/IL10/CLEC7A/IRF4/TSPAN32/GBP1/GBP2/NKG7/GBP6/SPN/IL12B/IER3/GBP4/BATF2/SLC11A1/GBP7	18
GO:0001503	ossification	96/2449	288/12472	2.09085495274103e-08	1.0369091784149e-06	6.96544076848816e-07	NOCT/HIF1A/DNAI3/ACHE/TWSG1/ITGA11/KL/RUNX2/SNX10/JAG1/FIGNL1/CEBPA/TUFT1/NAB1/PTGER4/TP53INP2/HDAC7/SEMA4D/PPARGC1B/FOSL2/FAM20C/TMT1A/VCAN/SUFU/MMP14/CDK6/PHB1/ERFE/NAB2/MAPK11/WNT5A/MN1/SLC24A3/RYR1/MDK/SBNO2/PLXNB1/THRA/SORT1/BAMBI/CYP27B1/CTSK/RUNX1/TNFAIP6/HSD17B4/TNF/BCL2/GREM1/SRGN/CLEC3B/COL6A1/CAT/CTNNBIP1/BMP6/ZHX3/IFITM1/GLI3/INTU/FERMT2/CLEC11A/LOC102724560/CBS/TRPM4/EXT1/HGF/FASN/SHOX2/MRC2/CCL3/EPHA2/DCHS1/TMEM119/DDR2/LRP3/KREMEN1/PHOSPHO1/SNAI1/ALPL/CTHRC1/ALOX15/COL1A1/ISG15/PPARG/IGFBP3/DHRS3/FFAR4/SOX8/GLI1/LRP5/AREG/LRP4/LEP/MMP2/CSF1/LGR4/SMPD3	96
GO:0042129	regulation of T cell proliferation	61/2449	158/12472	2.24763269528208e-08	1.10443309320466e-06	7.41903288505471e-07	IL15/CD80/IDO1/TWSG1/CCL19/RIPK2/BCL6/NCK2/SLAMF1/CD274/HLA-DPB1/CASP3/HLA-DPA1/TGFBR2/EBI3/PELI1/TNFRSF1B/IL10/SDC4/HLA-DMB/CD86/TNFSF9/ZP3/GPAM/HLA-DRB1/PNP/CD1D/TNFRSF9/TSPAN32/LILRB1/IL2RA/CCL5/LGALS9B/VSIR/LGALS9/LILRB2/SPN/IL12B/CD70/CLECL1P/DLG5/GPNMB/PYCARD/AIF1/PDCD1LG2/CD55/IL27/IRF1/HES1/LGALS9C/CCR2/IL18/CR1/IL23A/TNFSF4/HHLA2/VSIG4/LEP/ARG2/CARD11/IL1A	61
GO:0050730	regulation of peptidyl-tyrosine phosphorylation	64/2449	169/12472	2.44200750765387e-08	1.18903565554492e-06	7.98735087192435e-07	PTPN2/IL15/CD80/SOCS1/RAP2C/RIPK2/ITGA5/SOCS3/ACE/CSF2/PTPN1/ERRFI1/SEMA4D/CD40/VEGFA/CD4/CD74/ITGB2/IL31RA/CD44/LYN/SAMSN1/PDGFA/TGFA/TP53/LRP8/ENPP2/LILRA5/OSM/PARP14/CCL5/TNF/GREM1/CLCF1/MIR146A/PDGFC/PECAM1/RAP2B/IL12B/BMP6/PARP9/HGF/VTN/TREM2/GPRC5B/IL7/IFNG/CD36/CSF1R/HES1/HBEGF/NEDD9/BANK1/IL22RA2/IL18/ITGB3/IL23A/LIF/CASS4/AREG/LRP4/YES1/LEP/DLG3	64
GO:0070848	response to growth factor	147/2449	494/12472	2.57845020817743e-08	1.2441602986485e-06	8.35765084073065e-07	HIF1A/SINHCAF/TWSG1/RELA/KL/RUNX2/RAPGEF2/ITGA5/BAIAP2/CFLAR/ELK1/TGIF1/NRP2/SAP30/CXCL13/BMP10/MAPKAPK2/PTPN1/NR3C1/GCLM/OVOL2/CASP3/PDGFRA/PALS1/VEGFA/TGFBR2/EEF2K/ADGRA2/TNFRSF1B/CDKN2B/IL10/DDIT4/FAM20C/DLL4/SMURF1/RDX/KNSTRN/ZFP36L2/ACVR1B/FSTL1/CD44/FLRT2/SPRED3/ACTA2/NDP/HHEX/WNT5A/TAB1/GCLC/SRD5A1/NFKBIZ/EHD1/SNX25/MYO1C/SORT1/TP53/HIVEP1/BAMBI/LRP8/ANXA3/MAP2K3/JCAD/PML/TBC1D7/TBC1D7-LOC100130357/CTSK/TNFAIP6/NFIA/CCL5/EDN1/SULF2/SPRED2/NEDD4/GREM1/CLEC3B/MIR146A/FZD4/SPHK1/ADISSP/PELO/IL12B/CAT/ITGB8/MIR4632/BMP6/CSNK1E/PTP4A3/GRB10/HIPK2/EPB41L5/FERMT2/HFE/GALNT3/EXT1/HGF/VTN/P2RY1/LRG1/WASF1/MTSS2/EPHA2/FNDC4/ACVR1C/ZFP36/ZNF703/LGMN/HES1/DDR2/NREP/CCL2/ROBO1/SOX5/ACVRL1/GPC1/KCP/FEZ1/VASN/SEMA6A/COL1A1/HTRA4/RAP1GAP/CX3CR1/CXCL8/DKK3/HTRA3/ITGA3/DCSTAMP/DOCK3/PPARG/ITGB3/PDGFRB/ITGB5/NGFR/FASLG/EMILIN1/PDE2A/ZEB1/DLL1/YES1/NR4A1/PTPRK/SORL1/FBN1/HAS1/THBS1/SMPD3/PCSK6	147
GO:0002292	T cell differentiation involved in immune response	37/2449	78/12472	2.63312789168922e-08	1.25919937391852e-06	8.4586758776257e-07	CD80/CCL19/RIPK2/BATF/BCL6/JAK3/SOCS3/PTGER4/ZC3H12A/HLX/STAT4/ENTPD7/RELB/FGL2/FCER1G/CD86/NFKBIZ/IRF4/SHB/HLA-DRB1/HLA-DRA/LGALS9/SPN/LOXL3/IL12B/ASCL2/GPR183/IFNG/IL27/CLEC4E/IL18/IL23A/TNFSF4/TBX21/LY9/NLRP3/IL18R1	37
GO:1902107	positive regulation of leukocyte differentiation	63/2449	166/12472	2.85002661052592e-08	1.33756404200042e-06	8.98509078958655e-07	IL15/CD80/SOCS1/IL15RA/CCL19/RIPK2/FOXO3/BCL6/SLC9B2/RASGRP1/HLX/EVI2B/PPARGC1B/PRKDC/TGFBR2/IL10/IL7R/CD4/CD83/CD74/MMP14/TRIB1/CD86/INPP5D/TNFSF9/NFKBIZ/CD101/RHOH/MDK/FES/SHB/HLA-DRB1/PNP/ID2/HLA-DRA/RUNX1/ADA/IL2RA/TNF/VSIR/LGALS9/LILRB2/IL12B/CTNNBIP1/ADAM8/GLI3/TESPA1/TREM2/IL1RL2/IL7/IFNG/NEDD9/VNN1/OCSTAMP/IL18/CR1/DCSTAMP/IL23A/TNFSF4/LIF/IL36B/NLRP3/CSF1	63
GO:1903708	positive regulation of hemopoiesis	63/2449	166/12472	2.85002661052592e-08	1.33756404200042e-06	8.98509078958655e-07	IL15/CD80/SOCS1/IL15RA/CCL19/RIPK2/FOXO3/BCL6/SLC9B2/RASGRP1/HLX/EVI2B/PPARGC1B/PRKDC/TGFBR2/IL10/IL7R/CD4/CD83/CD74/MMP14/TRIB1/CD86/INPP5D/TNFSF9/NFKBIZ/CD101/RHOH/MDK/FES/SHB/HLA-DRB1/PNP/ID2/HLA-DRA/RUNX1/ADA/IL2RA/TNF/VSIR/LGALS9/LILRB2/IL12B/CTNNBIP1/ADAM8/GLI3/TESPA1/TREM2/IL1RL2/IL7/IFNG/NEDD9/VNN1/OCSTAMP/IL18/CR1/DCSTAMP/IL23A/TNFSF4/LIF/IL36B/NLRP3/CSF1	63
GO:0030855	epithelial cell differentiation	130/2449	425/12472	2.8719168190823e-08	1.33756404200042e-06	8.98509078958655e-07	UGCG/HIF1A/CEP63/B4GALT1/RAP2C/CLIC4/E2F7/RAPGEF2/BASP1/JAG1/BTG1/RILPL2/EZH2/TCHH/ICAM1/GPAT4/CFLAR/CEBPA/TDRD7/RAB13/DNPH1/ERRFI1/OVOL2/CASP3/VEGFA/FOSL2/CDKN2B/FAM20C/MAFG/RDX/CBR1/FOXF1/CSTA/IL31RA/FSTL1/CDK6/SPRED3/ACTA2/NDP/OPHN1/WNT5A/ZDHHC7/NFKBIZ/WNT5B/EHF/PRKCH/THRA/PCK2/TMOD1/PDPN/AKR1B1/ID2/INSM1/CYP27B1/SLC4A5/KLF7/HSD17B4/TNF/SPRED2/GREM1/PRKX/MYCL/FZD4/PLCB1/LTA4H/HEG1/PECAM1/PELO/MTSS1/BMP6/PDE4D/AFDN/DHRS9/PTPRO/DLG5/INTU/EPB41L5/THRB/VCL/PROC/EXT1/TJP2/FASN/IFNG/KCNE1/EPHA2/ZFP36/ATOH8/ZNF703/HES1/MAFF/PALLD/TFCP2L1/ACVRL1/EDNRB/LIPA/PPP1R16B/KCNQ1/PTCH2/ITGA2/KLF5/IRF6/EREG/CDH23/PPARG/ZBED2/GATA2/LIF/B9D1/TGM3/SLC7A11/SERPINE1/HEY1/MAF/PDE2A/SOX8/GLI1/TJP1/DSP/S1PR3/ZEB1/CEACAM1/DLL1/MET/CNN3/CDK1/GDF11/RHCG/MIR34A/IL1A	130
GO:0032946	positive regulation of mononuclear cell proliferation	53/2449	131/12472	2.96962958502974e-08	1.37114966012235e-06	9.210702288232e-07	IL15/CD80/CCL19/RIPK2/BCL6/CD38/NCK2/SLAMF1/CD274/HLA-DPB1/HLA-DPA1/CD40/TGFBR2/EBI3/PELI1/HLA-DMB/CD74/SLC39A10/CD86/TNFSF9/ZP3/GPAM/PNP/CD1D/ADA/IL2RA/CCL5/BCL2/CLCF1/LGALS9/LILRB2/SPN/IL12B/CD70/CLECL1P/PYCARD/AIF1/PDCD1LG2/GPR183/CD55/IL7/EPHB2/HES1/CCR2/IL18/IL23A/TNFSF4/HHLA2/LEP/NFATC2/CARD11/CSF1/IL1A	53
GO:0045619	regulation of lymphocyte differentiation	69/2449	188/12472	3.07282484375015e-08	1.40667092847229e-06	9.44931652356095e-07	PTPN2/IL15/CD80/SOCS1/IL15RA/CCL19/RIPK2/BATF/FOXO3/BCL6/JAK3/RASGRP1/ZC3H12A/HLX/PRKDC/TGFBR2/IL10/IL7R/FGL2/ZFP36L2/CD83/CD74/MMP14/CD86/INPP5D/TNFSF9/NFKBIZ/IRF4/RHOH/MDK/SHB/HLA-DRB1/PNP/ID2/HLA-DRA/RUNX1/ADA/IL2RA/VSIR/LGALS9/LILRB2/LOXL3/IL12B/ADAM8/GLI3/TESPA1/ASCL2/LAG3/SLAMF8/IL1RL2/IL7/IFNG/IL27/IRF1/CCR2/INHBA/VNN1/HLA-DOA/IL18/CR1/IKZF3/IL23A/NFAM1/TNFSF4/TBX21/ZEB1/IL36B/CARD11/NLRP3	69
GO:0002764	immune response-regulating signaling pathway	133/2449	438/12472	3.23176423262538e-08	1.46689230762216e-06	9.85385383328594e-07	VAV2/PTPN2/BTN2A1/CCR7/RFTN1/RELA/RIPK2/NFKBIA/CASP1/TBK1/CACNB3/CD38/TRIM25/MYO1G/FLOT1/ACOD1/PIK3AP1/PHPT1/LCP2/MAPKAPK2/ZC3H12A/LILRA4/TNFAIP3/NECTIN2/HCK/TKFC/HLA-DPB1/CD40/TLR1/RABGEF1/PELI1/NR4A3/FOSL2/TNIP1/FPR2/NINJ1/DHX58/MEFV/RAB7B/CGAS/FCER1G/PHB1/EIF2B3/SLC39A10/NFKB1/TNIP2/TRGC1/LYN/IRF7/PAK1/PDE4B/INPP5D/CLEC7A/NFKBIZ/IRF4/PRKCH/SHB/HLA-DRB1/PLSCR1/TIFA/ZNRF1/LILRB1/GBP1/GBP2/ADA/RNF125/IRAK2/HLA-DQB1/TNF/FOSL1/TNIP3/BCL2/SCIMP/MIR146A/AIM2/TLR2/LILRB2/LIMK1/FFAR2/BIRC3/PDE4D/NR1D1/RSAD2/TYRO3/IFIH1/TLR5/TESPA1/PYCARD/CD226/TLR10/EIF2AK2/FCN1/RIGI/OASL/TREM2/TRGC2/PRAM1/IRF1/CD19/CD200R1/CD36/TLR7/FCN2/CLEC4E/FPR3/LAT/MNDA/LIPA/KCNN4/GBP5/BANK1/BLNK/CR1/STAP1/NFAM1/GCSAM/HHLA2/SLA2/CEACAM1/TRAT1/YES1/ITK/NFATC2/KLRC1/CR2/CARD11/COLEC12/NLRP3/CD79A/LGR4/MIR34A/LAX1/BTLA	133
GO:0043367	CD4-positive, alpha-beta T cell differentiation	40/2449	88/12472	3.2725084772896e-08	1.4729038154927e-06	9.89423615690037e-07	CD80/SOCS1/CCL19/RIPK2/CTSL/BATF/BCL6/JAK3/SOCS3/PTGER4/ZC3H12A/HLX/STAT4/ENTPD7/RELB/CD83/CD86/NFKBIZ/IRF4/SHB/HLA-DRB1/HLA-DRA/RUNX1/LGALS9/SPN/LOXL3/IL12B/RSAD2/FUT7/ASCL2/GPR183/IFNG/IL27/IL18/IL23A/TNFSF4/TBX21/LY9/NLRP3/IL18R1	40
GO:0051960	regulation of nervous system development	101/2449	310/12472	3.3691455293097e-08	1.48020812410191e-06	9.94330287366911e-07	ULK2/HIF1A/RELA/SLC7A5/RAPGEF2/TIAM2/EZH2/BAIAP2/SEMA4B/HAPLN3/SEMA3C/ACE/LPAR3/SEMA4D/CDK5/VEGFA/EEF2K/TNFRSF1B/EPHB1/CDKN2B/DLL4/SMURF1/LDLR/DYNLT1/VCAN/FLRT2/LYN/WNT5A/TGM2/NTN1/PRKCH/MDK/AGRN/PLXNB1/AMIGO2/TP53/MAP3K13/LRP8/ID2/SERPINE2/CYSLTR1/BHLHE40/CDH1/TNF/IL1RAP/CLCF1/MIR146A/TLR2/FZD4/LIMK1/PLXNA1/ETV5/TG/NR1D1/SEMA4C/DLG5/GLI3/FGF13/ASCL2/ADGRB1/RGS14/SEMA3A/TREM2/SHOX2/FAIM/RTN4R/IFNG/EPHB2/HES1/SEMA3B/LRRN3/LTA/ROBO1/MYRF/ZNF365/SERPINF1/CLSTN3/SEMA6B/SEMA6A/DRAXIN/CX3CR1/GFAP/LHX2/HAPLN4/ITPKA/PLXNA4/KIF14/PTPN13/MME/GATA2/EPHB3/LIF/MCF2/HEY1/SOX8/LRP4/DLL1/DBN1/SORL1/SLITRK4/WASF3	101
GO:0034612	response to tumor necrosis factor	77/2449	218/12472	3.39632628198967e-08	1.48020812410191e-06	9.94330287366911e-07	PTPN2/CCL15/CCL14/CASP4/RFFL/CCL23/RELA/CCL19/CCL18/FOXO3/NFKBIA/CASP1/MAP3K5/CARD16/CARD14/CEBPA/ACOD1/MAPKAPK2/ZC3H12A/TRAF3IP2/TNFAIP3/CASP3/CD40/TNFRSF1B/TANK/ZFP36L2/IL18BP/GCH1/ASS1/NFKB1/PCK2/TP53/TRAF1/CTSK/GBP1/GBP2/CCL1/CCL5/TNF/EDN1/CCL4/TRAF5/GBP3/AIM2/SPHK1/BIRC3/CD70/NR1D1/PYCARD/AKAP12/AFF3/CCL8/EXT1/CCL17/CCL3/CCL4L1/ZFP36/HES1/SLC22A5/CCL2/NKX3-1/COL1A1/OCSTAMP/EDA2R/CX3CR1/CXCL8/DCSTAMP/ST18/BIRC7/CCL13/CCL22/CRHBP/CCL3L1/CCL3L3/THBS1/SMPD3/MIR34A	77
GO:0010038	response to metal ion	86/2449	252/12472	3.39852443317848e-08	1.48020812410191e-06	9.94330287366911e-07	HIF1A/SLC11A2/CLIC4/MAP1LC3A/NDRG1/CEBPA/ABAT/GPI/CASP3/NPC1/P2RX4/CALM2/SLC39A8/EEF2K/MTF1/UROS/SLC41A1/ANXA11/ALAD/ASS1/PPIF/FBP1/WNT5A/ZNF658/RASA4/GCLC/ATP5F1D/NUDT1/CPNE9/RASA4B/RYR1/PLSCR1/TNNT2/FECH/KCNQ3/HVCN1/BACE1/CDH1/EDN1/KCNMA1/FXN/HAAO/BCL2/NEDD4/NQO1/KCNMB1/TRPV6/LTA4H/TNFRSF11B/TRPM2/CAT/MT1F/BMP6/HAMP/MT2A/RASAL1/HFE/KCNJ10/LGMN/UCP2/CPNE4/ANK3/SERPINF1/ALOX15/ALOX5AP/SLC11A1/CYBRD1/SYT1/KHK/ITPKA/IMPA2/CPNE5/ITPR3/SLC40A1/NFATC2/MT1M/CRHBP/MT1E/CDK1/SYT6/SUCNR1/THBS1/SMPD3/MAOB/IL1A/TTN	86
GO:0050671	positive regulation of lymphocyte proliferation	52/2449	128/12472	3.39928303331842e-08	1.48020812410191e-06	9.94330287366911e-07	IL15/CD80/CCL19/RIPK2/BCL6/CD38/NCK2/SLAMF1/CD274/HLA-DPB1/HLA-DPA1/CD40/TGFBR2/EBI3/PELI1/HLA-DMB/CD74/SLC39A10/CD86/TNFSF9/ZP3/GPAM/PNP/CD1D/ADA/IL2RA/CCL5/BCL2/CLCF1/LGALS9/LILRB2/SPN/IL12B/CD70/CLECL1P/PYCARD/AIF1/PDCD1LG2/GPR183/CD55/IL7/EPHB2/HES1/CCR2/IL18/IL23A/TNFSF4/HHLA2/LEP/NFATC2/CARD11/IL1A	52
GO:0030098	lymphocyte differentiation	116/2449	370/12472	3.67915691631019e-08	1.58915842288366e-06	1.06751768590392e-06	PTPN2/IL15/TPD52/CD80/SOCS1/CCR7/IL15RA/RUNX2/CCL19/RIPK2/CTSL/BATF/FOXO3/BCL6/EZH2/JAK3/SOCS3/PTGER4/SLAMF1/RASGRP1/ZC3H12A/HLX/TRAF3IP2/PRKDC/TGFBR2/STAT4/FOSL2/IL10/ENTPD7/DLL4/RELB/IL7R/KLF6/FGL2/ZFP36L2/CD4/CD83/CD74/MMP14/CDK6/FCER1G/HHEX/CMTM7/CD86/INPP5D/TNFSF9/NFKBIZ/IRF4/RHOH/MDK/SHB/HLA-DRB1/PNP/TP53/CD1D/TNFRSF9/ID2/HLA-DRA/RUNX1/ADA/IL2RA/VSIR/BCL2/CLCF1/LGALS9/LILRB2/SPN/LOXL3/IL12B/ADAM8/RSAD2/TYRO3/GLI3/TESPA1/FUT7/MFNG/ASCL2/LAG3/GPR183/SLAMF8/IL1RL2/IL7/IFNG/IL27/IRF1/CD19/CLEC4E/CCR6/LIPA/CCR2/INHBA/VNN1/HLA-DOA/BLNK/IL18/CR1/IKZF3/IL23A/NFAM1/TNFSF4/ITGA4/HDAC9/TBX21/ZEB1/IL36B/DLL1/LEP/ITK/KLRC1/CR2/CARD11/LY9/NLRP3/IL18R1/CD79A/IL1A	116
GO:0046632	alpha-beta T cell differentiation	48/2449	115/12472	4.14798086609423e-08	1.76322107292069e-06	1.18444432751128e-06	CD80/SOCS1/CCL19/RIPK2/CTSL/BATF/BCL6/JAK3/SOCS3/PTGER4/ZC3H12A/HLX/TGFBR2/STAT4/FOSL2/ENTPD7/RELB/CD83/CD86/NFKBIZ/IRF4/SHB/HLA-DRB1/PNP/HLA-DRA/RUNX1/ADA/BCL2/LGALS9/SPN/LOXL3/IL12B/RSAD2/GLI3/FUT7/ASCL2/GPR183/IFNG/IL27/IRF1/IL18/IL23A/TNFSF4/TBX21/ITK/LY9/NLRP3/IL18R1	48
GO:0051048	negative regulation of secretion	48/2449	115/12472	4.14798086609423e-08	1.76322107292069e-06	1.18444432751128e-06	ABAT/PIM3/CD200/CYP51A1/RABGEF1/TNFRSF1B/HMGCR/PNKD/FOXF1/CD74/ADTRP/MIDN/VAMP8/ADORA1/NDUFAF2/LILRB1/OSM/ADA/KLF7/HADH/TNF/EDN1/DCANP1/CD84/LGALS9/MIR146A/PLA2R1/TIFAB/FFAR2/IL12B/RHBDF1/RSAD2/FRMD4A/P2RY1/APOE/IRS1/PDE8B/ACVR1C/UCP2/CCR2/INHBA/FFAR4/LIF/CEACAM1/LEP/CRHBP/NMB/MAOB	48
GO:0010817	regulation of hormone levels	104/2449	323/12472	4.18316460249978e-08	1.76417555992038e-06	1.18508550446285e-06	HIF1A/NDST2/ATP6AP2/SLC7A5/SRD5A3/ECE1/CTSL/CD38/SLC9B2/ABAT/ACE/PIM3/NR3C1/PDGFRA/SLC39A14/PFKFB2/GCNT4/ADM/DHCR7/CHRM3/RDH13/NFKB1/DPP4/LYN/RETN/SRD5A1/MIDN/HLA-DRB1/HPN/PCK2/TM7SF3/VAMP8/ADORA1/F2RL2/AKR1B1/NDUFAF2/ALDH1A1/ERO1B/CYP27B1/CTSK/OSM/KLF7/SLC16A1/ACSL4/HSD17B4/HADH/CCL5/TNF/DUOX2/EDN1/TRPV6/TIPARP/FZD4/PLCB1/PLB1/FFAR2/CYP3A7/IL1RN/TG/BMP6/NR1D1/SLC7A8/DHRS9/C1QTNF1/HFE/TRPM4/P2RY1/HCAR2/IFNG/SLCO4A1/IRS1/PDE8B/SLC16A10/ACVR1C/SCG5/UCP2/FFAR3/DHRS11/EDNRB/DGAT2/NKX3-1/KCNQ1/STX1A/INHBA/FFAR1/DKK3/RDH12/PPARG/MME/EXOC3L1/DHRS3/FFAR4/LIF/CRYM/SOX8/LRP5/TRPV4/LEP/CRHBP/NMB/PCSK4/PTPRN2/SMPD3/PCSK6	104
GO:0006694	steroid biosynthetic process	50/2449	122/12472	4.4333640719787e-08	1.85508577886859e-06	1.24615447352165e-06	INSIG2/SRD5A3/LSS/CYB5R3/MSMO1/HMGCS1/STARD4/IDI1/SQLE/SC5D/NR3C1/FDFT1/CYP51A1/HSD3B7/HMGCR/ADM/ERG28/FDPS/MVD/CYP7B1/DHCR7/NFKB1/MVK/SRD5A1/SCP2/AKR1B1/FAXDC2/CYP27B1/INSIG1/FDXR/TNF/OSBPL3/CYP3A7/BMP6/NR1D1/CYB5R2/SLC27A2/OSBPL1A/APOE/IFNG/PDE8B/DHRS11/LIPA/IGFBP7/SNAI1/CH25H/DKK3/SEC14L2/LEP/IL1A	50
GO:0030217	T cell differentiation	92/2449	277/12472	4.98840000301413e-08	2.0711527454375e-06	1.39129752838044e-06	PTPN2/IL15/CD80/SOCS1/CCR7/RUNX2/CCL19/RIPK2/CTSL/BATF/FOXO3/BCL6/JAK3/SOCS3/PTGER4/RASGRP1/ZC3H12A/HLX/TRAF3IP2/PRKDC/TGFBR2/STAT4/FOSL2/ENTPD7/DLL4/RELB/IL7R/FGL2/ZFP36L2/CD4/CD83/CD74/CDK6/FCER1G/CD86/TNFSF9/NFKBIZ/IRF4/RHOH/MDK/SHB/HLA-DRB1/PNP/TP53/CD1D/TNFRSF9/HLA-DRA/RUNX1/ADA/IL2RA/VSIR/BCL2/LGALS9/LILRB2/SPN/LOXL3/IL12B/ADAM8/RSAD2/GLI3/TESPA1/FUT7/ASCL2/LAG3/GPR183/IL1RL2/IL7/IFNG/IL27/IRF1/CLEC4E/CCR6/LIPA/CCR2/VNN1/HLA-DOA/IL18/CR1/IKZF3/IL23A/TNFSF4/TBX21/ZEB1/IL36B/LEP/ITK/KLRC1/CARD11/LY9/NLRP3/IL18R1/IL1A	92
GO:0016125	sterol metabolic process	44/2449	103/12472	6.67294790645394e-08	2.74925453745902e-06	1.84681262706555e-06	INSIG2/LSS/CYB5R3/MSMO1/HMGCS1/STARD4/IDI1/CEBPA/SQLE/SC5D/FDFT1/NPC1/CYP51A1/HMGCR/ERG28/FDPS/LDLR/MVD/CYP7B1/SOAT1/DHCR7/MVK/APOL2/FAXDC2/SCARF1/INSIG1/FECH/FDXR/OSBPL5/ABCA5/APOC1/TTC39B/CAT/APOL1/SCARB1/CYB5R2/OSBPL1A/APOE/LIPA/CH25H/SEC14L2/LRP5/LEP/EPHX2	44
GO:0002573	myeloid leukocyte differentiation	70/2449	195/12472	6.81438380390275e-08	2.78609463005367e-06	1.8715599712125e-06	PTPN2/IL15/SOCS1/CCR7/GPR137B/CCL19/SNX10/BATF/CEBPA/SLC9B2/MITF/CSF2/NR3C1/EVI2B/PPARGC1B/VEGFA/TGFBR2/BATF3/FOSL2/FAM20C/RELB/CD4/CD74/IL31RA/CDK6/CBFA2T3/ERFE/NDP/LYN/IRF7/TRIB1/INPP5D/IRF4/CD101/FES/SBNO2/HLA-DRB1/ID2/LILRB1/RUNX1/TNFAIP6/TNF/TLR2/TNFRSF11B/IL12B/ITGB8/CTNNBIP1/TREM2/FASN/GPR183/IFNG/CCL3/CSF1R/EPHA2/SIGLEC15/UCP2/CEBPE/NEDD9/C1QC/INHBA/OCSTAMP/BATF2/DCSTAMP/PPARG/IL23A/GATA2/LIF/CEACAM1/FBN1/CSF1	70
GO:0002294	CD4-positive, alpha-beta T cell differentiation involved in immune response	34/2449	71/12472	7.16621785305045e-08	2.90774718340441e-06	1.95328011337531e-06	CD80/CCL19/RIPK2/BATF/BCL6/JAK3/SOCS3/PTGER4/ZC3H12A/HLX/STAT4/ENTPD7/RELB/CD86/NFKBIZ/IRF4/SHB/HLA-DRB1/HLA-DRA/LGALS9/SPN/LOXL3/IL12B/ASCL2/GPR183/IFNG/IL27/IL18/IL23A/TNFSF4/TBX21/LY9/NLRP3/IL18R1	34
GO:0071675	regulation of mononuclear cell migration	46/2449	110/12472	7.37675424256967e-08	2.97066885136866e-06	1.99554776423452e-06	CCR7/IL27RA/CXCL13/SLAMF1/CD200/FPR2/ADTRP/LYN/WNT5A/ABL2/MDK/CCL1/CCL5/TNF/CCL4/GREM1/LGALS9/MIR146A/PLCB1/DUSP1/SPN/ADAM8/PYCARD/ASCL2/AIF1/RIPOR2/SLAMF8/CCL3/CD200R1/CSF1R/LGMN/CCL2/CCR6/NEDD9/CCR2/CX3CR1/ITGB3/DEFB124/ITGA4/GCSAM/SERPINE1/TRPV4/APOD/THBS1/CSF1/CXCL10	46
GO:0002768	immune response-regulating cell surface receptor signaling pathway	98/2449	303/12472	8.03629498859239e-08	3.21211910141051e-06	2.15774204799755e-06	VAV2/PTPN2/BTN2A1/CCR7/RFTN1/RELA/RIPK2/NFKBIA/CACNB3/CD38/MYO1G/ACOD1/PIK3AP1/PHPT1/LCP2/ZC3H12A/LILRA4/TNFAIP3/NECTIN2/HCK/HLA-DPB1/CD40/TLR1/RABGEF1/PELI1/NR4A3/FOSL2/FPR2/NINJ1/RAB7B/FCER1G/EIF2B3/SLC39A10/NFKB1/TNIP2/TRGC1/LYN/PAK1/PDE4B/INPP5D/CLEC7A/NFKBIZ/PRKCH/SHB/HLA-DRB1/PLSCR1/ZNRF1/LILRB1/GBP1/ADA/IRAK2/HLA-DQB1/TNIP3/BCL2/SCIMP/MIR146A/TLR2/LILRB2/LIMK1/FFAR2/PDE4D/NR1D1/TLR5/TESPA1/CD226/FCN1/TREM2/TRGC2/PRAM1/CD19/CD200R1/FCN2/CLEC4E/FPR3/LAT/MNDA/LIPA/KCNN4/BANK1/BLNK/CR1/STAP1/NFAM1/GCSAM/HHLA2/SLA2/CEACAM1/TRAT1/YES1/ITK/NFATC2/KLRC1/CR2/CARD11/CD79A/MIR34A/LAX1/BTLA	98
GO:0071695	anatomical structure maturation	61/2449	163/12472	8.5321163014925e-08	3.38503814154028e-06	2.27390046927886e-06	IL15/HIF1A/ATP6AP2/RUNX2/CCL19/SNX10/INSL3/HEATR3/GPAT4/CEBPA/TDRD7/SEMA4D/ABHD2/VEGFA/B4GALT5/BRCA2/FAM20C/RPS6KA2/WNT5A/CLEC7A/RYR1/REC8/AGRN/SHB/PLXNB1/MAP3K13/AKR1B1/SCARF1/KCNQ3/EDN1/BCL2/GREM1/RND1/FAM210B/TDRKH/NRCAM/EXT1/KCNE1/DCHS1/HES1/TFCP2L1/SPTBN4/ACVRL1/CCR6/EDNRB/PHOSPHO1/CABYR/C1QA/CX3CR1/EREG/PPARG/KIF14/B4GALT6/GATA2/SOX8/LEP/GDF11/MMP2/PCSK4/SEMG2/NR4A2	61
GO:0008203	cholesterol metabolic process	41/2449	94/12472	9.23797943634008e-08	3.63813366625276e-06	2.4439174700782e-06	INSIG2/LSS/CYB5R3/MSMO1/HMGCS1/STARD4/IDI1/CEBPA/SQLE/SC5D/FDFT1/NPC1/CYP51A1/HMGCR/FDPS/LDLR/MVD/CYP7B1/SOAT1/DHCR7/MVK/APOL2/SCARF1/INSIG1/FECH/FDXR/OSBPL5/ABCA5/APOC1/TTC39B/CAT/APOL1/SCARB1/OSBPL1A/APOE/LIPA/CH25H/SEC14L2/LRP5/LEP/EPHX2	41
GO:0034330	cell junction organization	141/2449	479/12472	1.03308770376429e-07	4.03884506668724e-06	2.71309548326264e-06	ACHE/LAMA3/NEFH/PFN2/RAPGEF2/ITGA5/CACNB3/SLC8A3/BAIAP2/FLOT1/RCC2/NRP2/ACE/RAB13/TLN2/HDAC7/SEMA4D/CDK5/VEGFA/GJB2/EEF2K/EPHB1/IL10/SDC4/RDX/CHCHD10/MMP14/FLRT2/ABHD17C/OPHN1/WNT5A/PTPRF/NTN1/PRKCH/DST/MYO1C/AGRN/PLXNB1/AMIGO2/SORT1/CAMK1/LRP8/UNC13A/NFIA/CDH1/FMN1/TNF/ARHGAP22/BCL2/NEDD4/GREM1/SRGN/IL1RAP/PLEKHA7/TLR2/PERP/LILRB2/HEG1/PECAM1/FSCN1/ABI3/KIFC3/MTSS1/BMP6/MDGA1/AFDN/PTPRO/CTTN/DLG5/FGF13/EPB41L5/FERMT2/VCL/SYN1/TANC1/SYNPO/NRCAM/ADGRB1/CTTNBP2/EXT1/ITGAM/TREM2/TJP2/AJM1/APOE/NRXN2/WASF1/EPHB2/CD9/CSF1R/EPHA2/ZNF703/LGMN/DLC1/LRRN3/RHOC/ANK3/SPTBN4/ACVRL1/ZNF365/ITGA6/NEDD9/C1QC/CLSTN3/NTNG2/SNAI1/LRFN4/ITGA2/SORBS1/C1QA/CX3CR1/NPHP1/ELFN1/HAPLN4/SEZ6L2/FARP1/ITGA3/ITPKA/APBB2/ITGB3/PLXNA4/PTPN13/SDK1/EPHB3/SLC7A11/RAB39B/TJP1/DSP/CLDN7/LRP4/TRPV4/APOD/DBN1/PTPRK/ESAM/SLITRK4/ANK2/LAMA5/THBS1/WASF3/PPFIA4	141
GO:0032609	type II interferon production	43/2449	101/12472	1.05491900815617e-07	4.06485338682333e-06	2.73056658074803e-06	CCR7/SLC7A5/IL27RA/RIPK2/SLAMF1/RASGRP1/ZC3H12A/CD274/HLA-DPB1/HLA-DPA1/EBI3/IL10/WNT5A/PDE4B/CLEC7A/ZP3/HLA-DRB1/LILRB1/IL36RN/TNF/LGALS9B/VSIR/LGALS9/IL12B/PDE4D/PYCARD/CD226/PDCD1LG2/IL12RB2/IL27/TLR7/LTA/LGALS9C/CCR2/INHBA/SLC11A1/ISG15/IL18/CR1/IL23A/TNFSF4/IL18R1/CD96	43
GO:0032649	regulation of type II interferon production	43/2449	101/12472	1.05491900815617e-07	4.06485338682333e-06	2.73056658074803e-06	CCR7/SLC7A5/IL27RA/RIPK2/SLAMF1/RASGRP1/ZC3H12A/CD274/HLA-DPB1/HLA-DPA1/EBI3/IL10/WNT5A/PDE4B/CLEC7A/ZP3/HLA-DRB1/LILRB1/IL36RN/TNF/LGALS9B/VSIR/LGALS9/IL12B/PDE4D/PYCARD/CD226/PDCD1LG2/IL12RB2/IL27/TLR7/LTA/LGALS9C/CCR2/INHBA/SLC11A1/ISG15/IL18/CR1/IL23A/TNFSF4/IL18R1/CD96	43
GO:0071363	cellular response to growth factor stimulus	139/2449	471/12472	1.07803713479026e-07	4.12426206709758e-06	2.77047438098729e-06	HIF1A/SINHCAF/TWSG1/RELA/KL/RUNX2/RAPGEF2/ITGA5/BAIAP2/CFLAR/TGIF1/NRP2/SAP30/CXCL13/BMP10/MAPKAPK2/PTPN1/NR3C1/GCLM/OVOL2/CASP3/PDGFRA/PALS1/VEGFA/TGFBR2/EEF2K/ADGRA2/TNFRSF1B/CDKN2B/IL10/DDIT4/FAM20C/DLL4/SMURF1/RDX/KNSTRN/ZFP36L2/ACVR1B/FSTL1/CD44/FLRT2/SPRED3/ACTA2/NDP/HHEX/WNT5A/TAB1/GCLC/SRD5A1/NFKBIZ/EHD1/SNX25/MYO1C/SORT1/TP53/HIVEP1/BAMBI/LRP8/MAP2K3/JCAD/PML/CTSK/TNFAIP6/NFIA/CCL5/EDN1/SULF2/SPRED2/NEDD4/GREM1/CLEC3B/MIR146A/FZD4/SPHK1/ADISSP/PELO/IL12B/CAT/ITGB8/MIR4632/BMP6/CSNK1E/PTP4A3/GRB10/HIPK2/EPB41L5/FERMT2/HFE/GALNT3/EXT1/HGF/VTN/LRG1/WASF1/MTSS2/ACVR1C/ZFP36/ZNF703/LGMN/HES1/DDR2/NREP/CCL2/ROBO1/SOX5/ACVRL1/GPC1/KCP/FEZ1/VASN/SEMA6A/COL1A1/HTRA4/RAP1GAP/CX3CR1/CXCL8/DKK3/HTRA3/ITGA3/DCSTAMP/DOCK3/PPARG/ITGB3/PDGFRB/ITGB5/NGFR/EMILIN1/PDE2A/ZEB1/DLL1/YES1/NR4A1/PTPRK/SORL1/FBN1/HAS1/THBS1/SMPD3/PCSK6	139
GO:0030336	negative regulation of cell migration	79/2449	231/12472	1.10235858229225e-07	4.13227416161736e-06	2.77585650807911e-06	ADARB1/DNAI3/SINHCAF/RAP2C/CLIC4/PFN2/IL27RA/JAG1/FOXO3/STK26/MITF/PTGER4/SAP30/KANK1/CXCL13/BMP10/GADD45A/CD200/ABHD2/RABGEF1/DLL4/ADAM15/CD74/ADTRP/DPP4/TRIB1/VASH1/C5/ADORA1/ADA/ARHGDIB/TNFAIP6/CDH1/TNF/ARPIN/BCL2/GREM1/MIR146A/PLCB1/DUSP1/EVL/RAP2B/IFITM1/AFDN/DLG5/MIR22/STARD13/VCL/ADGRB1/AIF1/RIPOR2/ATP1B2/SLAMF8/APOE/CD200R1/CYGB/ACVR1C/DLC1/CCL2/NAV3/ROBO1/ACVRL1/NEDD9/SERPINF1/ADORA3/CX3CR1/PPARG/IGFBP3/STAP1/GCSAM/NGFR/EMILIN1/SERPINE1/TMIGD3/APOD/PTPRK/HAS1/THBS1/MIR34A	79
GO:0002287	alpha-beta T cell activation involved in immune response	34/2449	72/12472	1.10327708198522e-07	4.13227416161736e-06	2.77585650807911e-06	CD80/CCL19/RIPK2/BATF/BCL6/JAK3/SOCS3/PTGER4/ZC3H12A/HLX/STAT4/ENTPD7/RELB/CD86/NFKBIZ/IRF4/SHB/HLA-DRB1/HLA-DRA/LGALS9/SPN/LOXL3/IL12B/ASCL2/GPR183/IFNG/IL27/IL18/IL23A/TNFSF4/TBX21/LY9/NLRP3/IL18R1	34
GO:0002293	alpha-beta T cell differentiation involved in immune response	34/2449	72/12472	1.10327708198522e-07	4.13227416161736e-06	2.77585650807911e-06	CD80/CCL19/RIPK2/BATF/BCL6/JAK3/SOCS3/PTGER4/ZC3H12A/HLX/STAT4/ENTPD7/RELB/CD86/NFKBIZ/IRF4/SHB/HLA-DRB1/HLA-DRA/LGALS9/SPN/LOXL3/IL12B/ASCL2/GPR183/IFNG/IL27/IL18/IL23A/TNFSF4/TBX21/LY9/NLRP3/IL18R1	34
GO:0002460	adaptive immune response based on somatic recombination of immune receptors built from immunoglobulin superfamily domains	96/2449	297/12472	1.12538711887374e-07	4.18581486714428e-06	2.81182249437898e-06	CD80/RFTN1/IL27RA/CCL19/RIPK2/NBN/JAG1/BATF/C1RL/BCL6/JAK3/ICAM1/MYO1G/CLU/SOCS3/NFKB2/CXCL13/SLAMF1/ZC3H12A/CD274/CARD9/HLX/MAD2L2/TRAF3IP2/TNFAIP3/NECTIN2/CD40/EBI3/STAT4/TNFRSF1B/IL10/ENTPD7/RELB/IL7R/CD4/IL18BP/CD74/PVR/FCER1G/PHB1/IRF7/MICA/INPP5D/CLEC7A/NFKBIZ/IRF4/ZP3/C5/HLA-DRB1/C1S/CD1D/HLA-DRA/LILRB1/ADA/C1R/TNF/CLCF1/SPN/LOXL3/CD1E/IL12B/CD70/RSAD2/FUT7/CD226/ASCL2/HFE/TRPM4/TREM2/CD55/IL27/EPHB2/CD19/CSF2RB/GAPT/LTA/CCR6/C1QC/PRF1/CCR2/C1QA/SLC11A1/IL18/CR1/IL23A/TNFSF4/C2/SLA2/TBX21/CEACAM1/KLRC1/CR2/LY9/NLRP3/IL2RB/IL18R1	96
GO:0042327	positive regulation of phosphorylation	143/2449	488/12472	1.13364325880737e-07	4.18744365115331e-06	2.81291663056523e-06	FAM20A/IL15/CD80/CCR7/RAP2C/PFN2/RAPGEF2/CCL19/RIPK2/NBN/ITGA5/MAP3K4/EZH2/TBK1/MAP3K5/CARD14/CLU/FLOT1/FNIP2/ACE/LCP2/RASGRP1/CSF2/PTPN1/MAD2L2/SEMA4D/NIBAN1/PPARGC1B/LIMK2/PDGFRA/CD40/VEGFA/TGFBR2/CALM2/FPR2/CD4/CD74/IL31RA/CD44/PHB1/ADTRP/NAB2/LYN/TXN/PAK1/CD86/TRIM65/WNT5A/TAB1/DIPK2A/HLA-DRB1/PDGFA/TGFA/TP53/CAMK1/PRR5/MAP3K13/LRP8/MAP2K3/ENPP2/FAXDC2/LILRA5/DDR1/OSM/MAPRE3/PLAUR/PARP14/CCL5/TNF/EDN1/BCL2/GREM1/CLCF1/PDGFC/SPHK1/SPN/ALK/PECAM1/SH2D3A/PSRC1/RAP2B/IL12B/BMP6/ADAM8/TYRO3/SASH1/HIPK2/GPNMB/FERMT2/PARP9/HGF/VTN/P2RY1/TREM2/GPRC5B/IFNG/IRS1/CD19/CD36/SMYD3/CSF1R/EPHA2/ARHGEF5/TMEM119/DUSP19/HES1/CLSPN/DDR2/LAT/SNX9/HBEGF/ROBO1/CAMKK1/ITGA6/EDNRB/NEDD9/NKX3-1/INHBA/BANK1/CEMIP/SLC11A1/CX3CR1/EREG/IL18/ITGB3/HTR2B/IL23A/KIF14/PDGFRB/IQGAP3/LIF/CCND2/CASS4/AREG/LRP4/YES1/LEP/MET/LTK/S100A12/THBS1/CSF1/DLG3	143
GO:0043370	regulation of CD4-positive, alpha-beta T cell differentiation	28/2449	54/12472	1.21123217543551e-07	4.44339693947438e-06	2.98485333499537e-06	CD80/SOCS1/CCL19/RIPK2/BATF/BCL6/JAK3/ZC3H12A/HLX/CD83/CD86/NFKBIZ/IRF4/SHB/HLA-DRB1/HLA-DRA/RUNX1/LGALS9/LOXL3/IL12B/ASCL2/IFNG/IL27/IL18/IL23A/TNFSF4/TBX21/NLRP3	28
GO:0034103	regulation of tissue remodeling	29/2449	57/12472	1.23938260609423e-07	4.51573689676238e-06	3.03344772476196e-06	IL15/GPR137B/TMBIM1/CD38/TNFAIP3/PPARGC1B/INPP5D/MDK/TP53/RUNX1/GREM1/TNFRSF11B/IL12B/ADAM8/HAMP/GPNMB/CST3/CSF1R/TMEM119/DDR2/SIGLEC15/IL18/DCSTAMP/PPARG/ITGB3/IL23A/CEACAM1/LEP/MIR34A	29
GO:0051607	defense response to virus	92/2449	282/12472	1.27949045858963e-07	4.59929590349398e-06	3.08957851463041e-06	IL15/ADARB1/RELA/CASP1/TBK1/TRIM25/ACOD1/ZC3H12A/MLKL/CARD9/LILRA4/TRAF3IP2/TNFAIP3/TKFC/CD40/TANK/DDIT4/DHX58/MEFV/RAB7B/FGL2/RNASE6/ISG20/CGAS/PHB1/NDUFAF4/IRF7/AKAP1/DDX60L/TRIM65/PMAIP1/IFIT5/MICA/DUS2/NT5C3A/GPAM/PLSCR1/VAMP8/NLRC5/PML/TSPAN32/ZNFX1/LILRB1/GBP1/GBP2/DTX3L/MOV10/RNF125/USP27X/TNF/USP18/BCL2/RTP4/MMP12/IFI27/APOBEC3F/GBP3/AIM2/TLR2/EXOSC5/SPN/IL12B/RSAD2/IFITM1/IFIH1/PYCARD/PARP9/APOBEC3G/EIF2AK2/RIGI/OASL/TREM2/IFNG/IL27/IRF1/ZBP1/TLR7/PRF1/IFITM3/IFIT3/MX1/GBP5/MX2/ISG15/GBP7/IL23A/IFI44L/HERC5/NMB/IFIT1/IFIT1B/CXCL10	92
GO:0140546	defense response to symbiont	92/2449	282/12472	1.27949045858963e-07	4.59929590349398e-06	3.08957851463041e-06	IL15/ADARB1/RELA/CASP1/TBK1/TRIM25/ACOD1/ZC3H12A/MLKL/CARD9/LILRA4/TRAF3IP2/TNFAIP3/TKFC/CD40/TANK/DDIT4/DHX58/MEFV/RAB7B/FGL2/RNASE6/ISG20/CGAS/PHB1/NDUFAF4/IRF7/AKAP1/DDX60L/TRIM65/PMAIP1/IFIT5/MICA/DUS2/NT5C3A/GPAM/PLSCR1/VAMP8/NLRC5/PML/TSPAN32/ZNFX1/LILRB1/GBP1/GBP2/DTX3L/MOV10/RNF125/USP27X/TNF/USP18/BCL2/RTP4/MMP12/IFI27/APOBEC3F/GBP3/AIM2/TLR2/EXOSC5/SPN/IL12B/RSAD2/IFITM1/IFIH1/PYCARD/PARP9/APOBEC3G/EIF2AK2/RIGI/OASL/TREM2/IFNG/IL27/IRF1/ZBP1/TLR7/PRF1/IFITM3/IFIT3/MX1/GBP5/MX2/ISG15/GBP7/IL23A/IFI44L/HERC5/NMB/IFIT1/IFIT1B/CXCL10	92
GO:0002699	positive regulation of immune effector process	78/2449	228/12472	1.30393491557526e-07	4.65591693854739e-06	3.12761371328859e-06	CD80/SLC7A5/CCL19/RIPK2/PANX1/SLAMF1/RASGRP1/MAPKAPK2/CARD9/HLX/MAD2L2/GPI/NECTIN2/CD40/RABGEF1/NR4A3/IL10/DHX58/FOXF1/HLA-DMB/CD74/ITGB2/PVR/PHB1/LYN/CD86/WNT5A/MICA/CLEC7A/NFKBIZ/ZP3/FES/SHB/HLA-DRB1/VAMP8/CD1D/HLA-DRA/LILRB1/STXBP1/TNF/SCIMP/CLCF1/CD84/LGALS9/CD1E/FFAR2/IL12B/RSAD2/PYCARD/CD226/LAG3/FCN1/RIGI/HFE/ITGAM/TREM2/GPRC5B/CD55/IFNG/EPHB2/CD36/TLR7/FCN2/ADORA2B/FFAR3/LTA/CCR2/IL18/CR1/STAP1/IL23A/TNFSF4/GATA2/IL18RAP/TBX21/KLRC1/NLRP3/IL18R1	78
GO:0002366	leukocyte activation involved in immune response	85/2449	255/12472	1.33933986445916e-07	4.75066510863791e-06	3.1912608272718e-06	CD80/IL27RA/CCL19/RIPK2/NBN/BATF/BCL6/JAK3/ICAM1/SOCS3/PTGER4/SLAMF1/RASGRP1/ZC3H12A/HLX/MAD2L2/CD40/RABGEF1/STAT4/NR4A3/IL10/ENTPD7/RELB/FGL2/FOXF1/HLA-DMB/CD74/ITGB2/FCER1G/LYN/CD86/NFKBIZ/IRF4/MDK/FES/SBNO2/SHB/HLA-DRB1/TP53/VAMP8/ANXA3/HLA-DRA/LILRB1/STXBP1/ADA/NKG7/TNF/CLCF1/CD84/LGALS9/SPN/LOXL3/IL12B/PYCARD/MFNG/ASCL2/ITGAM/TREM2/CD180/GPR183/IFNG/IL27/PRAM1/CCL3/CD19/GAPT/ADORA2B/CLEC4E/LAT/CCR6/CCR2/SLC11A1/CX3CR1/IL18/CR1/IL23A/TNFSF4/GATA2/TBX21/CEACAM1/DLL1/LY9/NLRP3/SUCNR1/IL18R1	85
GO:0050920	regulation of chemotaxis	64/2449	176/12472	1.42980473031974e-07	5.03818035236349e-06	3.38439928547982e-06	PTPN2/CCR7/CCL19/SEMA4B/SEMA3C/CXCL13/SLAMF1/SEMA4D/PDGFRA/P2RX4/VEGFA/ADGRA2/FPR2/CD74/DPP4/LYN/CAMK1D/WNT5A/C5/MDK/CCL1/TNFAIP6/CCL5/EDN1/CCL4/GREM1/LGALS9/DUSP1/TUBB2B/SEMA4C/PTPRO/AIF1/RIPOR2/SEMA3A/TREM2/GPR183/SLAMF8/CCL3/CSF1R/LGMN/SEMA3B/CCL2/ROBO1/CCR6/NEDD9/SEMA6B/CCR2/SEMA6A/ITGA2/CX3CR1/CXCL8/STAP1/PLXNA4/IL23A/DEFB124/PDGFRB/SERPINE1/TRPV4/MET/SUCNR1/THBS1/CSF1/CXCL10/MIR34A	64
GO:1902652	secondary alcohol metabolic process	43/2449	102/12472	1.48054563131253e-07	5.18287738647708e-06	3.48159956506794e-06	INSIG2/LSS/CYB5R3/MSMO1/HMGCS1/STARD4/IDI1/CEBPA/SQLE/SC5D/FDFT1/NPC1/CYP51A1/HMGCR/FDPS/LDLR/MVD/CYP7B1/SOAT1/DHCR7/MVK/APOL2/CYP27B1/SCARF1/INSIG1/IDH2/FECH/FDXR/OSBPL5/ABCA5/APOC1/TTC39B/CAT/APOL1/SCARB1/OSBPL1A/APOE/LIPA/CH25H/SEC14L2/LRP5/LEP/EPHX2	43
GO:0007169	transmembrane receptor protein tyrosine kinase signaling pathway	129/2449	432/12472	1.50646672124882e-07	5.23937386948614e-06	3.51955109584993e-06	VAV2/PTPN2/HIF1A/SOCS1/RELA/KL/RUNX2/RAPGEF2/ITGA5/SNX5/JAK3/SOCS2/PTGIR/BAIAP2/SOCS3/NRP2/KANK1/NCK2/LCP2/MAPKAPK2/PTPN1/ERRFI1/ARID5B/HCK/CASP3/PDGFRA/VEGFA/SLC39A14/RABGEF1/NR4A3/ADGRA2/EPHB1/DDIT4/FAM20C/PLAT/SESN3/CSRNP1/CD4/IL31RA/FLRT2/ERFE/EPHB6/HHEX/LYN/PAK1/WNT5A/MYO1C/PDGFA/TGFA/SORT1/JCAD/MPZL1/DDR1/PLAUR/SULF2/EPHA10/NEDD4/HIP1/TIPARP/MIR146A/PDGFC/FZD4/PLCB1/ALK/IL12B/RHBDF1/MTSS1/DOK2/TYRO3/PTP4A3/GRB10/FUT7/PDK2/RGS14/GALNT3/EXT1/HGF/VTN/PDGFRL/SLC2A8/WASF1/EPHB2/IRS1/CHN1/CSF1R/EPHA2/LGMN/DDR2/FFAR3/HBEGF/ROBO1/GPC1/NEDD9/NKX3-1/SEMA6A/SORBS1/COL1A1/BLNK/REPS2/EREG/DOCK3/IGFBP3/STAP1/ITGB3/EFNA3/PDGFRB/CD7/EPHB3/IGFBP4/NGFR/FASLG/EMILIN1/ITGA1/CASS4/AREG/CEACAM1/TRAT1/DLL1/YES1/APOD/LEP/SORL1/MET/SAMD12/LTK/THBS1/MMP2/CSF1/SMPD3	129
GO:0045088	regulation of innate immune response	114/2449	371/12472	1.58294706646343e-07	5.46984805676007e-06	3.6743722058893e-06	PTPN2/CEP63/RFTN1/RELA/RIPK2/N4BP1/NFKBIA/CASP1/TBK1/TRIM25/FLOT1/ACOD1/PIK3AP1/RASGRP1/MAPKAPK2/PTPN1/CARD9/LILRA4/TNFAIP3/NECTIN2/HCK/TKFC/PRKDC/CD40/TLR1/PELI1/TNIP1/FPR2/NINJ1/DHX58/MEFV/RAB7B/SERPINB9/PVR/CGAS/PHB1/TNIP2/LYN/IRF7/PAK1/WNT5A/MICA/CLEC7A/NFKBIZ/IRF4/PLSCR1/NLRC5/CD1D/LRP8/TIFA/ZNRF1/ZNFX1/LILRB1/GBP2/RNF125/IRAK2/USP27X/PARP14/CCL5/TNF/FOSL1/TNIP3/USP18/MMP12/SCIMP/LGALS9/MIR146A/AIM2/TLR2/FFAR2/BIRC3/IL12B/ADAM8/NR1D1/RSAD2/TYRO3/IFIH1/TLR5/PYCARD/PARP9/A2M/CD226/TLR10/EIF2AK2/LAG3/FCN1/RIGI/OASL/TREM2/SLAMF8/APOE/IRF1/CD36/ZBP1/TLR7/FCN2/CLEC4E/MNDA/NCR1/GBP5/EREG/ISG15/CR1/PPARG/CFH/IL18RAP/VSIG4/CEACAM1/LEP/KLRC1/COLEC12/NLRP3/LGR4/CD96	114
GO:0002429	immune response-activating cell surface receptor signaling pathway	91/2449	280/12472	1.81859336035136e-07	6.24383720387299e-06	4.19429966645138e-06	VAV2/PTPN2/BTN2A1/CCR7/RFTN1/RELA/RIPK2/NFKBIA/CACNB3/CD38/MYO1G/ACOD1/PIK3AP1/PHPT1/LCP2/ZC3H12A/TNFAIP3/NECTIN2/HCK/HLA-DPB1/TLR1/RABGEF1/PELI1/NR4A3/FOSL2/FPR2/NINJ1/RAB7B/FCER1G/EIF2B3/SLC39A10/NFKB1/TNIP2/TRGC1/LYN/PAK1/PDE4B/INPP5D/CLEC7A/NFKBIZ/PRKCH/SHB/HLA-DRB1/PLSCR1/ZNRF1/GBP1/ADA/IRAK2/HLA-DQB1/TNIP3/BCL2/SCIMP/MIR146A/TLR2/LIMK1/FFAR2/PDE4D/NR1D1/TLR5/TESPA1/CD226/FCN1/TREM2/TRGC2/PRAM1/CD19/FCN2/FPR3/LAT/MNDA/LIPA/KCNN4/BANK1/BLNK/CR1/STAP1/NFAM1/GCSAM/HHLA2/SLA2/CEACAM1/TRAT1/YES1/ITK/NFATC2/KLRC1/CR2/CARD11/CD79A/MIR34A/LAX1	91
GO:0045596	negative regulation of cell differentiation	130/2449	438/12472	1.96842804694275e-07	6.71522332447475e-06	4.51095344582656e-06	PTPN2/NOCT/ULK2/SOCS1/SINHCAF/TWSG1/GPR137B/RAPGEF2/JAG1/NFKBIA/BCL6/EZH2/ITGAV/JAK3/NFATC3/CEBPA/SEMA4B/SEMA3C/ZC3H12A/HDAC7/HLX/MAD2L2/SEMA4D/OVOL2/CDK5/VEGFA/EPHB1/CDKN2B/FGL2/BCL7A/ZFP36L2/LDLR/DYNLT1/SUFU/CD74/CDK6/SPRED3/ERFE/LYN/TRIB1/WNT5A/INPP5D/NTN1/TSC22D1/MDK/SHB/ZHX2/HPN/SORT1/TP53/BAMBI/ID2/INSIG1/LILRB1/RUNX1/TNFAIP6/CDH1/TNF/MBNL3/SPRED2/GREM1/NOTCH3/MIR146A/ABCA5/TNFRSF11B/LOXL3/NR1D1/PLPP7/SEMA4C/GLI3/FGF13/FERMT2/ASCL2/LAG3/TRPM4/SEMA3A/TREM2/RTN4R/IFNG/CCL3/IRF1/EPHB2/PRAME/ZFP36/TMEM119/GPR171/HES1/SEMA3B/ACVRL1/LRP3/EDNRB/C1QC/SNAI1/SEMA6B/VASN/SEMA6A/DIXDC1/INHBA/TRIB2/DRAXIN/RAP1GAP/EREG/LHX2/IL18/CR1/PPARG/ITGB3/TNFSF4/GATA2/MCF2/TRIB3/HEY1/SOX8/S1PR3/TBX21/LRP5/ZEB1/AREG/TENT5C/CEACAM1/LRP4/TRPV4/DLL1/NFATC2/SORL1/FBN1/ISL2/GDF11/CXCL10/IL1A	130
GO:0009611	response to wounding	119/2449	393/12472	2.0366636046321e-07	6.90403181418324e-06	4.637785610015e-06	VAV2/HIF1A/SLC1A2/B4GALT1/ENPP4/ITGA5/TXN2/INSL3/CFLAR/KANK1/PRCP/SERPINA1/TNFAIP3/CASP3/PDGFRA/SIGLEC10/CD40/ABHD2/P2RX4/VEGFA/IL10/PLAT/SDC4/FZD6/ZFP36L2/FOXF1/CD44/FCER1G/ADTRP/ST3GAL4/NDP/LYN/PAK1/WNT5A/CLEC7A/PTPRF/NFKBIZ/VASH1/MDK/DST/PDGFA/PROCR/PLSCR1/PDPN/F2RL2/SERPINE2/TSPAN32/SCARF1/PLEK/STXBP1/DDR1/ADORA2A/JAML/PLAUR/NFIA/TNF/DUOX2/FOSL1/EDN1/MYLK/SULF2/BCL2/MMP12/RAP2B/VWF/F5/SERPINF2/TYRO3/SCARB1/F13A1/FERMT2/VCL/MYOF/PROC/C1QTNF1/FUT10/EXT1/VTN/P2RY1/TREM2/LRG1/RTN4R/APOE/EPHB2/CD36/CD9/ZFP36/DDR2/NREP/RHOC/HBEGF/ACVRL1/KREMEN1/CCR2/ITGA2/ALOX15/SLC11A1/ADORA3/TREML1/CX3CR1/EREG/PPARG/ITGB3/THBD/GATA2/SLC7A11/EMILIN1/SERPINE1/GLI1/DSP/CEACAM1/TMIGD3/APOD/CDK1/TFPI/THBS1/MMP2/MIR34A/IL1A	119
GO:0006066	alcohol metabolic process	87/2449	265/12472	2.05050128016372e-07	6.90722318022446e-06	4.63992941118808e-06	INSIG2/GPD2/SLC5A3/SRD5A3/LSS/CYB5R3/GK5/MSMO1/HMGCS1/STARD4/ALG8/IDI1/CEBPA/SQLE/SC5D/FDFT1/ALG3/TKFC/NPC1/GK/CYP51A1/HMGCR/NAAA/FDPS/LDLR/MVD/CYP7B1/GCH1/SOAT1/DHCR7/ALDH3A2/PLPP1/RDH13/SORD/ACP3/NFKB1/MVK/HRH1/APOL2/PCK2/AKR1B1/ALDH1A1/CYP27B1/SCARF1/INSIG1/IDH2/PLEK/FECH/FDXR/OSBPL5/ACSS1/DEGS2/ABCA5/PLCB1/PLB1/SPHK1/APOC1/TTC39B/SGPP2/CAT/CYP3A7/BMP6/APOL1/SCARB1/DHRS9/INPP5J/P2RY1/OSBPL1A/APOE/GDPD1/EDNRB/LIPA/DGAT2/ABCA2/CH25H/P2RY6/DKK3/RDH12/ITPKA/SEC14L2/ALDH1B1/IMPA2/DHRS3/LRP5/LEP/EPHX2/INPP4B	87
GO:0002263	cell activation involved in immune response	85/2449	258/12472	2.38031955651643e-07	7.96811971543874e-06	5.35258700274549e-06	CD80/IL27RA/CCL19/RIPK2/NBN/BATF/BCL6/JAK3/ICAM1/SOCS3/PTGER4/SLAMF1/RASGRP1/ZC3H12A/HLX/MAD2L2/CD40/RABGEF1/STAT4/NR4A3/IL10/ENTPD7/RELB/FGL2/FOXF1/HLA-DMB/CD74/ITGB2/FCER1G/LYN/CD86/NFKBIZ/IRF4/MDK/FES/SBNO2/SHB/HLA-DRB1/TP53/VAMP8/ANXA3/HLA-DRA/LILRB1/STXBP1/ADA/NKG7/TNF/CLCF1/CD84/LGALS9/SPN/LOXL3/IL12B/PYCARD/MFNG/ASCL2/ITGAM/TREM2/CD180/GPR183/IFNG/IL27/PRAM1/CCL3/CD19/GAPT/ADORA2B/CLEC4E/LAT/CCR6/CCR2/SLC11A1/CX3CR1/IL18/CR1/IL23A/TNFSF4/GATA2/TBX21/CEACAM1/DLL1/LY9/NLRP3/SUCNR1/IL18R1	85
GO:0042063	gliogenesis	79/2449	235/12472	2.48468300490644e-07	8.26581501508007e-06	5.5525639168161e-06	RELA/SLC7A5/EZH2/SLC8A3/NDRG1/CLU/HAPLN3/NAB1/NR3C1/CDK5/P2RX4/PALS1/B4GALT5/TNFRSF1B/CDKN2B/CNP/LDLR/VCAN/MMP14/CDK6/EIF2B3/NAB2/NDP/LYN/NTN1/PRKCH/MDK/TP53/LRP8/ID2/SERPINE2/CYSLTR1/ADORA2A/NFIA/TNF/APCDD1/CLCF1/MIR146A/TLR2/LAMB1/ETV5/NR1D1/PRDM8/GLI3/ASCL2/ATP1B2/VTN/P2RY1/TREM2/GPR183/PHGDH/IFNG/CCL3/CD9/CSF1R/S100A9/KCNJ10/HES1/CCL2/LTA/MYRF/ZNF365/GPC1/ABCA2/CCR2/SYNE2/C1QA/CX3CR1/GFAP/HAPLN4/STAP1/B4GALT6/LIF/SOX8/AREG/DLL1/CDK1/WASF3/CSF1	79
GO:0045622	regulation of T-helper cell differentiation	23/2449	41/12472	2.50689404589108e-07	8.28822500604482e-06	5.56761783551377e-06	CD80/CCL19/RIPK2/BATF/BCL6/JAK3/ZC3H12A/HLX/CD86/NFKBIZ/IRF4/SHB/HLA-DRB1/HLA-DRA/LOXL3/IL12B/ASCL2/IL27/IL18/IL23A/TNFSF4/TBX21/NLRP3	23
GO:0002687	positive regulation of leukocyte migration	48/2449	121/12472	2.67472149728938e-07	8.78883947207479e-06	5.90390576540852e-06	CCR7/CCL19/ICAM1/CXCL13/SLAMF1/P2RX4/VEGFA/FPR2/CD74/MMP14/CAMK1D/WNT5A/ZP3/ABL2/MDK/CCL1/CCL5/TNF/EDN1/CCL4/LGALS9/SPN/ADAM8/FUT7/PYCARD/ASCL2/AIF1/RIPOR2/TREM2/CCL3/CSF1R/LGMN/CCR6/NEDD9/CCR2/ITGA2/CX3CR1/CXCL8/ITGB3/IL23A/DEFB124/ITGA4/SERPINE1/TRPV4/THBS1/CSF1/CXCL10/IL1A	48
GO:0042832	defense response to protozoan	16/2449	23/12472	2.7867120945636e-07	9.09571387751961e-06	6.11004874677922e-06	BPGM/BATF/CD40/IL10/CLEC7A/IRF4/TSPAN32/GBP1/GBP2/NKG7/GBP6/IL12B/GBP4/BATF2/SLC11A1/GBP7	16
GO:0042088	T-helper 1 type immune response	24/2449	44/12472	2.80207765084155e-07	9.09571387751961e-06	6.11004874677922e-06	CD80/IL27RA/CCL19/RIPK2/JAK3/SLAMF1/HLX/EBI3/STAT4/RELB/IL18BP/NFKBIZ/HLA-DRB1/SPN/IL12B/ASCL2/IL27/CCR2/SLC11A1/IL18/IL23A/TNFSF4/TBX21/IL18R1	24
GO:0001934	positive regulation of protein phosphorylation	132/2449	449/12472	2.8726339279992e-07	9.26857067371307e-06	6.22616535567613e-06	FAM20A/IL15/CD80/CCR7/RAP2C/PFN2/RAPGEF2/CCL19/RIPK2/NBN/ITGA5/MAP3K4/EZH2/TBK1/MAP3K5/CARD14/CLU/FLOT1/FNIP2/ACE/LCP2/RASGRP1/CSF2/PTPN1/MAD2L2/SEMA4D/NIBAN1/LIMK2/CD40/VEGFA/TGFBR2/CALM2/FPR2/CD4/CD74/IL31RA/CD44/PHB1/ADTRP/NAB2/LYN/TXN/PAK1/CD86/TRIM65/WNT5A/TAB1/DIPK2A/HLA-DRB1/PDGFA/TGFA/TP53/CAMK1/PRR5/MAP3K13/LRP8/MAP2K3/ENPP2/FAXDC2/LILRA5/OSM/MAPRE3/PLAUR/PARP14/CCL5/TNF/EDN1/BCL2/GREM1/CLCF1/PDGFC/SPHK1/SPN/PECAM1/SH2D3A/PSRC1/RAP2B/IL12B/BMP6/ADAM8/SASH1/HIPK2/GPNMB/FERMT2/PARP9/HGF/VTN/P2RY1/TREM2/GPRC5B/IFNG/CD36/SMYD3/CSF1R/ARHGEF5/TMEM119/DUSP19/HES1/CLSPN/DDR2/LAT/SNX9/HBEGF/ROBO1/CAMKK1/EDNRB/NEDD9/NKX3-1/INHBA/BANK1/CEMIP/SLC11A1/CX3CR1/EREG/IL18/ITGB3/HTR2B/IL23A/KIF14/PDGFRB/IQGAP3/LIF/CCND2/CASS4/AREG/LRP4/YES1/LEP/S100A12/THBS1/CSF1/DLG3	132
GO:0048469	cell maturation	47/2449	118/12472	3.0827833867113e-07	9.88705857438666e-06	6.64163480351669e-06	IL15/HIF1A/RUNX2/CCL19/INSL3/HEATR3/GPAT4/CEBPA/TDRD7/ABHD2/VEGFA/B4GALT5/BRCA2/FAM20C/RPS6KA2/CLEC7A/REC8/AGRN/SHB/MAP3K13/AKR1B1/SCARF1/KCNQ3/EDN1/BCL2/RND1/FAM210B/TDRKH/NRCAM/KCNE1/HES1/TFCP2L1/SPTBN4/CCR6/EDNRB/CABYR/C1QA/EREG/PPARG/KIF14/B4GALT6/GATA2/SOX8/GDF11/PCSK4/SEMG2/NR4A2	47
GO:0022612	gland morphogenesis	34/2449	75/12472	3.75037069680685e-07	1.19565389595818e-05	8.03180892336205e-06	TWSG1/CFLAR/SEMA3C/NR3C1/TNFAIP3/TGFBR2/CYP7B1/NFKB1/WNT5A/TGM2/NTN1/MDK/PDGFA/HPN/TGFA/PML/DDR1/TNF/SULF2/BCL2/PLXNA1/GLI3/HGF/CSF1R/EPHA2/LIPA/NKX3-1/GLI1/LRP5/AREG/CEACAM1/LAMA5/MMP2/CSF1	34
GO:2000146	negative regulation of cell motility	80/2449	241/12472	3.77596038173723e-07	1.1966889825198e-05	8.03876212069625e-06	ADARB1/DNAI3/SINHCAF/RAP2C/CLIC4/PFN2/IL27RA/JAG1/FOXO3/STK26/MITF/PTGER4/SAP30/KANK1/CXCL13/BMP10/GADD45A/CD200/ABHD2/RABGEF1/DLL4/ADAM15/CD74/ADTRP/DPP4/TRIB1/VASH1/C5/ADORA1/ADA/ARHGDIB/TNFAIP6/CDH1/TNF/ARPIN/BCL2/GREM1/MIR146A/PLCB1/DUSP1/EVL/RAP2B/IFITM1/AFDN/DLG5/MIR22/STARD13/VCL/ADGRB1/AIF1/RIPOR2/ATP1B2/SLAMF8/APOE/CD200R1/CYGB/ACVR1C/DLC1/CCL2/NAV3/ROBO1/ACVRL1/NEDD9/SERPINF1/ADORA3/CX3CR1/PPARG/IGFBP3/STAP1/GCSAM/NGFR/EMILIN1/SERPINE1/TMIGD3/APOD/PTPRK/HAS1/THBS1/MIR34A/SEMG2	80
GO:0042093	T-helper cell differentiation	32/2449	69/12472	4.34827715562739e-07	1.36996308503178e-05	9.20273146621326e-06	CD80/CCL19/RIPK2/BATF/BCL6/JAK3/SOCS3/PTGER4/ZC3H12A/HLX/STAT4/ENTPD7/RELB/CD86/NFKBIZ/IRF4/SHB/HLA-DRB1/HLA-DRA/SPN/LOXL3/IL12B/ASCL2/GPR183/IL27/IL18/IL23A/TNFSF4/TBX21/LY9/NLRP3/IL18R1	32
GO:0002833	positive regulation of response to biotic stimulus	98/2449	313/12472	4.50090544562112e-07	1.40975728460507e-05	9.47004913089134e-06	RFTN1/RELA/RIPK2/NFKBIA/CASP1/TBK1/TRIM25/FLOT1/ACOD1/PIK3AP1/RASGRP1/MAPKAPK2/CD274/CARD9/LILRA4/TNFAIP3/NECTIN2/HCK/TKFC/PRKDC/CD40/TLR1/PELI1/TNIP1/FPR2/NINJ1/DHX58/MEFV/RAB7B/PVR/CGAS/PHB1/TNIP2/LYN/IRF7/PAK1/WNT5A/CLEC7A/NFKBIZ/IRF4/HLA-DRB1/PLSCR1/NLRC5/CD1D/TIFA/ZNRF1/ZNFX1/GBP2/RNF125/IRAK2/USP27X/CCL5/TNF/FOSL1/TNIP3/MMP12/SCIMP/MIR146A/AIM2/TLR2/FFAR2/BIRC3/IL12B/BMP6/ADAM8/NR1D1/RSAD2/TYRO3/IFIH1/SASH1/TLR5/LY86/PYCARD/PARP9/CD226/TLR10/EIF2AK2/LAG3/FCN1/RIGI/OASL/TREM2/CD180/IRF1/CD36/ZBP1/TLR7/FCN2/CLEC4E/MNDA/GBP5/EREG/IL18RAP/EMILIN1/KLRC1/COLEC12/NLRP3/LGR4	98
GO:0032602	chemokine production	36/2449	82/12472	4.56154321316262e-07	1.42044334009878e-05	9.54183274332303e-06	MCOLN2/HIF1A/RIPK2/CARD9/IL10/MEFV/CD74/WNT5A/CLEC7A/C5/TNF/CD84/LGALS9/MIR146A/TLR2/FFAR2/PYCARD/AIF1/EIF2AK2/TREM1/CXCL6/TREM2/IL7/IFNG/CSF1R/EPHA2/TLR7/ADORA2B/FFAR3/IL18/DEFB124/TNFSF4/TRPV4/APOD/ARG2/MIR34A	36
GO:0072677	eosinophil migration	17/2449	26/12472	4.60054754218077e-07	1.42430824485088e-05	9.56779525352837e-06	CCL15/CCL14/CCL23/CCL18/PTGER4/CCL1/CCL5/CCL4/ADAM8/CCL8/CCL3/CCL4L1/CCL2/CCL13/CCL22/CCL3L1/CCL3L3	17
GO:0007584	response to nutrient	44/2449	109/12472	4.68170774125966e-07	1.44110498058545e-05	9.68062738029372e-06	RELA/KL/RUNX2/TRIM25/PLD1/GCLM/CD40/CDKN2B/NNT/BMT2/ALAD/ASS1/CDKN2D/MN1/GCLC/ACSL1/NFKBIZ/FES/CYP27B1/SLC16A1/NQO1/PIM1/TNFRSF11B/CAT/MLXIPL/F5/FOLR2/A2M/PDK2/LOC102724560/CBS/BCKDHB/LTA/LIPA/ALPL/ITGA2/LIPG/COL1A1/PPARG/C2/BRIP1/LEP/CXCL10/IL1A	44
GO:0009636	response to toxic substance	61/2449	170/12472	4.74960832078647e-07	1.45365155235042e-05	9.76490901681092e-06	PTGES/SELENOW/AIFM2/ABTB2/TXNRD3/SLC39A8/CNP/NNT/MGST2/GCH1/ALAD/ASS1/LYN/TXN/SRD5A1/SESN2/GSTO2/PTGS1/ALDH1A1/MGST1/FECH/EPHX1/CDH1/CCL5/TNF/DUOX2/CCL4/BCL2/NQO1/TLR2/PIM1/CAT/MT1F/GSTM2/MT2A/NXN/MTARC1/APOE/CCL3/CYGB/CD36/SLC47A1/S100A9/SLC22A5/ABCG2/GSTM1/ALOX5AP/SLC11A1/MPO/RDH12/PTPN13/GPX3/BRIP1/NUPR1/SLC7A11/MT1M/MT1E/CDK1/EPHX2/IPCEF1/MAOB	61
GO:0050673	epithelial cell proliferation	94/2449	298/12472	5.31630436029306e-07	1.61784807691646e-05	1.08678997030393e-05	HIF1A/B4GALT1/RUNX2/JAG1/CFLAR/NRP2/ATP5F1A/HLX/TNFAIP3/OVOL2/PRKDC/VEGFA/COL8A2/BRCA2/NR4A3/CDKN2B/IL10/DLL4/IFT172/CYP7B1/MMP14/NEAT1/CDK6/WNT5A/NFKBIZ/VASH1/MDK/HPN/TGFA/ID2/JCAD/AKT3/JAML/TNF/SULF2/NME1/PRKX/MMP12/IFT57/MIR146A/LAMB1/IL12B/SGPP2/MTSS1/BMP6/NR1D1/SCARB1/INTU/MIR22/HGF/LRG1/APOE/EPHA2/ZFP36/ATOH8/ZNF703/HSPG2/HES1/CCL2/ROBO1/ACVRL1/EDNRB/SERPINF1/LIPA/NKX3-1/PPP1R16B/SPARC/RASGRF1/IRF6/RAP1GAP/EREG/PROK2/PPARG/IGFBP3/ST8SIA1/ITGB3/HTR2B/ITGA4/GATA2/IQGAP3/IGFBP4/NGFR/NUPR1/GLI1/ZEB1/AREG/CEACAM1/LEP/NR4A1/PTPRK/LAMA5/THBS1/LGR4/MIR34A	94
GO:0046637	regulation of alpha-beta T cell differentiation	32/2449	70/12472	6.51202350149377e-07	1.97053095333337e-05	1.32370480690489e-05	CD80/SOCS1/CCL19/RIPK2/BATF/BCL6/JAK3/ZC3H12A/HLX/TGFBR2/CD83/CD86/NFKBIZ/IRF4/SHB/HLA-DRB1/PNP/HLA-DRA/RUNX1/ADA/LGALS9/LOXL3/IL12B/GLI3/ASCL2/IFNG/IL27/IL18/IL23A/TNFSF4/TBX21/NLRP3	32
GO:0051046	regulation of secretion	122/2449	414/12472	7.08439890433286e-07	2.13168767031499e-05	1.43196188379714e-05	RAB12/HIF1A/ACHE/PFN2/TMEM132A/PTGES/CD38/SLC9B2/ABAT/RAB13/PIM3/MYH10/CD200/CDK5/P2RX4/CYP51A1/PFKFB2/RABGEF1/TNFRSF1B/HMGCR/SDC4/PNKD/FOXF1/CAMK2A/CD74/ITGB2/CHRM3/ADTRP/LYN/RETN/MIDN/ZP3/FES/HLA-DRB1/PCK2/TM7SF3/VAMP8/ADORA1/F2RL2/NDUFAF2/LILRB1/STXBP1/OSM/ADA/ADORA2A/KLF7/SLC16A1/ACSL4/HADH/CCL5/TNF/EDN1/DCANP1/TRPV6/CD84/LGALS9/MIR146A/TLR2/PLA2R1/PLCB1/TIFAB/FFAR2/IL12B/RHBDF1/BMP6/ADAM8/NR1D1/RSAD2/SYP/APBB1/SYN1/MYOF/C1QTNF1/FRMD4A/HFE/TRPM4/ITGAM/P2RY1/TREM2/HCAR2/APOE/IFNG/PRAM1/IRS1/SLC4A8/PDE8B/ACVR1C/SCG5/ADORA2B/UCP2/FFAR3/SGK1/NKX3-1/KCNN4/KCNQ1/STX1A/CCR2/INHBA/SCAMP5/FFAR1/ADORA3/DOC2A/SYT1/SV2A/PPARG/RAB15/SEPTIN4/GATA2/FFAR4/LIF/LRP5/CEACAM1/LEP/CRHBP/NMB/SYT6/SCIN/PTPRN2/SMPD3/MAOB/IL1A/TTN	122
GO:0043269	regulation of monoatomic ion transport	102/2449	332/12472	7.14486571296795e-07	2.13787155076293e-05	1.43611590749335e-05	SCN1B/STOM/PPP3CC/CLIC4/KCNJ2/CACNB3/ACE/KCNC4/P2RX4/KCNE5/CALM2/KCNK6/CD4/CAMK2A/PPIF/LYN/MLLT6/PDE4B/ADORA1/GPD1L/SERPINE2/CNKSR3/PML/LILRA5/KCNK5/LILRB1/KCNC3/KCNQ3/ADORA2A/HVCN1/CCL5/KCNH3/EDN1/KCNMA1/MYLK/CCL4/BCL2/NEDD4/KCNMB1/KEL/CD84/CABP4/LILRB2/KCNF1/PDE4D/HAMP/TPCN1/FGF13/KCNQ4/CACNA1A/DMD/KCNJ1/GSTM2/CASQ1/TCAF2/ATP1B2/HFE/P2RY1/TREM2/FGF11/P2RX5/IFNG/CCL3/KCNJ5/EPHB2/CD19/KCNE1/KCNJ10/HES1/CACNA2D3/NEDD4L/PACSIN3/CCL2/CACNA1E/ANK3/SPTBN4/SCN8A/ATP1B1/KCNN4/KCNQ1/CCR2/STAC/FFAR1/CEMIP/TMEM37/KCNAB1/P2RY6/HECW2/SCN4B/ITGB3/PDGFRB/TSPAN13/ANO9/CA2/ATP8B1/LEP/JPH4/ANK2/CLIC3/CXCL10/MAOB/MIR34A	102
GO:0050767	regulation of neurogenesis	86/2449	268/12472	7.21450389873087e-07	2.14671571564459e-05	1.44205697812059e-05	ULK2/HIF1A/RELA/SLC7A5/RAPGEF2/TIAM2/EZH2/BAIAP2/SEMA4B/HAPLN3/SEMA3C/ACE/LPAR3/SEMA4D/CDK5/VEGFA/EEF2K/TNFRSF1B/CDKN2B/DLL4/SMURF1/LDLR/DYNLT1/VCAN/LYN/WNT5A/TGM2/NTN1/PRKCH/MDK/PLXNB1/TP53/MAP3K13/LRP8/ID2/SERPINE2/CYSLTR1/BHLHE40/CDH1/TNF/CLCF1/MIR146A/TLR2/FZD4/LIMK1/PLXNA1/ETV5/NR1D1/SEMA4C/GLI3/FGF13/ASCL2/RGS14/SEMA3A/TREM2/SHOX2/FAIM/RTN4R/IFNG/EPHB2/HES1/SEMA3B/LTA/ROBO1/MYRF/ZNF365/SERPINF1/SEMA6B/SEMA6A/DRAXIN/CX3CR1/GFAP/LHX2/HAPLN4/ITPKA/PLXNA4/MME/GATA2/LIF/MCF2/HEY1/SOX8/LRP4/DLL1/DBN1/SORL1	86
GO:1901652	response to peptide	113/2449	377/12472	7.25837312334672e-07	2.14783682036713e-05	1.44281008058151e-05	PTPN2/SOCS1/EPM2AIP1/CASP4/RELA/KL/INSIG2/CPEB2/RIPK2/JAG1/NFKBIA/SNX5/JAK3/SOCS2/ICAM1/BAIAP2/CFLAR/SOCS3/KANK1/RAB13/PTPN1/CARD9/TNFAIP3/PRKDC/CD40/CDK5/SLC39A14/STAT4/GJB2/EEF2K/NR4A3/FOSL2/EPRS1/IL10/ADM/FPR2/SESN3/CAMK2A/ASS1/ERFE/EIF2B3/ZBED3/NFKB1/FBP1/LYN/GCLC/RETN/ZDHHC7/SRD5A1/MYO1C/SESN2/PCK2/SORT1/TP53/INSIG1/CTSK/BACE1/HADH/TNF/EDN1/ADCY6/MMP12/MIR146A/TLR2/PLCB1/LTA4H/CAT/SLC27A1/GRB10/FUT7/CACNA1A/PDK2/TREM2/GPT2/SLC2A8/EPHB2/IRS1/CD36/ACVR1C/LGMN/DDR2/UCP2/FFAR3/EDNRB/SERPINF1/KCNQ1/ALPL/INHBA/SORBS1/COL1A1/KHK/EREG/PPARG/ITGB3/ITGA4/BRIP1/NGFR/TRIB3/HDAC9/GNAI1/CA2/LRP5/AREG/CEACAM1/TRPV4/LEP/NR4A1/CRHBP/SORL1/FBN1/MMP2/SMPD3/NR4A2	113
GO:0048732	gland development	91/2449	288/12472	7.40758543187325e-07	2.17994656995127e-05	1.4643798152772e-05	HIF1A/TWSG1/RELA/SLC7A5/E2F7/EZH2/SOCS2/DNAAF1/GPAT4/CFLAR/CEBPA/ELK1/SEMA3C/NR3C1/HLX/TNFAIP3/ARID5B/PDGFRA/NPC1/VEGFA/TGFBR2/BRCA2/CDKN2B/IL10/FOXF1/CYP7B1/ASS1/NFKB1/WNT5A/SRD5A1/TGM2/NTN1/MDK/PDGFA/HPN/THRA/PCK2/TGFA/HK2/ID2/SERPINE2/INSM1/PML/DDR1/ADA/CDH1/TNF/EDN1/SULF2/NME1/BCL2/CCNB2/PLXNA1/TG/UPB1/GLI3/HIPK2/HFE/EXT1/HGF/VTN/FASN/SLC29A1/CSF1R/EPHA2/ZNF703/HES1/UCP2/TFCP2L1/ROBO1/SERPINF1/LIPA/NKX3-1/ITGA2/IRF6/RAP1GAP/DKK3/COBL/GATA2/IQGAP3/EPHB3/GLI1/LRP5/AREG/CEACAM1/IGSF3/MET/LAMA5/MMP2/CSF1/PITX1	91
GO:0001667	ameboidal-type cell migration	101/2449	329/12472	8.4218417045115e-07	2.45996962599381e-05	1.65248539397957e-05	HIF1A/RFFL/PFN2/INSL3/SEMA4B/RCC2/NRP2/SEMA3C/ATP5F1A/KANK1/PRCP/CXCL13/BMP10/RAB13/ZC3H12A/GADD45A/RIN2/HDAC7/SEMA4D/GPI/ARID5B/OVOL2/CD40/PKN3/P2RX4/VEGFA/TGFBR2/ADGRA2/DLL4/SDC4/ACVR1B/FSTL1/ACTA2/ADTRP/DPP4/WNT5A/VASH1/ANXA3/MAP2K3/JCAD/ENPP2/PML/AKT3/ARHGDIB/TNF/EDN1/TMEM201/GREM1/PRKX/MIR146A/EVL/SASH1/SEMA4C/SCARB1/PTP4A3/MIR22/STARD13/EPB41L5/AKAP12/ADGRB1/SEMA3A/LRG1/APOE/IFNG/CYGB/S100A9/EPHA2/ACVR1C/ATOH8/LGMN/DDR2/SEMA3B/ETS1/HBEGF/ROBO1/ACVRL1/EDNRB/SERPINF1/SPARC/SNAI1/SEMA6B/SEMA6A/ITGA2/NANOS1/TNS1/ITGA3/PPARG/ITGB3/HTR2B/ITGA4/GATA2/HDAC9/SOX8/LRP5/CEACAM1/NR4A1/MET/HAS1/LAMA5/S100A12/THBS1	101
GO:0048247	lymphocyte chemotaxis	27/2449	55/12472	8.45796137139584e-07	2.45996962599381e-05	1.65248539397957e-05	CCL15/CCL14/CCL23/CCL19/CCL18/CXCL13/HSD3B7/CYP7B1/WNT5A/CCL1/CCL5/CCL4/ADAM8/CCL8/CCL17/GPR183/CCL3/CCL4L1/CCL2/NEDD9/CCR2/CH25H/CCL13/CCL22/CCL3L1/CCL3L3/CXCL10	27
GO:0050919	negative chemotaxis	19/2449	32/12472	8.5298981639099e-07	2.45996962599381e-05	1.65248539397957e-05	ITGAV/SEMA4B/NRP2/SEMA3C/SEMA4D/FLRT2/DPP4/WNT5A/NTN1/PDGFA/UNC5C/SEMA4C/SEMA3A/SEMA3B/ROBO1/SEMA6B/SEMA6A/ITGB3/PLXNA4	19
GO:1905517	macrophage migration	25/2449	49/12472	8.5428370133467e-07	2.45996962599381e-05	1.65248539397957e-05	MCOLN2/B4GALT1/SLAMF1/CD200/P2RX4/MMP14/C5/MDK/CCL5/TREM2/SLAMF8/CCL3/CD200R1/CD9/CSF1R/CCL2/EDNRB/CCR2/CX3CR1/STAP1/EMILIN1/TRPV4/THBS1/MMP2/CSF1	25
GO:0042098	T cell proliferation	65/2449	188/12472	9.33220694173242e-07	2.67290376363202e-05	1.79552396998826e-05	IL15/CD80/IDO1/TWSG1/CCL19/RIPK2/BCL6/NCK2/SLAMF1/RASGRP1/CD274/HLA-DPB1/CASP3/HLA-DPA1/TGFBR2/EBI3/PELI1/TNFRSF1B/IL10/SDC4/HLA-DMB/CD86/TNFSF9/ZP3/GPAM/HLA-DRB1/PNP/TP53/CD1D/TNFRSF9/TSPAN32/LILRB1/IL2RA/CCL5/LGALS9B/VSIR/LGALS9/LILRB2/SPN/IL12B/CD70/CLECL1P/DLG5/GPNMB/PYCARD/AIF1/PDCD1LG2/CD55/IL27/IRF1/HES1/LGALS9C/LIPA/CCR2/SLC11A1/IL18/CR1/IL23A/TNFSF4/HHLA2/VSIG4/LEP/ARG2/CARD11/IL1A	65
GO:0045621	positive regulation of lymphocyte differentiation	47/2449	122/12472	9.67075617733144e-07	2.75513670669081e-05	1.85076397615447e-05	IL15/CD80/SOCS1/IL15RA/CCL19/RIPK2/FOXO3/BCL6/RASGRP1/HLX/PRKDC/TGFBR2/IL10/IL7R/CD83/CD74/MMP14/CD86/INPP5D/TNFSF9/NFKBIZ/RHOH/MDK/SHB/HLA-DRB1/PNP/HLA-DRA/RUNX1/ADA/IL2RA/VSIR/LGALS9/LILRB2/IL12B/ADAM8/GLI3/TESPA1/IL1RL2/IL7/IFNG/VNN1/IL18/CR1/IL23A/TNFSF4/IL36B/NLRP3	47
GO:0045580	regulation of T cell differentiation	58/2449	162/12472	9.80608722561612e-07	2.77891022118518e-05	1.86673384222534e-05	PTPN2/IL15/CD80/SOCS1/CCL19/RIPK2/BATF/FOXO3/BCL6/JAK3/RASGRP1/ZC3H12A/HLX/TGFBR2/IL7R/FGL2/CD83/CD74/CD86/TNFSF9/NFKBIZ/IRF4/RHOH/MDK/SHB/HLA-DRB1/PNP/HLA-DRA/RUNX1/ADA/IL2RA/VSIR/LGALS9/LILRB2/LOXL3/IL12B/ADAM8/GLI3/TESPA1/ASCL2/LAG3/IL1RL2/IL7/IFNG/IL27/IRF1/CCR2/VNN1/HLA-DOA/IL18/CR1/IL23A/TNFSF4/TBX21/ZEB1/IL36B/CARD11/NLRP3	58
GO:0032642	regulation of chemokine production	35/2449	81/12472	1.03976101007137e-06	2.93103156312749e-05	1.96892140300495e-05	MCOLN2/HIF1A/RIPK2/CARD9/IL10/MEFV/CD74/WNT5A/CLEC7A/C5/TNF/CD84/LGALS9/MIR146A/TLR2/FFAR2/PYCARD/AIF1/EIF2AK2/CXCL6/TREM2/IL7/IFNG/CSF1R/EPHA2/TLR7/ADORA2B/FFAR3/IL18/DEFB124/TNFSF4/TRPV4/APOD/ARG2/MIR34A	35
GO:0042742	defense response to bacterium	65/2449	189/12472	1.1536657702121e-06	3.23509626453195e-05	2.1731769647754e-05	PLAC8/CASP4/IL27RA/RIPK2/CASP1/TBK1/CXCL13/CARD9/IL10/FPR2/IL7R/RNASE6/CD4/FCER1G/OPTN/ACP5/PRG2/MICA/NFKBIZ/LYZ/ANXA3/ZNFX1/GBP1/GBP2/TNF/GBP6/GBP3/TLR2/SPN/IL12B/STAB1/HAMP/PYCARD/ADGRB1/TREM1/CXCL6/TREM2/SLAMF8/CD36/MPEG1/S100A9/EPHA2/MIAT/FCN2/CLEC4E/LTA/GBP4/WFDC2/GSDMA/GBP5/SLC11A1/MPO/ISG15/IL18/PI3/GBP7/IL23A/DEFB124/EMILIN1/SERPINE1/ARG2/COLEC12/LCN2/S100A12/SEMG2	65
GO:0043068	positive regulation of programmed cell death	129/2449	447/12472	1.17619125415018e-06	3.28108351938976e-05	2.20406891813887e-05	PTPN2/PLAGL2/IDO1/B4GALT1/SHQ1/RYBP/MCL1/RAPGEF2/RIPK2/TNFAIP8/CTSL/FOXO3/GADD45B/BTG1/BCL6/MAP3K5/DCUN1D3/GADD45G/AIFM2/MAP3K20/CFLAR/CLU/PHLDA3/ACE/NCK2/UBE2Z/ZC3H12A/GADD45A/CD274/NR3C1/DNAJA1/BCL2A1/CASP3/PRKDC/CD40/CDK5/FAM162A/STPG1/TNFRSF1B/IL10/ADM/GSN/STK17A/RPS6KA2/TP53BP2/CAMK2A/PHB1/LYN/CAMK1D/PMAIP1/WNT5A/PNMA1/INPP5D/CLEC7A/TGM2/G0S2/TSC22D1/TP53/TNFRSF8/PML/LILRB1/CTSK/GBP1/GBP2/ADORA2A/USP27X/BACE1/UNC5C/CCL5/TNF/FOSL1/KCNMA1/BCL2/NQO1/CDKN2A/LGALS9/MIR146A/GBP3/PLA2R1/IL12B/ADAM8/TNFRSF10C/PYCARD/CALHM2/PLEKHN1/APBB1/AKAP12/HCAR2/MAP3K9/IFNG/CCL3/S100A9/ACVR1C/ZBP1/MIAT/ATF3/DLC1/CCL2/LTA/ITGA6/MNDA/NKX3-1/PRF1/GBP5/INHBA/VNN1/TFAP4/ECSCR/HTRA4/OLFM1/PPARG/IGFBP3/SEPTIN4/ITGA4/NGFR/NUPR1/FASLG/EMILIN1/ITGA1/LEP/NR4A1/LTK/IL19/THBS1/PDCD1/SCIN/MMP2/PHLDA2/MIR34A	129
GO:0032615	interleukin-12 production	29/2449	62/12472	1.20305401498001e-06	3.32142129084172e-05	2.23116582919244e-05	IDO1/CCR7/RELA/CCL19/RIPK2/JAK3/SLAMF1/CD40/IL10/MEFV/ACP5/NFKB1/MAPK11/CLEC7A/MDK/LILRA5/LILRB1/SCIMP/LGALS9/TLR2/PLCB1/IL12B/IFNG/IRF1/CD36/IL23A/TNFSF4/LEP/THBS1	29
GO:0032655	regulation of interleukin-12 production	29/2449	62/12472	1.20305401498001e-06	3.32142129084172e-05	2.23116582919244e-05	IDO1/CCR7/RELA/CCL19/RIPK2/JAK3/SLAMF1/CD40/IL10/MEFV/ACP5/NFKB1/MAPK11/CLEC7A/MDK/LILRA5/LILRB1/SCIMP/LGALS9/TLR2/PLCB1/IL12B/IFNG/IRF1/CD36/IL23A/TNFSF4/LEP/THBS1	29
GO:0042102	positive regulation of T cell proliferation	39/2449	95/12472	1.25058420221481e-06	3.43493794208334e-05	2.30742067647515e-05	IL15/CD80/CCL19/RIPK2/NCK2/SLAMF1/CD274/HLA-DPB1/HLA-DPA1/TGFBR2/EBI3/HLA-DMB/CD86/TNFSF9/ZP3/GPAM/PNP/CD1D/IL2RA/CCL5/LGALS9/LILRB2/SPN/IL12B/CD70/CLECL1P/PYCARD/AIF1/PDCD1LG2/CD55/HES1/CCR2/IL18/IL23A/TNFSF4/HHLA2/LEP/CARD11/IL1A	39
GO:0070664	negative regulation of leukocyte proliferation	33/2449	75/12472	1.28074658220423e-06	3.4998360685132e-05	2.35101601394956e-05	CD80/IDO1/TWSG1/BCL6/CD274/TNFAIP3/CASP3/PELI1/IL10/SDC4/LYN/CD86/INPP5D/HLA-DRB1/TSPAN32/LILRB1/LST1/IL2RA/LGALS9B/VSIR/GREM1/LGALS9/LILRB2/SPN/DLG5/GPNMB/PDCD1LG2/LGALS9C/MNDA/CR1/TNFRSF13B/VSIG4/ARG2	33
GO:0003158	endothelium development	41/2449	102/12472	1.30085497556855e-06	3.53674073560667e-05	2.37580673603703e-05	RAP2C/CLIC4/RAPGEF2/JAG1/BTG1/ICAM1/VEGFA/DLL4/RDX/FSTL1/NDP/PDPN/TNF/FZD4/PLCB1/HEG1/PECAM1/BMP6/PDE4D/AFDN/STARD13/VCL/PROC/TJP2/FASN/ATOH8/ACVRL1/EDNRB/LIPA/PPP1R16B/HEY1/PDE2A/TJP1/S1PR3/SLC40A1/ZEB1/CEACAM1/DLL1/MET/CXCL10/MIR34A	41
GO:0045639	positive regulation of myeloid cell differentiation	36/2449	85/12472	1.31204783667645e-06	3.54915566325204e-05	2.38414646770872e-05	HIF1A/JAG1/FOXO3/SLC9B2/EVI2B/PPARGC1B/PRKDC/RAB7B/CD4/CD74/ACVR1B/TRIB1/INPP5D/CD101/FES/HLA-DRB1/ID2/FAXDC2/RUNX1/TNF/FAM210B/IL12B/CTNNBIP1/TREM2/IFNG/ETS1/NEDD9/INHBA/OCSTAMP/ISG15/DCSTAMP/IL23A/GATA2/LIF/SCIN/CSF1	36
GO:0048729	tissue morphogenesis	118/2449	402/12472	1.33783382736843e-06	3.60072260270618e-05	2.41878657600915e-05	ADARB1/HIF1A/TWSG1/CLIC4/JAG1/ITGA5/DNAAF1/SOCS3/NRP2/SEMA3C/BMP10/NR3C1/GPI/OVOL2/CASP3/PALS1/VEGFA/TGFBR2/CECR2/GCNT4/IL10/ADM/DLL4/SDC4/IFT172/FZD6/SMURF1/FOXF1/CYP7B1/SUFU/MMP14/CD44/MTHFD1/ACTA2/PAK1/CCDC103/HS3ST3B1/OPHN1/WNT5A/ZDHHC7/TGM2/WNT5B/NTN1/MDK/PDGFA/PDPN/PML/TNNT2/DDR1/BBS5/MICAL2/FMN1/TNF/EDN1/MYLK/BCL2/GREM1/PRKX/MMP12/IFT57/HEG1/PLXNA1/KIF20B/CTNNBIP1/MTSS1/SEMA4C/DLG5/GLI3/INTU/VANGL2/STARD13/EPB41L5/FERMT2/VCL/EXT1/HGF/SHOX2/LRG1/CSF1R/EPHA2/DCHS1/HES1/DLC1/RHOC/HBEGF/ROBO1/ACVRL1/NKX3-1/SNAI1/HS3ST3A1/ITGA2/INHBA/CTHRC1/NPHP1/LHX2/COBL/ITGA3/ITGB3/LIF/NGFR/TGM3/CELSR2/HEY1/SOX8/DSP/CA2/LRP5/AREG/CEACAM1/DLL1/MET/LAMA5/MMP2/CSF1/DLG3/LGR4/CXCL10/TTN	118
GO:0002819	regulation of adaptive immune response	64/2449	186/12472	1.36405763768469e-06	3.65294635371961e-05	2.45386789768751e-05	CD80/IL27RA/CCL19/RIPK2/BATF/BCL6/JAK3/SLAMF1/ZC3H12A/CD274/CARD9/HLX/MAD2L2/TNFAIP3/NECTIN2/CD40/TNFRSF1B/IL10/IL7R/CD4/PVR/IRF7/MICA/SAMSN1/CLEC7A/NFKBIZ/ZP3/HLA-DRB1/CD1D/HLA-DRA/LILRB1/ADA/TNF/CLCF1/SPN/LOXL3/CD1E/IL12B/RSAD2/FUT7/PYCARD/CD226/ASCL2/HFE/TRPM4/TREM2/CD55/IL27/IRF1/EPHB2/LTA/CCR2/ALOX15/SLC11A1/IL18/CR1/IL23A/TNFSF4/TBX21/CEACAM1/KLRC1/CR2/NLRP3/IL18R1	64
GO:0050678	regulation of epithelial cell proliferation	80/2449	248/12472	1.38415795058736e-06	3.68833332504771e-05	2.47763910715244e-05	HIF1A/B4GALT1/RUNX2/JAG1/CFLAR/NRP2/ATP5F1A/HLX/TNFAIP3/OVOL2/PRKDC/VEGFA/BRCA2/NR4A3/CDKN2B/IL10/DLL4/IFT172/CYP7B1/NEAT1/CDK6/WNT5A/VASH1/MDK/HPN/TGFA/JCAD/AKT3/JAML/TNF/SULF2/NME1/MMP12/IFT57/MIR146A/LAMB1/IL12B/SGPP2/MTSS1/BMP6/NR1D1/INTU/MIR22/LRG1/APOE/ZFP36/ATOH8/ZNF703/HSPG2/HES1/CCL2/ROBO1/ACVRL1/EDNRB/SERPINF1/NKX3-1/PPP1R16B/SPARC/IRF6/RAP1GAP/EREG/PPARG/ST8SIA1/ITGB3/HTR2B/ITGA4/GATA2/IQGAP3/NGFR/NUPR1/GLI1/ZEB1/AREG/CEACAM1/LEP/NR4A1/PTPRK/LAMA5/THBS1/MIR34A	80
GO:0044283	small molecule biosynthetic process	131/2449	457/12472	1.44258114744971e-06	3.82498248799041e-05	2.56943322667176e-05	PTPN2/PDSS1/IDO1/DDB1/INSIG2/DSE/SRD5A3/LSS/CYB5R3/PTGES/CASP1/MSMO1/ADK/HMGCS1/STARD4/IDI1/ABAT/SC5D/CRTC2/NR3C1/FDFT1/GPI/FADS3/PNPO/ABHD2/CYP51A1/SLC39A14/HSD3B7/MTAP/HMGCR/ADM/UROS/HACD3/PGM2/FDPS/APOC2/CBR1/MVD/MGST2/CYP7B1/GCH1/CD74/DHCR7/PNPLA8/MTHFD1/ASS1/ERFE/NLN/SORD/NFKB1/FBP1/CHST15/ELOVL7/MVK/G6PC3/HRH1/SCP2/SESN2/PNP/PCK2/GGTA1/AKR1B1/PTGS1/ALDH1A1/CYP27B1/INSIG1/PLEK/ADA/TK2/FDXR/TNF/EDN1/GATM/NNMT/ACSS1/COQ8A/HAAO/APRT/LTA4H/SPHK1/GSTM4/SDHAF3/OSBPL3/AASS/APOC1/MLXIPL/BMP6/NR1D1/ADA2/UPB1/DHRS9/PYCARD/SLC27A2/PDK2/GSTM2/LOC102724560/CBS/MECR/P2RY1/FASN/OSBPL1A/ACSM5/PHGDH/SHMT1/GPT2/APOE/IFNG/BCAT1/ELOVL6/ATF3/LIPA/GSTM1/SNAI1/GGT5/ABCA2/FADS2/LIPG/ALOX15/ACACB/ALOX5AP/P2RY6/MPO/DKK3/ITPKA/SEC14L2/SDS/IMPA2/TRIB3/CEACAM1/LEP/PLOD2	131
GO:0001666	response to hypoxia	73/2449	221/12472	1.48683260865995e-06	3.92289431132153e-05	2.63520552574525e-05	HIF1A/SLC11A2/CPEB2/TXN2/HMOX2/SLC8A3/NDRG1/CD38/CFLAR/ABAT/ACE/TM9SF4/CASP3/VEGFA/FAM162A/FOSL2/ADM/DDIT4/PLAT/ADAM15/ALAD/MMP14/CBFA2T3/NDP/DPP4/NOL3/PMAIP1/RYR1/TP53/HK2/PLK3/ADORA1/PML/ADA/TNF/EDN1/KCNMA1/BCL2/KCNMB1/MIR146A/TLR2/FZD4/CAT/ADAM8/HIPK2/PLEKHN1/LOC102724560/CBS/ASCL2/TREM2/SLC2A8/SLC29A1/CYGB/HSPG2/DDR2/ARNT2/UCP2/LTA/ACVRL1/NKX3-1/VASN/ITGA2/PPARG/BRIP1/LIF/TRPV4/LEP/THBS1/MMP2/PLOD2/MIR34A/IL1A/NR4A2	73
GO:0071887	leukocyte apoptotic process	44/2449	113/12472	1.51536600197639e-06	3.97606002079687e-05	2.67091960832587e-05	HIF1A/IDO1/CCR7/RAPGEF2/CCL19/CTSL/BCL6/JAK3/CD274/TRAF3IP2/CASP3/IL10/IL7R/CD74/CHEK2/SLC39A10/LYN/IRF7/WNT5A/NFKBIZ/GPAM/TP53/LILRB1/ADA/IL2RA/CCL5/PTCRA/BCL2/CDKN2A/LGALS9/ADAM8/GLI3/EBF4/HCAR2/HSH2D/CCR5/MIAT/LIPA/BIRC7/FASLG/SLC7A11/ARG2/PDCD1/MIR34A	44
GO:1903531	negative regulation of secretion by cell	42/2449	106/12472	1.52183029175384e-06	3.97606002079687e-05	2.67091960832587e-05	ABAT/PIM3/CD200/CYP51A1/RABGEF1/TNFRSF1B/HMGCR/PNKD/FOXF1/ADTRP/MIDN/VAMP8/ADORA1/NDUFAF2/LILRB1/OSM/KLF7/HADH/EDN1/CD84/LGALS9/MIR146A/FFAR2/IL12B/RHBDF1/RSAD2/FRMD4A/P2RY1/APOE/IRS1/PDE8B/ACVR1C/UCP2/CCR2/INHBA/FFAR4/LIF/CEACAM1/LEP/CRHBP/NMB/MAOB	42
GO:0045446	endothelial cell differentiation	37/2449	89/12472	1.61840034347759e-06	4.20784089304173e-05	2.82661848441819e-05	RAP2C/CLIC4/RAPGEF2/JAG1/BTG1/ICAM1/VEGFA/RDX/FSTL1/NDP/PDPN/TNF/FZD4/PLCB1/HEG1/PECAM1/BMP6/PDE4D/AFDN/VCL/PROC/TJP2/FASN/ATOH8/ACVRL1/EDNRB/LIPA/PPP1R16B/HEY1/PDE2A/TJP1/S1PR3/ZEB1/CEACAM1/DLL1/MET/MIR34A	37
GO:0002526	acute inflammatory response	34/2449	79/12472	1.65063315773061e-06	4.27091361971262e-05	2.86898760901257e-05	B4GALT1/CCR7/PTGES/PRCP/SERPINA1/IL31RA/ASS1/ZP3/APOL2/PLSCR1/ADORA1/OSM/TNF/SPN/FFAR2/CTNNBIP1/SERPINF2/ADAM8/FUT7/A2M/HFE/EXT1/FFAR3/ORM2/EDNRB/LIPA/CD163/ORM1/VNN1/ALOX5AP/TNFSF4/NUPR1/NLRP3/IL1A	34
GO:0007610	behavior	114/2449	388/12472	1.91755375226436e-06	4.93770091208072e-05	3.31690218888642e-05	ADARB1/HIF1A/IDO1/SLC1A2/SLC11A2/ITGA5/SLC8A3/PPT1/ABAT/ACE/CSF2/NR3C1/GPI/CASP3/NPC1/CDK5/P2RX4/NR4A3/HMGCR/GCNT4/CNP/MAFG/LDLR/SELENOP/NDP/DPP4/RETN/ZFHX2/HRH1/TAFA2/ZNF385A/ABL2/MDK/THRA/TP53/ADORA1/TMOD1/ID2/SERPINE2/ADA/PREX2/KCNQ3/ADORA2A/SLC16A1/PBX3/MAPK8IP2/FOSL1/GATM/FXN/DCANP1/BCL2/APRT/ADM2/AIM2/TLR2/FZD4/PLCB1/TIFAB/LILRB2/ALK/UCHL1/GNG8/NR1D1/CSNK1E/GLI3/HIPK2/FGF13/THRB/TANC1/RGS14/ATP1B2/EXT1/P2RY1/TREM2/APOE/NRXN2/CCL3/MFSD2A/ADAM11/EPHB2/PDE8B/GPR171/KCNJ10/LGMN/HCRTR1/SPTBN4/EDNRB/NEDD9/SERPINF1/SGK1/KCNQ1/B4GALNT1/APBA1/ABCA2/RASGRF1/HOXA1/CX3CR1/SLC12A5/NPHP1/PI3/ITGA3/CDH23/HTR2B/MME/SDK1/CCND2/SLC7A11/ITPR3/GPR176/LEP/JPH4/CRHBP/THBS1/NR4A2	114
GO:0007411	axon guidance	49/2449	132/12472	2.03755294609405e-06	5.17210122240747e-05	3.47436067335968e-05	SCN1B/ECE1/SEMA4B/NRP2/SEMA3C/SEMA4D/CDK5/VEGFA/EPHB1/FLRT2/EPHB6/NDP/OPHN1/WNT5A/NTN1/PLXNB1/BOC/KLF7/UNC5C/EDN1/EPHA10/NOTCH3/TUBB2B/PLXNA1/SEMA4C/PTPRO/GLI3/TUBB3/NRCAM/SEMA3A/EXT1/EPHB2/CHN1/CSF1R/SEMA3B/PALLD/ROBO1/FEZ1/SEMA6B/NEXN/SEMA6A/DRAXIN/LHX2/PLXNA4/EFNA3/EPHB3/NGFR/KIAA1755/ISL2	49
GO:0050728	negative regulation of inflammatory response	49/2449	132/12472	2.03755294609405e-06	5.17210122240747e-05	3.47436067335968e-05	PTPN2/SOCS3/PTGER4/ACOD1/TNFAIP3/HCK/SIGLEC10/CD200/RABGEF1/SLC39A8/TNFRSF1B/IL10/FPR2/MEFV/FOXF1/LDLR/ACP5/NFKB1/LYN/TRIM65/MVK/MDK/HLA-DRB1/ADORA1/ADA/ADORA2A/TNFAIP6/IL2RA/MIR146A/TAFA3/SPN/IL12B/NR1D1/HAMP/TYRO3/IER3/PROC/HGF/TREM2/SLAMF8/APOE/CD200R1/FNDC4/ZFP36/IL22RA2/PPARG/FFAR4/YES1/NLRP3	49
GO:0097485	neuron projection guidance	49/2449	132/12472	2.03755294609405e-06	5.17210122240747e-05	3.47436067335968e-05	SCN1B/ECE1/SEMA4B/NRP2/SEMA3C/SEMA4D/CDK5/VEGFA/EPHB1/FLRT2/EPHB6/NDP/OPHN1/WNT5A/NTN1/PLXNB1/BOC/KLF7/UNC5C/EDN1/EPHA10/NOTCH3/TUBB2B/PLXNA1/SEMA4C/PTPRO/GLI3/TUBB3/NRCAM/SEMA3A/EXT1/EPHB2/CHN1/CSF1R/SEMA3B/PALLD/ROBO1/FEZ1/SEMA6B/NEXN/SEMA6A/DRAXIN/LHX2/PLXNA4/EFNA3/EPHB3/NGFR/KIAA1755/ISL2	49
GO:1901617	organic hydroxy compound biosynthetic process	59/2449	169/12472	2.04740229208302e-06	5.17258805490409e-05	3.47468770324716e-05	KL/INSIG2/SRD5A3/RAPGEF2/LSS/CYB5R3/MSMO1/HMGCS1/STARD4/IDI1/SQLE/SC5D/FDFT1/PNPO/CYP51A1/HSD3B7/HMGCR/ERG28/FDPS/MVD/CYP7B1/GCH1/DHCR7/NFKB1/WNT5A/MVK/HRH1/SCP2/PCK2/INSM1/FAXDC2/CYP27B1/INSIG1/PLEK/TNF/SPHK1/OSBPL3/BMP6/NR1D1/CYB5R2/SLC27A2/P2RY1/OSBPL1A/APOE/IFNG/LIPA/SNAI1/ABCA2/ALOX15/CH25H/P2RY6/DKK3/ITPKA/SEC14L2/IMPA2/SLC7A11/LEP/HDC/NR4A2	59
GO:0051384	response to glucocorticoid	35/2449	83/12472	2.07215111699548e-06	5.21053586038862e-05	3.50017915388709e-05	SSTR2/CFLAR/ATP5F1A/ACE/NR3C1/CASP3/GJB2/FOSL2/IL10/ADM/DDIT4/ZFP36L2/ALAD/ASS1/SRD5A1/PCK2/ANXA3/FECH/TNF/FOSL1/EDN1/BCL2/IL1RN/BMP6/SSTR3/A2M/BCKDHB/SMYD3/ZFP36/SERPINF1/IGFBP7/ALPL/TFAP4/AREG/MAOB	35
GO:0002825	regulation of T-helper 1 type immune response	17/2449	28/12472	2.10945533533921e-06	5.27955269910132e-05	3.54654123767311e-05	CD80/IL27RA/CCL19/RIPK2/JAK3/SLAMF1/HLX/IL12B/ASCL2/IL27/CCR2/SLC11A1/IL18/IL23A/TNFSF4/TBX21/IL18R1	17
GO:0019932	second-messenger-mediated signaling	65/2449	192/12472	2.1443638346046e-06	5.34195939448476e-05	3.58846295553416e-05	CCR7/PPP3CC/RAPGEF2/DYRK2/INSL3/NFATC3/PDGFRA/P2RX4/VEGFA/CALM2/ADM/FPR2/CD4/CGAS/CHRM3/CLEC7A/NFAT5/PLEK/GBP1/CXCR5/ADA/SAMD14/TNF/EDN1/P2RY11/CCL4/RCAN2/ACKR3/SPHK1/TRPM2/PDE4D/DMD/PDK2/GSTM2/LOC102724560/CBS/CASQ1/TRPM4/TREM2/APOE/P2RX5/CCL3/CD36/CCR5/ADORA2B/LAT/LMCD1/CCR6/ATP1B1/EDNRB/CCR2/CX3CR1/CXCL8/HTR2B/PDGFRB/FFAR4/PDE2A/SLA2/GNAI1/TRAT1/NFATC2/ANK2/GUCY2F/THBS1/CXCR6	65
GO:1903522	regulation of blood circulation	50/2449	136/12472	2.23047415736998e-06	5.53074980873777e-05	3.71528297752952e-05	SCN1B/ECE1/KCNJ2/SLC8A3/CD38/ACE/BMP10/ZC3H12A/P2RX4/KCNE5/CALM2/ADM/GCH1/POPDC2/CHRM3/PDE4B/HRH1/THRA/ADORA1/GPD1L/CYSLTR1/TNNT2/ADA/DOCK4/TNF/EDN1/ADM2/PDE4D/FGF13/DMD/THRB/GSTM2/ATP1B2/TRPM4/SHOX2/KCNJ5/KCNE1/HRH2/HBEGF/SPTBN4/ATP1B1/EDNRB/KCNQ1/ADORA3/SCN4B/DSP/TMIGD3/LEP/ANK2/MMP2	50
GO:0120035	regulation of plasma membrane bounded cell projection organization	137/2449	486/12472	2.25225633632891e-06	5.55902531676388e-05	3.73427705921523e-05	SCN1B/ULK2/CCR7/IL15RA/PFN2/RAPGEF2/CCL19/TIAM2/EZH2/CD38/NCKIPSD/ICAM1/CEP135/PLD1/BAIAP2/CFLAR/SEMA4B/RCC2/SEMA3C/KANK1/LPAR3/ODF2L/SEMA4D/DENND5A/LIMK2/MBOAT1/CDK5/VEGFA/CDC42EP2/EEF2K/RTN4IP1/CDC42EP4/SMURF1/RDX/TBC1D30/CD44/LYN/CAMK1D/PAK1/WNT5A/PTPRF/EHD1/NTN1/ABL2/MDK/FES/AGRN/PLXNB1/CAMK1/MAP3K13/EFHC2/LRP8/PDPN/ENPP2/NCS1/SCARF1/TBC1D7/TBC1D7-LOC100130357/DDR1/AVIL/FRMD7/CDH1/KIF24/ARPIN/ADCY6/NEDD4/KEL/NEU4/FZD4/ALK/TUBB2B/TRPM2/LIMK1/EVL/PLXNA1/FSCN1/ABI3/PRAG1/SEMA4C/PTPRO/FNBP1L/INTU/FGF13/INPP5J/CDC42EP3/NRCAM/RIPOR2/ATP1B2/SEMA3A/TREM2/SHOX2/RTN4R/APOE/MFSD2A/EPHB2/CHN1/S100A9/EPHA2/HES1/DDR2/SEMA3B/NEDD4L/ROBO1/ZNF365/ITGA6/NEDD9/SERPINF1/NTNG2/KREMEN1/PPP1R16B/FEZ1/SEMA6B/NCKAP1/SEMA6A/KLF5/SYNE2/PMP22/DRAXIN/HECW2/RAP1GAP/GFAP/COBL/ITGA3/ITPKA/STAP1/PLXNA4/CDC42EP5/EPHB3/MCF2/MYO10/ATP8B1/LRP4/TRPV4/DBN1/LTK/EPS8L1/PLEK2	137
GO:0030099	myeloid cell differentiation	105/2449	352/12472	2.28067906582448e-06	5.60335645713575e-05	3.76405651713573e-05	PTPN2/IL15/HIF1A/SOCS1/CCR7/SLC11A2/GPR137B/CCL19/SNX10/JAG1/BPGM/BATF/FOXO3/NFKBIA/BCL6/HEATR3/CFLAR/CEBPA/SLC9B2/MITF/SLC1A5/CSF2/NR3C1/EVI2B/PPARGC1B/CASP3/PRKDC/VEGFA/TGFBR2/BATF3/FOSL2/CDKN2B/FAM20C/RELB/RAB7B/CD4/CD74/ACVR1B/IL31RA/CDK6/CBFA2T3/ERFE/NDP/LYN/IRF7/TRIB1/INPP5D/DYRK3/IRF4/CD101/ZNF385A/FES/SBNO2/HLA-DRB1/THRA/ID2/FAXDC2/PML/LILRB1/RUNX1/FECH/FLI1/TNFAIP6/TNF/PRKX/FAM210B/TLR2/TIFAB/TNFRSF11B/IL12B/ITGB8/CTNNBIP1/HIPK2/TREM2/FASN/GPR183/IFNG/CCL3/CSF1R/EPHA2/ZFP36/GPR171/SIGLEC15/UCP2/ETS1/CEBPE/NEDD9/C1QC/LIPA/KCNQ1/INHBA/OCSTAMP/BATF2/ISG15/DCSTAMP/PPARG/IL23A/GATA2/LIF/MAF/CEACAM1/DLL1/FBN1/SCIN/CSF1	105
GO:0048245	eosinophil chemotaxis	15/2449	23/12472	2.34739307609365e-06	5.74093028107651e-05	3.85647177798033e-05	CCL15/CCL14/CCL23/CCL18/CCL1/CCL5/CCL4/CCL8/CCL3/CCL4L1/CCL2/CCL13/CCL22/CCL3L1/CCL3L3	15
GO:0002443	leukocyte mediated immunity	108/2449	365/12472	2.48859964370654e-06	6.0586089507692e-05	4.06987252736314e-05	CD80/NDST2/RFTN1/RNF19B/IL27RA/NBN/JAG1/BATF/C1RL/BCL6/JAK3/ICAM1/MYO1G/CLU/ACE/SLAMF1/RASGRP1/CARD9/MAD2L2/TRAF3IP2/NECTIN2/CD40/RABGEF1/NR4A3/TNFRSF1B/IL10/IL7R/SERPINB9/FOXF1/CD74/ITGB2/PVR/FCER1G/LYN/IRF7/MICA/INPP5D/CLEC7A/NFKBIZ/SLAMF7/ZP3/C5/FES/HLA-DRB1/C1S/VAMP8/CD1D/ANXA3/HLA-DRA/LILRB1/STXBP1/C1R/NKG7/TNF/SCIMP/CLCF1/CD84/LGALS9/SPN/CD1E/IL12B/CD70/RSAD2/FUT7/CD226/LAG3/TREM1/RIGI/HFE/TRPM4/CXCL6/ITGAM/TREM2/CD55/PRAM1/CCL3/CD19/CSF2RB/GAPT/ADORA2B/LAT/LTA/CCR6/GZMB/C1QC/NCR1/PRF1/CCR2/C1QA/CX3CR1/IL18/CR1/STAP1/IL23A/TNFSF4/C2/GATA2/IL18RAP/SLA2/TBX21/CEACAM1/LEP/KLRC1/CR2/NLRP3/IL2RB/IL18R1/CD96	108
GO:0050777	negative regulation of immune response	59/2449	170/12472	2.54398442629074e-06	6.16542108018698e-05	4.14162360993654e-05	PTPN2/CD80/CEP63/IL27RA/BCL6/JAK3/ACOD1/SLAMF1/ZC3H12A/HLX/TNFAIP3/HCK/PRKDC/RABGEF1/IL10/DHX58/IL7R/FGL2/SERPINB9/FOXF1/CGAS/LYN/MICA/INPP5D/SAMSN1/HLA-DRB1/NLRC5/LILRB1/PARP14/USP18/MMP12/CD84/LGALS9/SPN/LOXL3/IL12B/TYRO3/A2M/ASCL2/HFE/TREM2/CD55/SLAMF8/CCR2/FCRLB/ALOX15/ISG15/CR1/PPARG/TNFSF4/VSIG4/TBX21/CEACAM1/YES1/ARG2/KLRC1/CR2/PDCD1/CD96	59
GO:0055080	monoatomic cation homeostasis	120/2449	416/12472	2.83912242151879e-06	6.8497025629075e-05	4.60128991785265e-05	FAM20A/MCOLN2/CCL15/HIF1A/ATP6AP2/CCL14/GRINA/CCR7/CCL23/PLCB4/KL/SLC11A2/CLIC4/CCL19/SNX10/KCNJ2/SLC8A3/PPT1/SLC9B2/SLC9A8/CREG1/TM9SF4/CD40/SLC39A14/CALM2/SLC39A8/SLC41A1/CCDC115/ERFE/PLCB2/SLC39A10/LYN/NOL3/MLLT6/WNT5A/SLC9A7/TGM2/SLC24A3/RYR1/CIB2/ADORA1/PML/CYP27B1/SLC4A5/FECH/CCL1/HVCN1/CCL5/FRRS1/EDN1/TMEM175/KCNMA1/FXN/BCL2/KEL/ATP13A3/TRPV6/PLCB1/TRPM2/MT1F/MTLN/BMP6/PDE4D/HAMP/TPCN1/DMD/SLC46A1/PDK2/GSTM2/MT2A/CASQ1/ATP1B2/HFE/CCL8/EXT1/P2RY1/SLAMF8/APOE/IFNG/CCL3/SLC4A8/CD19/ATP6V0E2/S100A9/TRPV5/CCR5/KCNJ10/HCRTR1/ANK3/TMC8/ATP1B1/EDNRB/KCNQ1/CCR2/ALPL/CEMIP/P2RY6/SLC11A1/CYBRD1/SLC12A5/SYPL2/SV2A/CDH23/ITGB3/HTR2B/ATP1A4/FASLG/CCL13/ITPR3/SLC40A1/CA2/SLC26A4/TRPV4/JPH4/MT1M/MT1E/ANK2/CXCL10/RHCG/IL1A	120
GO:0032611	interleukin-1 beta production	35/2449	84/12472	2.88743125107733e-06	6.90405436641525e-05	4.63780075948416e-05	CCR7/RELA/CCL19/RIPK2/CASP1/CARD16/PANX1/ZC3H12A/TNFAIP3/MEFV/ACP5/WNT5A/CLEC7A/PML/LILRA5/TNF/TMEM106A/LGALS9/AIM2/SPHK1/PYCARD/TREM2/IFNG/CCL3/CD36/ORM2/ORM1/GBP5/NLRP2/FFAR1/CX3CR1/FFAR4/S1PR3/ARG2/NLRP3	35
GO:0032651	regulation of interleukin-1 beta production	35/2449	84/12472	2.88743125107733e-06	6.90405436641525e-05	4.63780075948416e-05	CCR7/RELA/CCL19/RIPK2/CASP1/CARD16/PANX1/ZC3H12A/TNFAIP3/MEFV/ACP5/WNT5A/CLEC7A/PML/LILRA5/TNF/TMEM106A/LGALS9/AIM2/SPHK1/PYCARD/TREM2/IFNG/CCL3/CD36/ORM2/ORM1/GBP5/NLRP2/FFAR1/CX3CR1/FFAR4/S1PR3/ARG2/NLRP3	35
GO:0045089	positive regulation of innate immune response	91/2449	297/12472	3.18493819935275e-06	7.58156844254816e-05	5.09292105983051e-05	RFTN1/RELA/RIPK2/NFKBIA/CASP1/TBK1/TRIM25/FLOT1/ACOD1/PIK3AP1/RASGRP1/MAPKAPK2/CARD9/LILRA4/TNFAIP3/NECTIN2/HCK/TKFC/PRKDC/CD40/TLR1/PELI1/TNIP1/FPR2/NINJ1/DHX58/MEFV/RAB7B/PVR/CGAS/PHB1/TNIP2/LYN/IRF7/PAK1/WNT5A/CLEC7A/NFKBIZ/IRF4/PLSCR1/NLRC5/CD1D/TIFA/ZNRF1/ZNFX1/GBP2/RNF125/IRAK2/USP27X/CCL5/TNF/FOSL1/TNIP3/MMP12/SCIMP/MIR146A/AIM2/TLR2/FFAR2/BIRC3/IL12B/ADAM8/NR1D1/RSAD2/TYRO3/IFIH1/TLR5/PYCARD/PARP9/CD226/TLR10/EIF2AK2/LAG3/FCN1/RIGI/OASL/TREM2/IRF1/CD36/ZBP1/TLR7/FCN2/CLEC4E/MNDA/GBP5/EREG/IL18RAP/KLRC1/COLEC12/NLRP3/LGR4	91
GO:0002399	MHC class II protein complex assembly	11/2449	14/12472	3.30923459939157e-06	7.80804427944548e-05	5.24505627670781e-05	HLA-DMA/HLA-DPB1/HLA-DPA1/HLA-DMB/HLA-DRB1/HLA-DRA/HLA-DQB1/HLA-DRB5/HLA-DOA/HLA-DOB/HLA-DQB2	11
GO:0002503	peptide antigen assembly with MHC class II protein complex	11/2449	14/12472	3.30923459939157e-06	7.80804427944548e-05	5.24505627670781e-05	HLA-DMA/HLA-DPB1/HLA-DPA1/HLA-DMB/HLA-DRB1/HLA-DRA/HLA-DQB1/HLA-DRB5/HLA-DOA/HLA-DOB/HLA-DQB2	11
GO:1905521	regulation of macrophage migration	20/2449	37/12472	3.34761986917932e-06	7.86397018391422e-05	5.28262452117032e-05	SLAMF1/CD200/P2RX4/MMP14/C5/MDK/CCL5/TREM2/SLAMF8/CCL3/CD200R1/CD9/CSF1R/CCR2/CX3CR1/STAP1/EMILIN1/TRPV4/THBS1/CSF1	20
GO:0001501	skeletal system development	96/2449	318/12472	3.50674477962082e-06	8.20180132735768e-05	5.50956270133025e-05	HIF1A/SLC39A1/TWSG1/INSIG2/RUNX2/SNX10/FOXN3/HAPLN3/SLC9B2/NAB1/PTGER4/ETS2/BMP10/SH3PXD2B/ADAMTS4/SEMA4D/ARID5B/PPARGC1B/PDGFRA/SLC39A14/TGFBR2/FOSL2/FAM20C/IFT172/CSRNP1/VCAN/MMP14/CD44/MTHFD1/ACP5/NAB2/MBOAT2/MAPK11/WNT5A/SRD5A1/TGM2/WNT5B/RYR1/MDK/PLXNB1/THRA/TP53/ZNF219/INSIG1/LILRB1/CTSK/RUNX1/NFIA/FMN1/EDN1/SULF2/DCANP1/GREM1/PCGF2/TIPARP/PDGFC/TIFAB/TNFRSF11B/ITGB8/BMP6/TGFBI/GLI3/LOC102724560/CBS/EXT1/SHOX2/EPHA2/DCHS1/TMEM119/DDR2/SIGLEC15/SOX5/ACVRL1/LIPA/PHOSPHO1/SNAI1/ALPL/HOXA1/COL1A1/PLS3/EVC/HAPLN4/DHRS3/MAF/LRP5/ZEB1/TRPV4/LEP/NFATC2/FBN1/GDF11/LAMA5/SCIN/MMP2/SMPD3/PITX1	96
GO:0050801	monoatomic ion homeostasis	121/2449	422/12472	3.57626223672468e-06	8.32802632169452e-05	5.59435438220822e-05	FAM20A/MCOLN2/CCL15/HIF1A/ATP6AP2/CCL14/GRINA/CCR7/CCL23/PLCB4/KL/SLC11A2/CLIC4/CCL19/SNX10/KCNJ2/SLC8A3/PPT1/SLC9B2/SLC9A8/CREG1/TM9SF4/CD40/SLC39A14/CALM2/SLC39A8/SLC41A1/CCDC115/ERFE/PLCB2/SLC39A10/LYN/NOL3/MLLT6/WNT5A/SLC9A7/TGM2/SLC24A3/RYR1/CIB2/ADORA1/PML/CYP27B1/SLC4A5/FECH/CCL1/HVCN1/CCL5/FRRS1/EDN1/TMEM175/KCNMA1/FXN/BCL2/KEL/ATP13A3/TRPV6/PLCB1/CA12/TRPM2/MT1F/MTLN/BMP6/PDE4D/HAMP/TPCN1/DMD/SLC46A1/PDK2/GSTM2/MT2A/CASQ1/ATP1B2/HFE/CCL8/EXT1/P2RY1/SLAMF8/APOE/IFNG/CCL3/SLC4A8/CD19/ATP6V0E2/S100A9/TRPV5/CCR5/KCNJ10/HCRTR1/ANK3/TMC8/ATP1B1/EDNRB/KCNQ1/CCR2/ALPL/CEMIP/P2RY6/SLC11A1/CYBRD1/SLC12A5/SYPL2/SV2A/CDH23/ITGB3/HTR2B/ATP1A4/FASLG/CCL13/ITPR3/SLC40A1/CA2/SLC26A4/TRPV4/JPH4/MT1M/MT1E/ANK2/CXCL10/RHCG/IL1A	121
GO:0031344	regulation of cell projection organization	139/2449	499/12472	3.82050480336625e-06	8.85827866962321e-05	5.9505515688794e-05	SCN1B/ULK2/CCR7/IL15RA/PFN2/RAPGEF2/CCL19/TIAM2/EZH2/CD38/NCKIPSD/ICAM1/CEP135/PLD1/BAIAP2/CFLAR/SEMA4B/RCC2/SEMA3C/KANK1/LPAR3/ODF2L/SEMA4D/DENND5A/LIMK2/MBOAT1/CDK5/VEGFA/CDC42EP2/EEF2K/RTN4IP1/CDC42EP4/SMURF1/RDX/TBC1D30/CD44/LYN/CAMK1D/PAK1/WNT5A/PTPRF/EHD1/NTN1/ABL2/MDK/FES/AGRN/PLXNB1/CAMK1/MAP3K13/EFHC2/LRP8/PDPN/ENPP2/NCS1/SCARF1/TBC1D7/TBC1D7-LOC100130357/DDR1/AVIL/MOV10/FRMD7/CDH1/KIF24/ARPIN/ADCY6/NEDD4/KEL/NEU4/FZD4/ALK/TUBB2B/TRPM2/LIMK1/EVL/PLXNA1/FSCN1/ABI3/PRAG1/SEMA4C/PTPRO/FNBP1L/INTU/FGF13/INPP5J/CDC42EP3/NRCAM/RIPOR2/ATP1B2/SEMA3A/TREM2/SHOX2/RTN4R/APOE/MFSD2A/EPHB2/CHN1/S100A9/EPHA2/HES1/DDR2/SEMA3B/NEDD4L/ROBO1/ZNF365/ITGA6/NEDD9/SERPINF1/NTNG2/KREMEN1/PPP1R16B/FEZ1/SEMA6B/NCKAP1/SEMA6A/ITGA2/KLF5/SYNE2/PMP22/DRAXIN/HECW2/RAP1GAP/GFAP/COBL/ITGA3/ITPKA/STAP1/PLXNA4/CDC42EP5/EPHB3/MCF2/MYO10/ATP8B1/LRP4/TRPV4/DBN1/LTK/EPS8L1/PLEK2	139
GO:0009410	response to xenobiotic stimulus	85/2449	274/12472	3.88051163067424e-06	8.91809166347978e-05	5.99073096689869e-05	VAV2/SLC1A2/RELA/TXN2/CD38/TGIF1/ABAT/SLC29A3/SEMA3C/ACE/CARD9/TRAF3IP2/GCLM/CASP3/NPC1/TGFBR2/FOSL2/IL10/CBR1/SUFU/ALAD/ASS1/FBP1/LYN/PDE4B/GCLC/ACSL1/SRD5A1/NFKBIZ/SMOX/PNP/TP53/LRP8/GSTO2/FECH/ADA/KCNQ3/ADORA2A/EPHX1/HADH/CDH1/TNF/FOSL1/EDN1/NNMT/BCL2/PFAS/NQO1/AIM2/TNFRSF11B/GSTM4/CAT/UCHL1/CYP3A7/GSTM2/AOC2/C1orf115/SLC29A1/CES3/HSPG2/ABCC3/LTA/LIPA/NKX3-1/GSTM1/KCNQ1/ABCA2/CMBL/ITGA2/CD69/COL1A1/ACACB/SLC12A5/ITGA3/ITGB3/HTR2B/ALDH3A1/NFATC2/CRHBP/SLCO2B1/CDK1/S100A12/THBS1/MMP2/MAOB	85
GO:0002822	regulation of adaptive immune response based on somatic recombination of immune receptors built from immunoglobulin superfamily domains	59/2449	172/12472	3.89175157242498e-06	8.91809166347978e-05	5.99073096689869e-05	CD80/IL27RA/CCL19/RIPK2/BATF/BCL6/JAK3/SLAMF1/ZC3H12A/CD274/CARD9/HLX/MAD2L2/TNFAIP3/NECTIN2/CD40/TNFRSF1B/IL10/IL7R/CD4/PVR/MICA/CLEC7A/NFKBIZ/ZP3/HLA-DRB1/CD1D/HLA-DRA/LILRB1/ADA/TNF/CLCF1/SPN/LOXL3/CD1E/IL12B/RSAD2/FUT7/CD226/ASCL2/HFE/TRPM4/TREM2/CD55/IL27/EPHB2/LTA/CCR2/SLC11A1/IL18/CR1/IL23A/TNFSF4/TBX21/CEACAM1/KLRC1/CR2/NLRP3/IL18R1	59
GO:0050878	regulation of body fluid levels	80/2449	254/12472	3.91236967703634e-06	8.91809166347978e-05	5.99073096689869e-05	VAV2/HIF1A/ENPP4/SOCS2/GPAT4/SERPINA1/GPI/TRAF3IP2/PDGFRA/CD40/VEGFA/FOSL2/ADM/PLAT/FZD6/FCER1G/CHRM3/ADTRP/ST3GAL4/LYN/MLLT6/ZNF385A/PDGFA/PROCR/PLSCR1/HK2/VAMP8/ADORA1/PDPN/F2RL2/AKR1B1/SERPINE2/TSPAN32/SLC4A5/PLEK/STXBP1/DDR1/ADA/ADORA2A/FLI1/PLAUR/EDN1/ADCY6/DCANP1/NME1/TIFAB/HEG1/RAP2B/VWF/F5/SERPINF2/TYRO3/PTPRO/F13A1/VCL/PROC/C1QTNF1/EXT1/VTN/P2RY1/APOE/EPHB2/SLC29A1/CD36/CD9/TRPV5/EDNRB/KCNN4/ITGA2/TREML1/ITGB3/THBD/CELSR2/SLC7A11/EMILIN1/SERPINE1/CEACAM1/TRPV4/TFPI/THBS1	80
GO:0033674	positive regulation of kinase activity	82/2449	262/12472	3.91290429596294e-06	8.91809166347978e-05	5.99073096689869e-05	CCR7/RAPGEF2/CCL19/NBN/MAP3K4/EZH2/MAP3K5/CARD14/CLU/ACE/LCP2/RASGRP1/PTPN1/PDGFRA/CD40/VEGFA/TGFBR2/CALM2/CD4/CD74/PHB1/NAB2/TXN/PAK1/CD86/WNT5A/TAB1/DIPK2A/HLA-DRB1/PDGFA/CAMK1/MAP3K13/LRP8/MAP2K3/LILRA5/DDR1/MAPRE3/CCL5/TNF/EDN1/PDGFC/ALK/PSRC1/IL12B/ADAM8/TYRO3/SASH1/FERMT2/TREM2/GPRC5B/IFNG/IRS1/CD19/CSF1R/EPHA2/ARHGEF5/DUSP19/CLSPN/DDR2/LAT/SNX9/ROBO1/CAMKK1/NEDD9/CEMIP/SLC11A1/EREG/IL18/ITGB3/HTR2B/IL23A/KIF14/PDGFRB/CCND2/CASS4/LEP/MET/LTK/S100A12/THBS1/CSF1/DLG3	82
GO:0061564	axon development	97/2449	323/12472	4.00735447763121e-06	9.09465702635286e-05	6.10933880666524e-05	ADARB1/SCN1B/ULK2/NEFH/TIAM2/ECE1/BAIAP2/SEMA4B/FLOT1/NRP2/SEMA3C/LPAR3/SEMA4D/CASP3/CDK5/VEGFA/B4GALT5/EPHB1/CNP/SMURF1/FLRT2/EPHB6/NDP/PAK1/OPHN1/WNT5A/PTPRF/NTN1/PLXNB1/MAP3K13/SCARF1/BOC/STXBP1/DDR1/KLF7/BHLHE22/UNC5C/CDH1/EDN1/EPHA10/BCL2/NOTCH3/KEL/TUBB2B/LIMK1/PLXNA1/UCHL1/PRDM8/SEMA4C/PTPRO/CTTN/GLI3/FGF13/TUBB3/APBB1/VCL/NRCAM/ADGRB1/SEMA3A/EXT1/SHOX2/RTN4R/APOE/EPHB2/CHN1/CSF1R/SEMA3B/NREP/PALLD/ROBO1/ANK3/SPTBN4/NTNG2/KREMEN1/FEZ1/SEMA6B/NEXN/SEMA6A/DRAXIN/OLFM1/LHX2/COBL/PLXNA4/EFNA3/B4GALT6/ITGA4/NMNAT2/EPHB3/NGFR/MCF2/LRP4/KIAA1755/APOD/SLITRK4/ISL2/MMP2/NR4A2	97
GO:0048858	cell projection morphogenesis	125/2449	440/12472	4.11049523798761e-06	9.28937236061672e-05	6.24013889559922e-05	ADARB1/SCN1B/ULK2/SLC11A2/NEFH/RAPGEF2/TIAM2/ECE1/BAIAP2/SEMA4B/FLOT1/NRP2/SEMA3C/KANK1/LPAR3/SEMA4D/CDK5/VEGFA/B4GALT5/EEF2K/EPHB1/CNP/SMURF1/IMPACT/CD44/FLRT2/EPHB6/NDP/PAK1/OPHN1/WNT5A/CPNE9/NTN1/MDK/PLXNB1/MAP3K13/LRP8/PDPN/ENPP2/BOC/STXBP1/DDR1/PREX2/ADORA2A/UNC13A/MOV10/KLF7/UNC5C/MAPK8IP2/CDH1/ARPIN/EDN1/EPHA10/BCL2/NEDD4/NOTCH3/PHACTR1/KEL/FZD4/TUBB2B/LIMK1/PLXNA1/KIF20B/UCHL1/ABI3/PRDM8/SEMA4C/PTPRO/CTTN/GLI3/FGF13/TUBB3/APBB1/VCL/RASAL1/NRCAM/ADGRB1/SEMA3A/EXT1/SHOX2/RTN4R/APOE/MFSD2A/WASF1/EPHB2/CHN1/CSF1R/SEMA3B/NEDD4L/PALLD/ROBO1/ANK3/SPTBN4/ZNF365/NTNG2/SGK1/FEZ1/SEMA6B/NCKAP1/NEXN/SEMA6A/DRAXIN/HECW2/SYT1/OLFM1/LHX2/FARP1/COBL/ITPKA/PLXNA4/EFNA3/B4GALT6/ITGA4/EPHB3/NGFR/MCF2/CELSR2/CPNE5/ITGA1/LRP4/KIAA1755/DBN1/SLITRK4/ISL2/NR4A2	125
GO:0051051	negative regulation of transport	94/2449	311/12472	4.17946531064721e-06	9.38648113179509e-05	6.3053717441287e-05	PPP3CC/ITGAV/ABAT/ACE/PIM3/CD200/CDK5/CYP51A1/KCNE5/RABGEF1/CALM2/TNFRSF1B/HMGCR/PNKD/APOC2/FOXF1/SUFU/CD74/ADTRP/PPIF/NFKB1/TXN/MIDN/OAZ3/PLSCR1/VAMP8/ADORA1/SERPINE2/NDUFAF2/INSIG1/LILRB1/OSM/ADA/YRDC/KLF7/HADH/TNF/EDN1/DCANP1/BCL2/NEDD4/KEL/CD84/LGALS9/MIR146A/TLR2/PLA2R1/TIFAB/LILRB2/FFAR2/APOC1/IL12B/RHBDF1/HAMP/RSAD2/GRB10/GSTM2/TCAF2/FRMD4A/P2RY1/APOE/PKIG/EPHB2/IRS1/PDE8B/CD36/KCNE1/ACVR1C/SLC43A1/HES1/UCP2/NEDD4L/PACSIN3/ANK3/NDFIP2/ABCA2/CCR2/INHBA/SCAMP5/KCNAB1/HECW2/ITGB3/FFAR4/ANO9/LIF/CEACAM1/TRAT1/APOD/LEP/CRHBP/NMB/THBS1/MAOB/MIR34A	94
GO:0032612	interleukin-1 production	39/2449	99/12472	4.20604083575583e-06	9.38648113179509e-05	6.3053717441287e-05	CCR7/RELA/CCL19/RIPK2/CASP1/CARD16/PANX1/ZC3H12A/TNFAIP3/IL10/MEFV/ACP5/WNT5A/CLEC7A/IL1R2/PML/LILRA5/TNF/TMEM106A/LGALS9/PANX2/AIM2/SPHK1/PYCARD/TREM2/IFNG/CCL3/CD36/ORM2/ORM1/GBP5/NLRP2/FFAR1/CX3CR1/FFAR4/S1PR3/CEACAM1/ARG2/NLRP3	39
GO:0032652	regulation of interleukin-1 production	39/2449	99/12472	4.20604083575583e-06	9.38648113179509e-05	6.3053717441287e-05	CCR7/RELA/CCL19/RIPK2/CASP1/CARD16/PANX1/ZC3H12A/TNFAIP3/IL10/MEFV/ACP5/WNT5A/CLEC7A/IL1R2/PML/LILRA5/TNF/TMEM106A/LGALS9/PANX2/AIM2/SPHK1/PYCARD/TREM2/IFNG/CCL3/CD36/ORM2/ORM1/GBP5/NLRP2/FFAR1/CX3CR1/FFAR4/S1PR3/CEACAM1/ARG2/NLRP3	39
GO:0043065	positive regulation of apoptotic process	122/2449	428/12472	4.47778193986256e-06	9.95145231116344e-05	6.68489131707807e-05	PTPN2/PLAGL2/IDO1/B4GALT1/SHQ1/RYBP/MCL1/RAPGEF2/RIPK2/TNFAIP8/CTSL/FOXO3/GADD45B/BTG1/BCL6/MAP3K5/DCUN1D3/GADD45G/AIFM2/MAP3K20/CFLAR/CLU/PHLDA3/ACE/NCK2/UBE2Z/ZC3H12A/GADD45A/CD274/NR3C1/DNAJA1/BCL2A1/CASP3/PRKDC/CD40/CDK5/FAM162A/STPG1/TNFRSF1B/IL10/ADM/GSN/STK17A/RPS6KA2/TP53BP2/CAMK2A/PHB1/LYN/CAMK1D/PMAIP1/WNT5A/PNMA1/INPP5D/TGM2/G0S2/TP53/TNFRSF8/PML/LILRB1/CTSK/ADORA2A/USP27X/BACE1/UNC5C/CCL5/TNF/FOSL1/KCNMA1/BCL2/NQO1/CDKN2A/LGALS9/MIR146A/PLA2R1/IL12B/ADAM8/TNFRSF10C/PYCARD/CALHM2/PLEKHN1/APBB1/AKAP12/HCAR2/MAP3K9/IFNG/CCL3/S100A9/ACVR1C/ZBP1/MIAT/ATF3/DLC1/CCL2/LTA/ITGA6/MNDA/NKX3-1/INHBA/VNN1/TFAP4/ECSCR/HTRA4/OLFM1/PPARG/IGFBP3/SEPTIN4/ITGA4/NGFR/NUPR1/FASLG/EMILIN1/ITGA1/LEP/NR4A1/LTK/IL19/THBS1/PDCD1/SCIN/MMP2/PHLDA2/MIR34A	122
GO:0035150	regulation of tube size	34/2449	82/12472	4.54128117000692e-06	9.95151912738544e-05	6.68493620089687e-05	ECE1/CD38/ACE/GCLM/ADM/GCH1/ACTA2/CHRM3/GCLC/HRH1/ADORA1/CYSLTR1/DOCK4/ADORA2A/TNF/EDN1/ADCY6/KCNMA1/KCNMB1/KEL/SERPINF2/LOC102724560/CBS/TRPM4/EXT1/P2RY1/APOE/ADORA2B/HRH2/EDNRB/HTR2B/ITGA1/LEP/MMP2	34
GO:0035296	regulation of tube diameter	34/2449	82/12472	4.54128117000692e-06	9.95151912738544e-05	6.68493620089687e-05	ECE1/CD38/ACE/GCLM/ADM/GCH1/ACTA2/CHRM3/GCLC/HRH1/ADORA1/CYSLTR1/DOCK4/ADORA2A/TNF/EDN1/ADCY6/KCNMA1/KCNMB1/KEL/SERPINF2/LOC102724560/CBS/TRPM4/EXT1/P2RY1/APOE/ADORA2B/HRH2/EDNRB/HTR2B/ITGA1/LEP/MMP2	34
GO:0097746	blood vessel diameter maintenance	34/2449	82/12472	4.54128117000692e-06	9.95151912738544e-05	6.68493620089687e-05	ECE1/CD38/ACE/GCLM/ADM/GCH1/ACTA2/CHRM3/GCLC/HRH1/ADORA1/CYSLTR1/DOCK4/ADORA2A/TNF/EDN1/ADCY6/KCNMA1/KCNMB1/KEL/SERPINF2/LOC102724560/CBS/TRPM4/EXT1/P2RY1/APOE/ADORA2B/HRH2/EDNRB/HTR2B/ITGA1/LEP/MMP2	34
GO:0036293	response to decreased oxygen levels	75/2449	235/12472	4.55213253586526e-06	9.95151912738544e-05	6.68493620089687e-05	HIF1A/SLC11A2/CPEB2/TXN2/HMOX2/SLC8A3/NDRG1/CD38/CFLAR/ABAT/ACE/TM9SF4/CASP3/VEGFA/FAM162A/EEF2K/FOSL2/ADM/DDIT4/PLAT/ADAM15/ALAD/MMP14/CBFA2T3/NDP/DPP4/NOL3/PMAIP1/RYR1/TP53/HK2/PLK3/ADORA1/PML/CYSLTR1/ADA/TNF/EDN1/KCNMA1/BCL2/KCNMB1/MIR146A/TLR2/FZD4/CAT/ADAM8/HIPK2/PLEKHN1/LOC102724560/CBS/ASCL2/TREM2/SLC2A8/SLC29A1/CYGB/HSPG2/DDR2/ARNT2/UCP2/LTA/ACVRL1/NKX3-1/VASN/ITGA2/PPARG/BRIP1/LIF/TRPV4/LEP/THBS1/MMP2/PLOD2/MIR34A/IL1A/NR4A2	75
GO:0051962	positive regulation of nervous system development	64/2449	192/12472	4.60678608056187e-06	9.99643221716127e-05	6.71510658351818e-05	HIF1A/RELA/SLC7A5/TIAM2/BAIAP2/HAPLN3/ACE/LPAR3/SEMA4D/VEGFA/EEF2K/TNFRSF1B/EPHB1/SMURF1/VCAN/FLRT2/LYN/TGM2/NTN1/PRKCH/MDK/AGRN/PLXNB1/AMIGO2/MAP3K13/LRP8/ID2/SERPINE2/CYSLTR1/TNF/IL1RAP/CLCF1/TLR2/FZD4/LIMK1/PLXNA1/ETV5/DLG5/GLI3/ADGRB1/RGS14/SHOX2/FAIM/IFNG/EPHB2/HES1/LRRN3/LTA/ROBO1/MYRF/ZNF365/SERPINF1/CLSTN3/CX3CR1/GFAP/HAPLN4/ITPKA/PLXNA4/MME/EPHB3/LIF/SOX8/DBN1/SLITRK4	64
GO:0034329	cell junction assembly	82/2449	263/12472	4.61000514869088e-06	9.99643221716127e-05	6.71510658351818e-05	ACHE/LAMA3/RAPGEF2/ITGA5/FLOT1/RCC2/ACE/RAB13/TLN2/HDAC7/SEMA4D/CDK5/VEGFA/GJB2/EEF2K/EPHB1/SDC4/MMP14/FLRT2/OPHN1/WNT5A/NTN1/PRKCH/DST/MYO1C/AGRN/PLXNB1/AMIGO2/CDH1/FMN1/TNF/BCL2/GREM1/IL1RAP/TLR2/PECAM1/FSCN1/ABI3/MDGA1/AFDN/PTPRO/CTTN/DLG5/FGF13/EPB41L5/FERMT2/VCL/NRCAM/ADGRB1/NRXN2/EPHB2/CD9/EPHA2/ZNF703/DLC1/LRRN3/RHOC/ACVRL1/ITGA6/CLSTN3/NTNG2/SNAI1/LRFN4/ITGA2/SORBS1/NPHP1/HAPLN4/FARP1/ITGB3/PTPN13/SDK1/EPHB3/TJP1/CLDN7/LRP4/TRPV4/APOD/PTPRK/ESAM/SLITRK4/ANK2/THBS1	82
GO:1903707	negative regulation of hemopoiesis	36/2449	89/12472	4.77343101958494e-06	0.00010297698625349	6.91748239091288e-05	PTPN2/SOCS1/GPR137B/BCL6/JAK3/CEBPA/ZC3H12A/HLX/FGL2/CD74/CDK6/ERFE/LYN/TRIB1/INPP5D/TSC22D1/MDK/ID2/LILRB1/RUNX1/TNFAIP6/TNFRSF11B/LOXL3/GLI3/ASCL2/LAG3/CCL3/IRF1/C1QC/INHBA/CR1/TNFSF4/GATA2/TBX21/CEACAM1/FBN1	36
GO:0120039	plasma membrane bounded cell projection morphogenesis	124/2449	437/12472	4.78739163127689e-06	0.00010297698625349	6.91748239091288e-05	ADARB1/SCN1B/ULK2/SLC11A2/NEFH/RAPGEF2/TIAM2/ECE1/BAIAP2/SEMA4B/FLOT1/NRP2/SEMA3C/KANK1/LPAR3/SEMA4D/CDK5/VEGFA/B4GALT5/EEF2K/EPHB1/CNP/SMURF1/IMPACT/CD44/FLRT2/EPHB6/NDP/PAK1/OPHN1/WNT5A/CPNE9/NTN1/PLXNB1/MAP3K13/LRP8/PDPN/ENPP2/BOC/STXBP1/DDR1/PREX2/ADORA2A/UNC13A/MOV10/KLF7/UNC5C/MAPK8IP2/CDH1/ARPIN/EDN1/EPHA10/BCL2/NEDD4/NOTCH3/PHACTR1/KEL/FZD4/TUBB2B/LIMK1/PLXNA1/KIF20B/UCHL1/ABI3/PRDM8/SEMA4C/PTPRO/CTTN/GLI3/FGF13/TUBB3/APBB1/VCL/RASAL1/NRCAM/ADGRB1/SEMA3A/EXT1/SHOX2/RTN4R/APOE/MFSD2A/WASF1/EPHB2/CHN1/CSF1R/SEMA3B/NEDD4L/PALLD/ROBO1/ANK3/SPTBN4/ZNF365/NTNG2/SGK1/FEZ1/SEMA6B/NCKAP1/NEXN/SEMA6A/DRAXIN/HECW2/SYT1/OLFM1/LHX2/FARP1/COBL/ITPKA/PLXNA4/EFNA3/B4GALT6/ITGA4/EPHB3/NGFR/MCF2/CELSR2/CPNE5/ITGA1/LRP4/KIAA1755/DBN1/SLITRK4/ISL2/NR4A2	124
GO:0060047	heart contraction	48/2449	132/12472	5.02481219259252e-06	0.000107651576414102	7.23149813653947e-05	SCN1B/KCNJ2/SLC8A3/ACE/BMP10/ZC3H12A/P2RX4/KCNE5/CALM2/ADM/GSN/RPS6KA2/GCH1/POPDC2/PDE4B/THRA/ADORA1/GPD1L/MAP2K3/TNNT2/ADA/TNF/EDN1/ADM2/PDE4D/TNNI2/FGF13/DMD/THRB/GSTM2/ATP1B2/TRPM4/EXT1/SHOX2/KCNJ5/KCNE1/NEDD4L/HBEGF/SPTBN4/ATP1B1/EDNRB/KCNQ1/ADORA3/SCN4B/DSP/TMIGD3/ANK2/TTN	48
GO:1903530	regulation of secretion by cell	112/2449	387/12472	5.13758777363115e-06	0.000109629163807046	7.36434263378959e-05	RAB12/HIF1A/ACHE/PFN2/TMEM132A/PTGES/CD38/SLC9B2/ABAT/RAB13/PIM3/MYH10/CD200/CDK5/P2RX4/CYP51A1/PFKFB2/RABGEF1/TNFRSF1B/HMGCR/SDC4/PNKD/FOXF1/CAMK2A/ITGB2/CHRM3/ADTRP/LYN/RETN/MIDN/ZP3/FES/HLA-DRB1/PCK2/TM7SF3/VAMP8/ADORA1/F2RL2/NDUFAF2/LILRB1/STXBP1/OSM/ADORA2A/KLF7/SLC16A1/ACSL4/HADH/CCL5/TNF/EDN1/TRPV6/CD84/LGALS9/MIR146A/TLR2/PLCB1/FFAR2/IL12B/RHBDF1/BMP6/ADAM8/NR1D1/RSAD2/SYP/APBB1/SYN1/MYOF/C1QTNF1/FRMD4A/HFE/TRPM4/ITGAM/P2RY1/TREM2/HCAR2/APOE/IFNG/PRAM1/IRS1/SLC4A8/PDE8B/ACVR1C/SCG5/ADORA2B/UCP2/FFAR3/NKX3-1/KCNN4/STX1A/CCR2/INHBA/SCAMP5/FFAR1/ADORA3/DOC2A/SYT1/PPARG/RAB15/SEPTIN4/GATA2/FFAR4/LIF/LRP5/CEACAM1/LEP/CRHBP/NMB/SYT6/SMPD3/MAOB/IL1A/TTN	112
GO:0050819	negative regulation of coagulation	19/2449	35/12472	5.41910701805625e-06	0.000114286796633178	7.6772192699226e-05	PDGFRA/PLAT/ADTRP/PDGFA/PROCR/SERPINE2/PLAUR/EDN1/SERPINF2/PROC/C1QTNF1/VTN/APOE/CD9/THBD/SERPINE1/CEACAM1/TFPI/THBS1	19
GO:0032635	interleukin-6 production	49/2449	136/12472	5.41987422420223e-06	0.000114286796633178	7.6772192699226e-05	RELA/IL27RA/RIPK2/SLAMF1/MAPKAPK2/ZC3H12A/CARD9/TNFAIP3/CD200/TLR1/RABGEF1/IL10/RAB7B/CD74/WNT5A/INPP5D/CLEC7A/LILRA5/IL36RN/TNF/TMEM106A/IL1RAP/SCIMP/CD84/LGALS9/MIR146A/TLR2/LILRB2/IL17RC/IFIH1/PYCARD/AIF1/RIGI/HGF/TREM2/IL1RL2/IFNG/CD200R1/CD36/TLR7/ADORA2B/ORM1/BANK1/EREG/TNFSF4/TRPV4/LEP/NMB/IL1A	49
GO:0032675	regulation of interleukin-6 production	49/2449	136/12472	5.41987422420223e-06	0.000114286796633178	7.6772192699226e-05	RELA/IL27RA/RIPK2/SLAMF1/MAPKAPK2/ZC3H12A/CARD9/TNFAIP3/CD200/TLR1/RABGEF1/IL10/RAB7B/CD74/WNT5A/INPP5D/CLEC7A/LILRA5/IL36RN/TNF/TMEM106A/IL1RAP/SCIMP/CD84/LGALS9/MIR146A/TLR2/LILRB2/IL17RC/IFIH1/PYCARD/AIF1/RIGI/HGF/TREM2/IL1RL2/IFNG/CD200R1/CD36/TLR7/ADORA2B/ORM1/BANK1/EREG/TNFSF4/TRPV4/LEP/NMB/IL1A	49
GO:0042100	B cell proliferation	32/2449	76/12472	5.83159408744801e-06	0.00012248634483283	8.22802418612892e-05	BCL6/CD38/RASGRP1/CASP3/CD40/PELI1/FOSL2/IL10/IL7R/CD74/SLC39A10/LYN/INPP5D/NFKBIZ/SHB/ADA/BCL2/CLCF1/CD70/CD180/GPR183/IL7/EPHB2/CD19/GAPT/MNDA/IKZF3/TNFRSF13B/NFATC2/CR2/CARD11/CD79A	32
GO:0046636	negative regulation of alpha-beta T cell activation	21/2449	41/12472	5.93775702990583e-06	0.000124229010360061	8.3450877994318e-05	SOCS1/TWSG1/BCL6/JAK3/ZC3H12A/CD274/HLX/LILRB1/RUNX1/ADORA2A/LGALS9B/VSIR/LGALS9/LOXL3/GLI3/ASCL2/HFE/LGALS9C/TNFSF4/TBX21/ARG2	21
GO:0006575	cellular modified amino acid metabolic process	36/2449	90/12472	6.46691702678781e-06	0.00013477357041041	9.0534189627527e-05	CKB/MBOAT1/MTHFS/GCNT4/GCH1/PLA1A/MTHFD1/ASS1/SLC22A4/MBOAT2/HPN/PLSCR1/CTSK/DUOX2/GATM/OSBPL5/SARDH/SLC27A1/TG/PCYOX1/SLC46A1/PCYOX1L/LOC102724560/CBS/ALDH7A1/ATIC/SHMT1/MFSD2A/SLC16A10/SLC19A1/GGACT/VNN1/VNN2/CRYM/CHDH/PLOD2	36
GO:0098771	inorganic ion homeostasis	105/2449	360/12472	6.93050808651622e-06	0.000143875198881321	9.66482115043347e-05	FAM20A/MCOLN2/CCL15/HIF1A/CCL14/GRINA/CCR7/CCL23/PLCB4/KL/SLC11A2/CCL19/SNX10/KCNJ2/SLC8A3/SLC9B2/CD40/SLC39A14/CALM2/SLC39A8/SLC41A1/CCDC115/ERFE/PLCB2/SLC39A10/LYN/NOL3/MLLT6/WNT5A/TGM2/SLC24A3/RYR1/CIB2/ADORA1/PML/CYP27B1/FECH/CCL1/CCL5/FRRS1/EDN1/KCNMA1/FXN/BCL2/KEL/ATP13A3/TRPV6/PLCB1/CA12/TRPM2/MT1F/MTLN/BMP6/PDE4D/HAMP/TPCN1/DMD/SLC46A1/GSTM2/MT2A/CASQ1/ATP1B2/HFE/CCL8/EXT1/P2RY1/APOE/IFNG/CCL3/CD19/S100A9/TRPV5/CCR5/KCNJ10/HCRTR1/ANK3/TMC8/ATP1B1/EDNRB/KCNQ1/CCR2/ALPL/CEMIP/P2RY6/SLC11A1/CYBRD1/SLC12A5/SYPL2/SV2A/CDH23/ITGB3/HTR2B/ATP1A4/FASLG/CCL13/ITPR3/SLC40A1/TRPV4/JPH4/MT1M/MT1E/ANK2/CXCL10/RHCG/IL1A	105
GO:0045582	positive regulation of T cell differentiation	41/2449	108/12472	7.16627755057207e-06	0.000148195299462795	9.9550240470861e-05	CD80/SOCS1/CCL19/RIPK2/FOXO3/BCL6/RASGRP1/HLX/TGFBR2/IL7R/CD83/CD74/CD86/TNFSF9/NFKBIZ/RHOH/MDK/SHB/HLA-DRB1/PNP/HLA-DRA/RUNX1/ADA/IL2RA/VSIR/LGALS9/LILRB2/IL12B/ADAM8/GLI3/TESPA1/IL1RL2/IL7/IFNG/VNN1/IL18/CR1/IL23A/TNFSF4/IL36B/NLRP3	41
GO:0032945	negative regulation of mononuclear cell proliferation	30/2449	70/12472	7.38475148636128e-06	0.000150947801678629	0.000101399234726927	CD80/IDO1/TWSG1/CD274/CASP3/PELI1/IL10/SDC4/LYN/CD86/INPP5D/HLA-DRB1/TSPAN32/LILRB1/LST1/IL2RA/LGALS9B/VSIR/LGALS9/LILRB2/SPN/DLG5/GPNMB/PDCD1LG2/LGALS9C/MNDA/CR1/TNFRSF13B/VSIG4/ARG2	30
GO:0050672	negative regulation of lymphocyte proliferation	30/2449	70/12472	7.38475148636128e-06	0.000150947801678629	0.000101399234726927	CD80/IDO1/TWSG1/CD274/CASP3/PELI1/IL10/SDC4/LYN/CD86/INPP5D/HLA-DRB1/TSPAN32/LILRB1/LST1/IL2RA/LGALS9B/VSIR/LGALS9/LILRB2/SPN/DLG5/GPNMB/PDCD1LG2/LGALS9C/MNDA/CR1/TNFRSF13B/VSIG4/ARG2	30
GO:0002761	regulation of myeloid leukocyte differentiation	39/2449	101/12472	7.41638773744837e-06	0.000150947801678629	0.000101399234726927	PTPN2/GPR137B/SLC9B2/MITF/EVI2B/PPARGC1B/CD4/CD74/CDK6/ERFE/LYN/IRF7/TRIB1/INPP5D/CD101/FES/HLA-DRB1/ID2/LILRB1/RUNX1/TNFAIP6/TNF/TNFRSF11B/IL12B/CTNNBIP1/TREM2/IFNG/CCL3/NEDD9/C1QC/INHBA/OCSTAMP/DCSTAMP/IL23A/GATA2/LIF/CEACAM1/FBN1/CSF1	39
GO:0061138	morphogenesis of a branching epithelium	39/2449	101/12472	7.41638773744837e-06	0.000150947801678629	0.000101399234726927	CLIC4/SOCS3/SEMA3C/VEGFA/TGFBR2/IL10/ADM/DLL4/FOXF1/MMP14/PAK1/HS3ST3B1/WNT5A/TGM2/MDK/PDGFA/PML/DDR1/TNF/EDN1/BCL2/GREM1/PLXNA1/CTNNBIP1/DLG5/GLI3/EXT1/HGF/EPHA2/DCHS1/NKX3-1/HS3ST3A1/SOX8/LRP5/AREG/MET/LAMA5/CSF1/LGR4	39
GO:0008037	cell recognition	35/2449	87/12472	7.44029492964114e-06	0.000150947801678629	0.000101399234726927	B4GALT1/CCR7/CCL19/NCK2/CASP3/EPHB1/VCAN/CLEC7A/ZP3/PECAM1/CLGN/SCARB1/FOLR2/CD226/NRCAM/ADGRB1/FCN1/EXT1/TREM2/EPHB2/ASTL/CD36/CD9/FCN2/FOLR3/PALLD/ROBO1/NEDD9/PRF1/NEXN/PTX3/EPHB3/CLEC4M/COLEC12/PCSK4	35
GO:1901699	cellular response to nitrogen compound	136/2449	492/12472	7.48426245189299e-06	0.000151266829027694	0.000101613541452116	PTPN2/SOCS1/SLC1A2/CASP4/ACHE/RELA/SLC7A5/INSIG2/RAPGEF2/CPEB2/RIPK2/EZH2/SNX5/MAP3K5/JAK3/SOCS2/ICAM1/DDI2/BAIAP2/CFLAR/FLOT1/SOCS3/RRAGC/ATP5F1A/KANK1/RAB13/PTPN1/AQP9/GCLM/CASP3/PDGFRA/PRKDC/CDK5/P2RX4/SLC39A14/GJB2/EEF2K/NR4A3/CDK2/EPRS1/FPR2/UROS/SESN3/BMT2/GNA15/RGS10/CAMK2A/CGAS/ASS1/XRN1/ERFE/CHRM3/NFKB1/FBP1/LYN/PDE4B/GCLC/ZDHHC7/SRD5A1/HRH1/TGM2/RYR1/MYO1C/AGRN/CIB2/SESN2/PCK2/TP53/PDXP/INSIG1/BACE1/CDH1/TNF/EDN1/ADCY6/P2RY11/MIR146A/PDGFC/PLCB1/COL6A1/ALK/TRPM2/SLC27A1/IFIH1/GRB10/FUT7/CACNA1A/FOLR2/CASTOR1/PDK2/GSTM2/RIGI/TRPM4/GNG2/P2RY1/TREM2/SHMT1/GPT2/SLC2A8/EPHB2/IRS1/CD36/KCNE1/LGMN/DDR2/UCP2/FFAR3/HRH2/KCNQ1/INHBA/SORBS1/COL1A1/P2RY6/PPARG/ITGB3/HTR2B/DEFB124/ITGA4/BRIP1/NGFR/TRIB3/HDAC9/PDE2A/CA2/ZEB1/CEACAM1/LEP/NR4A1/CRHBP/SORL1/FBN1/COLEC12/IFIT1/MMP2/SMPD3/NR4A2	136
GO:0033273	response to vitamin	26/2449	57/12472	7.56422970595238e-06	0.000152308324455192	0.000102313166343274	RELA/KL/RUNX2/TRIM25/CD40/NNT/ALAD/CDKN2D/MN1/NFKBIZ/FES/CYP27B1/PIM1/CAT/F5/FOLR2/LOC102724560/CBS/LIPA/ALPL/ITGA2/COL1A1/BRIP1/LEP/CXCL10/IL1A	26
GO:0002009	morphogenesis of an epithelium	99/2449	336/12472	7.88664777235273e-06	0.000157810717675507	0.000106009400773335	HIF1A/CLIC4/JAG1/ITGA5/DNAAF1/SOCS3/SEMA3C/NR3C1/OVOL2/CASP3/PALS1/VEGFA/TGFBR2/CECR2/IL10/ADM/DLL4/SDC4/IFT172/FZD6/SMURF1/FOXF1/CYP7B1/SUFU/MMP14/CD44/MTHFD1/PAK1/CCDC103/HS3ST3B1/OPHN1/WNT5A/ZDHHC7/TGM2/WNT5B/NTN1/MDK/PDGFA/PDPN/PML/DDR1/BBS5/MICAL2/FMN1/TNF/EDN1/BCL2/GREM1/PRKX/MMP12/IFT57/PLXNA1/KIF20B/CTNNBIP1/MTSS1/SEMA4C/DLG5/GLI3/INTU/VANGL2/STARD13/EPB41L5/FERMT2/VCL/EXT1/HGF/LRG1/CSF1R/EPHA2/DCHS1/HES1/DLC1/RHOC/HBEGF/ACVRL1/NKX3-1/SNAI1/HS3ST3A1/CTHRC1/NPHP1/LHX2/COBL/LIF/NGFR/TGM3/CELSR2/SOX8/CA2/LRP5/AREG/CEACAM1/DLL1/MET/LAMA5/MMP2/CSF1/DLG3/LGR4/CXCL10	99
GO:0045063	T-helper 1 cell differentiation	14/2449	22/12472	7.89642874104476e-06	0.000157810717675507	0.000106009400773335	CD80/CCL19/RIPK2/JAK3/HLX/STAT4/RELB/NFKBIZ/SPN/ASCL2/IL27/TNFSF4/TBX21/IL18R1	14
GO:0001649	osteoblast differentiation	56/2449	164/12472	7.93328053889749e-06	0.000157957808796784	0.000106108209281752	NOCT/DNAI3/ACHE/TWSG1/ITGA11/RUNX2/JAG1/FIGNL1/CEBPA/TP53INP2/HDAC7/SEMA4D/FOSL2/FAM20C/TMT1A/VCAN/SUFU/CDK6/PHB1/ERFE/MAPK11/BAMBI/TNFAIP6/HSD17B4/TNF/GREM1/COL6A1/CAT/CTNNBIP1/BMP6/ZHX3/IFITM1/GLI3/FERMT2/TRPM4/HGF/FASN/SHOX2/MRC2/CCL3/EPHA2/TMEM119/DDR2/LRP3/SNAI1/ALPL/CTHRC1/COL1A1/PPARG/IGFBP3/FFAR4/SOX8/GLI1/LRP5/AREG/LGR4	56
GO:0007409	axonogenesis	87/2449	287/12472	8.31112642415807e-06	0.000164868122695521	0.000110750214884102	ADARB1/SCN1B/ULK2/NEFH/TIAM2/ECE1/BAIAP2/SEMA4B/FLOT1/NRP2/SEMA3C/LPAR3/SEMA4D/CDK5/VEGFA/B4GALT5/EPHB1/CNP/SMURF1/FLRT2/EPHB6/NDP/PAK1/OPHN1/WNT5A/NTN1/PLXNB1/MAP3K13/BOC/STXBP1/KLF7/UNC5C/CDH1/EDN1/EPHA10/BCL2/NOTCH3/KEL/TUBB2B/LIMK1/PLXNA1/UCHL1/PRDM8/SEMA4C/PTPRO/CTTN/GLI3/FGF13/TUBB3/APBB1/VCL/NRCAM/ADGRB1/SEMA3A/EXT1/SHOX2/RTN4R/APOE/EPHB2/CHN1/CSF1R/SEMA3B/PALLD/ROBO1/ANK3/SPTBN4/NTNG2/FEZ1/SEMA6B/NEXN/SEMA6A/DRAXIN/OLFM1/LHX2/COBL/PLXNA4/EFNA3/B4GALT6/ITGA4/EPHB3/NGFR/MCF2/LRP4/KIAA1755/SLITRK4/ISL2/NR4A2	87
GO:1905954	positive regulation of lipid localization	34/2449	84/12472	8.54419929096099e-06	0.000168866167536484	0.000113435902802504	PTGES/NFKBIA/ZC3H12A/P2RX4/FITM2/ERFE/NFKB1/RETN/ACSL1/FABP3/EHD1/ACSL5/SCP2/TRIAP1/EDN1/ABCA5/PLA2R1/APOC4/BMP6/SCARB1/C1QTNF1/EEPD1/TREM2/APOE/CD36/NKX3-1/LIPG/ACACB/PPARG/MSR1/FASLG/NMB/MIR34A/IL1A	34
GO:0031960	response to corticosteroid	38/2449	98/12472	8.62213847190207e-06	0.000169780050204072	0.00011404980378081	SSTR2/CFLAR/ATP5F1A/ACE/CARD9/NR3C1/CASP3/GJB2/FOSL2/IL10/ADM/DDIT4/ZFP36L2/ALAD/ASS1/SRD5A1/PCK2/ANXA3/FECH/TNF/FOSL1/EDN1/BCL2/IL1RN/BMP6/SSTR3/A2M/BCKDHB/SMYD3/ZFP36/SERPINF1/SGK1/IGFBP7/ALPL/INHBA/TFAP4/AREG/MAOB	38
GO:0030195	negative regulation of blood coagulation	18/2449	33/12472	8.77527085115054e-06	0.00017091036610459	0.000114809093853522	PDGFRA/PLAT/ADTRP/PDGFA/SERPINE2/PLAUR/EDN1/SERPINF2/PROC/C1QTNF1/VTN/APOE/CD9/THBD/SERPINE1/CEACAM1/TFPI/THBS1	18
GO:0070269	pyroptosis	18/2449	33/12472	8.77527085115054e-06	0.00017091036610459	0.000114809093853522	CASP4/CASP1/MAP3K20/CASP3/NINJ1/MEFV/GBP1/GBP2/IFI27/GBP3/AIM2/PYCARD/TREM2/ZBP1/GZMB/GSDMA/GBP5/NLRP3	18
GO:1900047	negative regulation of hemostasis	18/2449	33/12472	8.77527085115054e-06	0.00017091036610459	0.000114809093853522	PDGFRA/PLAT/ADTRP/PDGFA/SERPINE2/PLAUR/EDN1/SERPINF2/PROC/C1QTNF1/VTN/APOE/CD9/THBD/SERPINE1/CEACAM1/TFPI/THBS1	18
GO:1905952	regulation of lipid localization	46/2449	127/12472	8.85077515630182e-06	0.000171756346873741	0.000115377381709533	PTPN2/PTGES/NFKBIA/ITGAV/ZC3H12A/P2RX4/EPRS1/FITM2/APOC2/ERFE/NFKB1/RETN/ACSL1/FABP3/EHD1/ACSL5/SCP2/TRIAP1/TNF/EDN1/MIR146A/ABCA5/PLA2R1/APOC4/APOC1/TTC39B/BMP6/SCARB1/C1QTNF1/EEPD1/TREM2/APOE/CD36/NKX3-1/ABCA2/LIPG/ACACB/PPARG/ITGB3/MSR1/FASLG/LEP/NMB/THBS1/MIR34A/IL1A	46
GO:0002688	regulation of leukocyte chemotaxis	41/2449	109/12472	9.33274374054133e-06	0.000180455507127579	0.00012122104543101	CCR7/CCL19/CXCL13/SLAMF1/VEGFA/FPR2/CD74/DPP4/LYN/CAMK1D/WNT5A/C5/MDK/CCL1/TNFAIP6/CCL5/EDN1/CCL4/GREM1/LGALS9/DUSP1/AIF1/RIPOR2/SLAMF8/CCL3/CSF1R/LGMN/CCL2/CCR6/NEDD9/CCR2/CX3CR1/CXCL8/STAP1/IL23A/DEFB124/SERPINE1/TRPV4/THBS1/CSF1/CXCL10	41
GO:0060348	bone development	51/2449	146/12472	9.67488349175586e-06	0.000185959601037185	0.000124918422299654	INSIG2/RUNX2/SNX10/FOXN3/SLC9B2/NAB1/PTGER4/SH3PXD2B/SEMA4D/TGFBR2/FOSL2/FAM20C/IFT172/MMP14/ACP5/NAB2/MAPK11/SRD5A1/TGM2/RYR1/PLXNB1/TP53/INSIG1/LILRB1/SULF2/DCANP1/GREM1/PDGFC/TIFAB/BMP6/GLI3/LOC102724560/CBS/EXT1/SHOX2/DCHS1/TMEM119/DDR2/SIGLEC15/LIPA/PHOSPHO1/ALPL/COL1A1/PLS3/EVC/DHRS3/LRP5/TRPV4/LEP/FBN1/SMPD3	51
GO:2000516	positive regulation of CD4-positive, alpha-beta T cell activation	21/2449	42/12472	9.68684254842695e-06	0.000185959601037185	0.000124918422299654	CD80/SOCS1/CCL19/RIPK2/HLX/TGFBR2/CD83/CD86/NFKBIZ/SHB/HLA-DRB1/HLA-DRA/LGALS9/IL12B/CD55/IFNG/IL18/IL23A/TNFSF4/CARD11/NLRP3	21
GO:0048812	neuron projection morphogenesis	119/2449	422/12472	1.02162293659728e-05	0.00019542187315768	0.000131274706665019	ADARB1/SCN1B/ULK2/SLC11A2/NEFH/RAPGEF2/TIAM2/ECE1/BAIAP2/SEMA4B/FLOT1/NRP2/SEMA3C/LPAR3/SEMA4D/CDK5/VEGFA/B4GALT5/EEF2K/EPHB1/CNP/SMURF1/IMPACT/FLRT2/EPHB6/NDP/PAK1/OPHN1/WNT5A/CPNE9/NTN1/PLXNB1/MAP3K13/LRP8/BOC/STXBP1/DDR1/PREX2/ADORA2A/UNC13A/MOV10/KLF7/UNC5C/MAPK8IP2/CDH1/EDN1/EPHA10/BCL2/NEDD4/NOTCH3/PHACTR1/KEL/FZD4/TUBB2B/LIMK1/PLXNA1/KIF20B/UCHL1/ABI3/PRDM8/SEMA4C/PTPRO/CTTN/GLI3/FGF13/TUBB3/APBB1/VCL/RASAL1/NRCAM/ADGRB1/SEMA3A/EXT1/SHOX2/RTN4R/APOE/MFSD2A/WASF1/EPHB2/CHN1/CSF1R/SEMA3B/NEDD4L/PALLD/ROBO1/ANK3/SPTBN4/ZNF365/NTNG2/SGK1/FEZ1/SEMA6B/NCKAP1/NEXN/SEMA6A/DRAXIN/HECW2/SYT1/OLFM1/LHX2/FARP1/COBL/ITPKA/PLXNA4/EFNA3/B4GALT6/ITGA4/EPHB3/NGFR/MCF2/CELSR2/CPNE5/ITGA1/LRP4/KIAA1755/DBN1/SLITRK4/ISL2/NR4A2	119
GO:0001763	morphogenesis of a branching structure	42/2449	113/12472	1.03102692947119e-05	0.000196518869546181	0.000132011614344728	CLIC4/SOCS3/SEMA3C/VEGFA/TGFBR2/IL10/ADM/DLL4/FOXF1/MMP14/PAK1/HS3ST3B1/WNT5A/TGM2/MDK/PDGFA/MAP3K13/PML/DDR1/TNF/EDN1/BCL2/GREM1/PLXNA1/CTNNBIP1/DLG5/GLI3/FGF13/EXT1/HGF/SHOX2/EPHA2/DCHS1/NKX3-1/HS3ST3A1/SOX8/LRP5/AREG/MET/LAMA5/CSF1/LGR4	42
GO:0032729	positive regulation of type II interferon production	30/2449	71/12472	1.04061548036744e-05	0.000197577514059662	0.000132722759139956	SLC7A5/IL27RA/RIPK2/SLAMF1/RASGRP1/HLA-DPB1/HLA-DPA1/EBI3/WNT5A/PDE4B/CLEC7A/ZP3/LILRB1/TNF/LGALS9/IL12B/PDE4D/PYCARD/CD226/IL12RB2/IL27/TLR7/LTA/CCR2/SLC11A1/ISG15/IL18/IL23A/TNFSF4/IL18R1	30
GO:0055090	acylglycerol homeostasis	15/2449	25/12472	1.04764775939029e-05	0.000197577514059662	0.000132722759139956	MED13/FITM2/APOC2/PNPLA8/SESN2/ADORA1/APOC4/MLXIPL/MTLN/SCARB1/APOE/DGAT2/GCKR/IL18/MIR34A	15
GO:0070328	triglyceride homeostasis	15/2449	25/12472	1.04764775939029e-05	0.000197577514059662	0.000132722759139956	MED13/FITM2/APOC2/PNPLA8/SESN2/ADORA1/APOC4/MLXIPL/MTLN/SCARB1/APOE/DGAT2/GCKR/IL18/MIR34A	15
GO:1902074	response to salt	76/2449	244/12472	1.0575858486342e-05	0.000198751922992449	0.000133511668721393	SLC1A2/ACHE/CLIC4/RUNX2/BAIAP2/CEBPA/PANX1/ABAT/ZC3H12A/GCLM/CDK5/P2RX4/CALM2/EEF2K/ANXA11/GNA15/RGS10/ALAD/XRN1/CHRM3/LRP11/PPIF/WNT5A/CRLS1/RASA4/GCLC/TGM2/CPNE9/RASA4B/RYR1/AGRN/CIB2/PDXP/TNNT2/KCNQ3/CDH1/TNF/EDN1/KCNMA1/P2RY11/NEDD4/KCNMB1/TRPV6/PLCB1/TRPM2/CAT/RASAL1/TRPM4/PKD2L1/P2RY1/P2RX5/CD36/KCNJ10/LGMN/CPNE4/MYRF/EDNRB/ALPL/ITGA2/ALOX15/COL1A1/ALOX5AP/SYT1/ITPKA/IMPA2/SDK1/CPNE5/ITPR3/LEP/NFATC2/CRHBP/SYT6/SUCNR1/THBS1/IL1A/TTN	76
GO:0002367	cytokine production involved in immune response	40/2449	106/12472	1.09168053460502e-05	0.000204441991026031	0.000137333973768125	SLC7A5/RIPK2/BCL6/JAK3/PANX1/SLAMF1/MAPKAPK2/CARD9/RABGEF1/NR4A3/TNFRSF1B/IL10/CD74/ACP5/PRG2/WNT5A/CLEC7A/LILRB1/TNF/SCIMP/FFAR2/RSAD2/PYCARD/CD226/TREM1/RIGI/HFE/TRPM4/GPRC5B/CD55/CD36/TLR7/FFAR3/CCR2/IL18/TNFSF4/TBX21/NLRP3/IL18R1/CD96	40
GO:2000106	regulation of leukocyte apoptotic process	34/2449	85/12472	1.15801990574963e-05	0.00021610991690575	0.000145171906761498	HIF1A/IDO1/CCR7/RAPGEF2/CCL19/BCL6/JAK3/CD274/IL10/IL7R/CD74/SLC39A10/LYN/IRF7/WNT5A/GPAM/TP53/LILRB1/ADA/CCL5/PTCRA/BCL2/CDKN2A/LGALS9/ADAM8/HCAR2/HSH2D/CCR5/MIAT/BIRC7/SLC7A11/ARG2/PDCD1/MIR34A	34
GO:0048565	digestive tract development	29/2449	68/12472	1.17182772452101e-05	0.000217927405990782	0.000146392805643743	HIF1A/DNAAF1/HLX/OVOL2/PDGFRA/IFT172/FOXF1/ASS1/CCDC103/WNT5A/ID2/ADA/TNF/BCL2/PDGFC/GLI3/EPB41L5/EXT1/SHOX2/DCHS1/HES1/EDNRB/KCNQ1/KLF5/CXCL8/COBL/EPHB3/GLI1/LGR4	29
GO:0006909	phagocytosis	65/2449	201/12472	1.19910993622759e-05	0.000222229509288408	0.000149282744929008	VAV2/IL15/ELMO2/IL15RA/ITGAV/MYO1G/TM9SF4/SLAMF1/XKR8/HCK/FPR2/ANXA11/GSN/RAB7B/LDLR/ITGB2/FCER1G/LYN/CAMK1D/PAK1/CLEC7A/CD302/TGM2/PLSCR1/ADORA1/ANXA3/ADORA2A/TNF/TMEM175/TLR2/SPHK1/LIMK1/PECAM1/TYRO3/SCARB1/PYCARD/ADGRB1/AIF1/FCN1/ITGAM/TREM2/IFNG/CD36/FCN2/CCL2/CEBPE/CCR2/ITGA2/CD93/ALOX15/P2RY6/SLC11A1/STAP1/ITGB3/C2/PTX3/GATA2/MSR1/PLD4/YES1/LEP/MET/COLEC12/THBS1/IL2RB	65
GO:0043549	regulation of kinase activity	128/2449	462/12472	1.22735460644867e-05	0.000226679699039279	0.000152272161337262	ADARB1/CCR7/RAP2C/RAPGEF2/CCL19/NBN/MAP3K4/CEP85/EZH2/SLC8A3/MAP3K5/CARD14/CEBPA/CLU/ACE/LCP2/RASGRP1/GADD45A/PTPN1/DNAJA1/ERRFI1/PDGFRA/CD40/VEGFA/TGFBR2/CALM2/CDKN2B/CD4/CD74/PHB1/DUSP7/NAB2/HHEX/LYN/TXN/PAK1/TRIB1/CD86/CDKN2D/WNT5A/TAB1/DIPK2A/MIDN/HLA-DRB1/PDGFA/CAMK1/MAP3K13/NLRC5/LRP8/MAP2K3/LILRA5/DDR1/MAPRE3/WDR91/CCL5/TNF/EDN1/CDKN2A/PDGFC/CCNB2/DUSP1/ALK/HEG1/PSRC1/RAP2B/IL12B/UCHL1/ADAM8/TYRO3/SASH1/PTPRO/PYCARD/FERMT2/DUSP16/RGS14/TREM2/GPRC5B/SLAMF8/APOE/IFNG/PKIG/EPHB2/IRS1/CD19/CSF1R/EPHA2/ARHGEF5/DUSP19/CLSPN/DDR2/LAT/SNX9/ROBO1/CAMKK1/NEDD9/DEPTOR/TRIB2/TFAP4/CEMIP/GCKR/SLC11A1/EREG/IL18/PPARG/CCNE2/ITGB3/HTR2B/IL23A/KIF14/PDGFRB/HERC5/CCND2/TRIB3/CCNA1/LRP5/CASS4/CEACAM1/LEP/SORL1/MET/LTK/S100A12/THBS1/CSF1/DLG3/MIR34A/LAX1/TTN	128
GO:0010975	regulation of neuron projection development	95/2449	323/12472	1.29510393382277e-05	0.000238370332287105	0.000160125348012524	SCN1B/ULK2/IL15RA/RAPGEF2/TIAM2/EZH2/CD38/NCKIPSD/BAIAP2/CFLAR/SEMA4B/SEMA3C/KANK1/LPAR3/SEMA4D/DENND5A/MBOAT1/CDK5/VEGFA/EEF2K/RTN4IP1/SMURF1/LYN/CAMK1D/PAK1/WNT5A/PTPRF/EHD1/NTN1/ABL2/MDK/FES/PLXNB1/CAMK1/MAP3K13/EFHC2/LRP8/NCS1/SCARF1/DDR1/AVIL/FRMD7/CDH1/ADCY6/NEDD4/KEL/NEU4/FZD4/ALK/TUBB2B/LIMK1/PLXNA1/ABI3/PRAG1/SEMA4C/PTPRO/FGF13/INPP5J/NRCAM/ATP1B2/SEMA3A/SHOX2/RTN4R/APOE/MFSD2A/EPHB2/CHN1/S100A9/HES1/DDR2/SEMA3B/NEDD4L/ROBO1/ZNF365/ITGA6/SERPINF1/NTNG2/KREMEN1/FEZ1/SEMA6B/SEMA6A/PMP22/DRAXIN/HECW2/GFAP/COBL/ITGA3/ITPKA/PLXNA4/EPHB3/MCF2/LRP4/TRPV4/DBN1/LTK	95
GO:0050922	negative regulation of chemotaxis	24/2449	52/12472	1.31582138796593e-05	0.000241354087463888	0.000162129686520099	PTPN2/SEMA4B/SEMA3C/CXCL13/SEMA4D/DPP4/WNT5A/C5/TNFAIP6/GREM1/DUSP1/SEMA4C/PTPRO/AIF1/SEMA3A/SLAMF8/SEMA3B/CCL2/ROBO1/SEMA6B/SEMA6A/STAP1/THBS1/MIR34A	24
GO:0002285	lymphocyte activation involved in immune response	60/2449	182/12472	1.3281089955414e-05	0.00024219624876132	0.000162695408644745	CD80/IL27RA/CCL19/RIPK2/NBN/BATF/BCL6/JAK3/ICAM1/SOCS3/PTGER4/ZC3H12A/HLX/MAD2L2/CD40/STAT4/IL10/ENTPD7/RELB/FGL2/HLA-DMB/CD74/FCER1G/CD86/NFKBIZ/IRF4/MDK/SHB/HLA-DRB1/TP53/HLA-DRA/LILRB1/ADA/NKG7/CLCF1/LGALS9/SPN/LOXL3/IL12B/MFNG/ASCL2/CD180/GPR183/IFNG/IL27/CD19/GAPT/CLEC4E/CCR6/SLC11A1/IL18/CR1/IL23A/TNFSF4/TBX21/CEACAM1/DLL1/LY9/NLRP3/IL18R1	60
GO:0099536	synaptic signaling	122/2449	437/12472	1.32945663061666e-05	0.00024219624876132	0.000162695408644745	ADARB1/SLC1A2/ACHE/RELA/NEFH/PFN2/RAPGEF2/EZH2/CACNB3/SLC8A3/CD38/BAIAP2/FLOT1/PPT1/ABAT/ACE/LPAR3/NR3C1/KCNC4/CDK5/P2RX4/HMGCR/EPHB1/CNP/PLAT/GNA15/RPS6KA2/PNKD/RGS10/CAMK2A/CHRM3/FBXO2/OPHN1/WNT5A/RETN/HRH1/AGRN/DAGLA/LRP8/ADORA1/LIN7B/SERPINE2/GABRR2/STXBP1/STX11/KCNQ3/ADORA2A/UNC13A/BACE1/MAPK8IP2/CDH1/TNF/EDN1/NQO1/SRGN/IL1RAP/KCNMB1/HIP1/PLCL1/PLCB1/LILRB2/TUBB2B/SYP/CACNA1A/DMD/SYN1/MYOF/AKAP12/ADGRB1/RGS14/SYNGR1/EXT1/P2RY1/APOE/P2RX5/NRXN2/EPHB2/SLC4A8/SLC29A1/KCNJ10/LGMN/ADORA2B/HCRTR1/HRH2/ANXA9/CCL2/CACNA1E/CLSTN3/NTNG2/DNM1/STX1A/APBA1/CCR2/RASGRF1/PMP22/ADORA3/DOC2A/SYT1/CX3CR1/SLC12A5/GFAP/SV2A/HAPLN4/FARP1/ITPKA/HTR2B/MME/PDE9A/RASGRF2/NGFR/SLC7A11/ITPR3/CA2/GPR176/RIC3/DBN1/NR4A1/JPH4/CRHBP/PTPRN2/DLG3/KCNN1	122
GO:0016126	sterol biosynthetic process	23/2449	49/12472	1.40693436281743e-05	0.000255442049059327	0.000171593279290276	INSIG2/LSS/CYB5R3/MSMO1/HMGCS1/IDI1/SQLE/SC5D/FDFT1/CYP51A1/HMGCR/ERG28/FDPS/MVD/DHCR7/MVK/FAXDC2/INSIG1/CYB5R2/APOE/LIPA/CH25H/SEC14L2	23
GO:0032990	cell part morphogenesis	127/2449	459/12472	1.42167177363559e-05	0.000256939796230539	0.000172599391438226	ADARB1/SCN1B/ULK2/SLC11A2/NEFH/RAPGEF2/TIAM2/ECE1/BAIAP2/SEMA4B/FLOT1/NRP2/SEMA3C/KANK1/LPAR3/SEMA4D/NECTIN2/CDK5/VEGFA/B4GALT5/EEF2K/EPHB1/CNP/SMURF1/IMPACT/CD44/FLRT2/EPHB6/NDP/PAK1/OPHN1/WNT5A/CPNE9/NTN1/MDK/PLXNB1/MAP3K13/LRP8/PDPN/ENPP2/BOC/STXBP1/DDR1/PREX2/ADORA2A/UNC13A/MOV10/KLF7/UNC5C/MAPK8IP2/CDH1/ARPIN/EDN1/EPHA10/BCL2/NEDD4/NOTCH3/PHACTR1/KEL/FZD4/TUBB2B/LIMK1/PLXNA1/KIF20B/UCHL1/ABI3/NUBPL/PRDM8/SEMA4C/PTPRO/CTTN/GLI3/FGF13/TUBB3/APBB1/VCL/RASAL1/NRCAM/ADGRB1/SEMA3A/EXT1/SHOX2/RTN4R/APOE/MFSD2A/WASF1/EPHB2/CHN1/CSF1R/SEMA3B/NEDD4L/PALLD/ROBO1/ANK3/SPTBN4/ZNF365/NTNG2/SGK1/FEZ1/SEMA6B/NCKAP1/NEXN/SEMA6A/DRAXIN/HECW2/SYT1/OLFM1/LHX2/FARP1/COBL/ITPKA/PLXNA4/EFNA3/B4GALT6/ITGA4/EPHB3/NGFR/MCF2/CELSR2/CPNE5/ITGA1/LRP4/KIAA1755/DBN1/SLITRK4/ISL2/NR4A2	127
GO:0070482	response to oxygen levels	79/2449	258/12472	1.42826919680712e-05	0.000256939796230539	0.000172599391438226	HIF1A/SLC11A2/SLC7A5/CPEB2/TXN2/HMOX2/SLC8A3/NDRG1/CD38/CFLAR/ABAT/ACE/TM9SF4/CASP3/VEGFA/FAM162A/EEF2K/FOSL2/ADM/CCDC115/DDIT4/PLAT/ADAM15/ALAD/MMP14/CBFA2T3/NDP/DPP4/NOL3/PMAIP1/RYR1/TP53/HK2/PLK3/ADORA1/PDPN/PML/CYSLTR1/ADA/TNF/EDN1/KCNMA1/BCL2/KCNMB1/MIR146A/TLR2/FZD4/CAT/ADAM8/HIPK2/PLEKHN1/LOC102724560/CBS/ASCL2/TREM2/SLC2A8/SLC29A1/CYGB/HSPG2/DDR2/ARNT2/UCP2/LTA/ACVRL1/NKX3-1/VASN/ITGA2/COL1A1/PPARG/BRIP1/LIF/TRPV4/LEP/THBS1/MMP2/PLOD2/MIR34A/IL1A/NR4A2	79
GO:0006936	muscle contraction	65/2449	202/12472	1.4343726488598e-05	0.000256939796230539	0.000172599391438226	SCN1B/SSTR2/KCNJ2/SLC8A3/CD38/ABAT/BMP10/ZC3H12A/MYH11/P2RX4/KCNE5/CALM2/GSN/ACTA2/CHRM3/PDE4B/RYR1/ADORA1/TMOD1/GPD1L/MAP2K3/TNNT2/ADA/DOCK4/TNF/CALD1/EDN1/KCNMA1/MYLK/SULF2/DCANP1/TIFAB/SPHK1/PDE4D/CTTN/TNNI2/FGF13/DMD/APBB1/MYOF/GSTM2/MYBPH/CASQ1/TRPM4/KCNJ5/KCNE1/ADORA2B/NEDD4L/ATP1B1/EDNRB/KCNQ1/ITGA2/SNTB1/STAC/SYNM/PROK2/SCN4B/APBB2/HTR2B/DSP/TRPV4/ARG2/NR4A1/ANK2/TTN	65
GO:0009914	hormone transport	65/2449	202/12472	1.4343726488598e-05	0.000256939796230539	0.000172599391438226	HIF1A/SLC7A5/CD38/SLC9B2/ABAT/PIM3/PFKFB2/CHRM3/LYN/RETN/MIDN/HLA-DRB1/PCK2/TM7SF3/VAMP8/ADORA1/F2RL2/NDUFAF2/OSM/KLF7/SLC16A1/ACSL4/HADH/CCL5/TNF/EDN1/TRPV6/FZD4/PLCB1/FFAR2/IL1RN/BMP6/NR1D1/SLC7A8/C1QTNF1/HFE/TRPM4/P2RY1/HCAR2/IFNG/SLCO4A1/IRS1/PDE8B/SLC16A10/ACVR1C/SCG5/UCP2/FFAR3/NKX3-1/KCNQ1/STX1A/INHBA/FFAR1/PPARG/EXOC3L1/FFAR4/LIF/CRYM/LRP5/TRPV4/LEP/CRHBP/NMB/PTPRN2/SMPD3	65
GO:0007423	sensory organ development	96/2449	328/12472	1.45387672529691e-05	0.000259565458023008	0.000174363180598766	HIF1A/ACHE/TWSG1/CLIC4/INSIG2/ECE1/JAG1/CEBPA/MITF/TDRD7/MAPKAPK2/SH3PXD2B/LRP10/LIMK2/PDGFRA/VEGFA/TGFBR2/COL8A2/FJX1/GJB2/CECR2/EPHB1/DLL4/SDC4/IFT172/FZD6/SPRED3/RDH13/NDP/WNT5A/WNT5B/NTN1/PBX4/ZHX2/HPN/TMOD1/SLC4A5/INSIG1/DDR1/BHLHE22/PBX3/TSHZ1/NFIA/EDN1/SPRED2/DCANP1/LCTL/BCL2/MYCL/CABP4/FZD4/TIFAB/ABCB5/GNG8/BMP6/SIX5/GLI3/INTU/HIPK2/KCNQ4/THRB/ASCL2/MFSD2A/EPHB2/NECTIN3/EPHA2/DCHS1/HES1/ACVRL1/SERPINF1/CPAMD8/KCNQ1/INHBA/HOXA1/CTHRC1/MYO7B/NPHP1/CRYBB1/LHX2/CDH23/PDGFRB/SDK1/GATA2/BIRC7/B9D1/FASLG/MEIS3/SLC7A11/MAF/SOX8/LRP5/ZEB1/ATP8B1/DLL1/FBN1/GDF11	96
GO:0002686	negative regulation of leukocyte migration	22/2449	46/12472	1.48544622983388e-05	0.0002642156691205	0.000177486961411476	IL27RA/PTGER4/CD200/RABGEF1/ADTRP/DPP4/C5/ADORA1/ADA/TNFAIP6/GREM1/MIR146A/PLCB1/DUSP1/RIPOR2/SLAMF8/CD200R1/CCL2/STAP1/GCSAM/EMILIN1/APOD	22
GO:0002064	epithelial cell development	51/2449	148/12472	1.48978962050768e-05	0.0002642156691205	0.000177486961411476	HIF1A/B4GALT1/RAP2C/CLIC4/RAPGEF2/JAG1/RILPL2/ICAM1/GPAT4/CEBPA/RAB13/VEGFA/FOSL2/RDX/CDK6/ACTA2/WNT5A/WNT5B/TMOD1/AKR1B1/INSM1/SLC4A5/HSD17B4/TNF/PLCB1/HEG1/PECAM1/BMP6/PDE4D/AFDN/EPB41L5/VCL/PROC/TJP2/FASN/KCNE1/EPHA2/PALLD/TFCP2L1/EDNRB/PPP1R16B/KLF5/GATA2/PDE2A/SOX8/TJP1/S1PR3/DLL1/MET/GDF11/IL1A	51
GO:0045165	cell fate commitment	47/2449	133/12472	1.50771553049074e-05	0.000266512355818758	0.000179029761445799	MCL1/RUNX2/JAG1/CTSL/BATF/SOCS3/MITF/ETS2/CASP3/PRKDC/DLL4/SUFU/WNT5A/IRF4/WNT5B/TP53/PDPN/ID2/PML/BHLHE22/NFIA/EDN1/BCL2/NOTCH3/SPN/LOXL3/IL12B/GLI3/TEAD3/FGF13/EXT1/SLAMF8/IL7/HES1/MIAT/SOX5/PTCH2/PPARG/IL23A/GATA2/EPOP/SOX8/TBX21/DLL1/ISL2/LY9/PITX1	47
GO:0002504	antigen processing and presentation of peptide or polysaccharide antigen via MHC class II	18/2449	34/12472	1.52330753409702e-05	0.0002675027918893	0.000179695087197364	CTSL/HLA-DMA/HLA-DPB1/HLA-DPA1/HLA-DMB/CD74/FCER1G/HLA-DRB1/HLA-DRA/HLA-DQB1/PYCARD/TREM2/HLA-DRB5/LGMN/HLA-DOA/HLA-DOB/HLA-DQB2/THBS1	18
GO:0043372	positive regulation of CD4-positive, alpha-beta T cell differentiation	18/2449	34/12472	1.52330753409702e-05	0.0002675027918893	0.000179695087197364	CD80/SOCS1/CCL19/RIPK2/HLX/CD83/CD86/NFKBIZ/SHB/HLA-DRB1/HLA-DRA/LGALS9/IL12B/IFNG/IL18/IL23A/TNFSF4/NLRP3	18
GO:1902106	negative regulation of leukocyte differentiation	34/2449	86/12472	1.55753523542384e-05	0.000272619566043466	0.000183132281894691	PTPN2/SOCS1/GPR137B/BCL6/JAK3/ZC3H12A/HLX/FGL2/CD74/CDK6/ERFE/LYN/TRIB1/INPP5D/MDK/ID2/LILRB1/RUNX1/TNFAIP6/TNFRSF11B/LOXL3/GLI3/ASCL2/LAG3/CCL3/IRF1/C1QC/INHBA/CR1/TNFSF4/GATA2/TBX21/CEACAM1/FBN1	34
GO:0032722	positive regulation of chemokine production	26/2449	59/12472	1.6261832734458e-05	0.000283708065556212	0.000190580985038153	MCOLN2/HIF1A/RIPK2/CARD9/CD74/WNT5A/CLEC7A/C5/TNF/CD84/LGALS9/TLR2/FFAR2/PYCARD/AIF1/EIF2AK2/IL7/IFNG/CSF1R/TLR7/ADORA2B/FFAR3/IL18/DEFB124/TNFSF4/TRPV4	26
GO:0002718	regulation of cytokine production involved in immune response	39/2449	104/12472	1.659550763346e-05	0.000288589411963674	0.000193860031070287	SLC7A5/RIPK2/BCL6/JAK3/PANX1/SLAMF1/MAPKAPK2/CARD9/RABGEF1/NR4A3/TNFRSF1B/IL10/CD74/ACP5/PRG2/WNT5A/CLEC7A/LILRB1/TNF/SCIMP/FFAR2/RSAD2/PYCARD/CD226/RIGI/HFE/TRPM4/GPRC5B/CD55/CD36/TLR7/FFAR3/CCR2/IL18/TNFSF4/TBX21/NLRP3/IL18R1/CD96	39
GO:0098739	import across plasma membrane	45/2449	126/12472	1.67062967565451e-05	0.000289575810446781	0.000194522644571184	SLC1A2/PPP3CC/SLC7A5/SLC5A3/KCNJ2/SLC8A3/SLC1A5/SLC39A14/SLC39A8/SLC39A10/SLC22A4/ACSL1/SLC9A7/ACSL5/KCNK5/TNF/TRPV6/TRPM2/SLC38A5/SLC27A1/SLC7A8/CACNA1A/SLC2A3/SLC46A1/KCNJ1/ATP1B2/TRPM4/IFNG/KCNJ5/CD36/SLC47A1/TRPV5/SLC43A1/KCNJ10/SLC19A1/CACNA1E/SCN8A/ATP1B1/KCNQ1/SLC12A5/GFAP/ATP1A4/SLC7A11/TRPV4/THBS1	45
GO:0031348	negative regulation of defense response	74/2449	239/12472	1.72975800823592e-05	0.000298857544906826	0.000200757652704597	PTPN2/CEP63/SOCS3/PTGER4/ACOD1/LILRA4/TNFAIP3/HCK/TKFC/SIGLEC10/CD200/PRKDC/RABGEF1/SLC39A8/TNFRSF1B/IL10/FPR2/DHX58/MEFV/RAB7B/FGL2/SERPINB9/FOXF1/LDLR/CGAS/ACP5/NFKB1/LYN/TRIM65/MVK/MICA/MDK/HLA-DRB1/NLRC5/ADORA1/LILRB1/ADA/ADORA2A/RNF125/TNFAIP6/IL2RA/PARP14/USP18/MMP12/LGALS9/MIR146A/TAFA3/SPN/IL12B/NR1D1/HAMP/TYRO3/A2M/IER3/PROC/HGF/TREM2/SLAMF8/APOE/CD200R1/FNDC4/ZFP36/IL22RA2/ISG15/CR1/PPARG/FFAR4/VSIG4/CEACAM1/YES1/ARG2/KLRC1/NLRP3/CD96	74
GO:0042116	macrophage activation	35/2449	90/12472	1.79108620484232e-05	0.0003084584473677	0.000207207062046067	GPR137B/CEBPA/CLU/ZC3H12A/CD200/TLR1/IL10/LDLR/CD74/ITGB2/IL31RA/TNIP2/WNT5A/SBNO2/TNF/TMEM106A/CD84/TLR2/TAFA3/SPHK1/NR1D1/HAMP/AIF1/ITGAM/TREM2/IFNG/CCL3/CD93/C1QA/SLC11A1/CX3CR1/STAP1/VSIG4/SUCNR1/THBS1	35
GO:0002544	chronic inflammatory response	12/2449	18/12472	1.81505298511151e-05	0.000311584095777476	0.000209306717378918	IDO1/CXCL13/TNFAIP3/IL10/NFKBIZ/CCL5/TNF/S100A9/ADORA2B/LTA/VNN1/THBS1	12
GO:0008016	regulation of heart contraction	40/2449	108/12472	1.8285492151145e-05	0.000312898070164641	0.000210189380099592	SCN1B/KCNJ2/SLC8A3/BMP10/ZC3H12A/P2RX4/KCNE5/CALM2/ADM/GCH1/POPDC2/PDE4B/THRA/ADORA1/GPD1L/TNNT2/ADA/TNF/EDN1/ADM2/PDE4D/FGF13/DMD/THRB/GSTM2/ATP1B2/TRPM4/SHOX2/KCNJ5/KCNE1/HBEGF/SPTBN4/ATP1B1/EDNRB/KCNQ1/ADORA3/SCN4B/DSP/TMIGD3/ANK2	40
GO:0030225	macrophage differentiation	24/2449	53/12472	1.96000229565427e-05	0.000333262612556326	0.000223869268055014	PTPN2/IL15/SOCS1/CEBPA/CSF2/NR3C1/VEGFA/FOSL2/CD4/IL31RA/NDP/TRIB1/HLA-DRB1/ID2/TLR2/IFNG/CSF1R/UCP2/CEBPE/C1QC/INHBA/GATA2/LIF/CSF1	24
GO:0050818	regulation of coagulation	24/2449	53/12472	1.96000229565427e-05	0.000333262612556326	0.000223869268055014	ENPP4/PDGFRA/PLAT/ADTRP/ST3GAL4/PDGFA/PROCR/SERPINE2/PLAUR/EDN1/SERPINF2/PROC/C1QTNF1/VTN/APOE/EPHB2/CD36/CD9/THBD/EMILIN1/SERPINE1/CEACAM1/TFPI/THBS1	24
GO:0097237	cellular response to toxic substance	36/2449	94/12472	2.03063861288977e-05	0.000344180392741697	0.000231203290434951	PTGES/SELENOW/AIFM2/ABTB2/TXNRD3/SLC39A8/NNT/MGST2/GCH1/TXN/SESN2/GSTO2/PTGS1/ALDH1A1/MGST1/TNF/DUOX2/NQO1/PIM1/CAT/GSTM2/NXN/MTARC1/APOE/CYGB/CD36/S100A9/ABCG2/GSTM1/ALOX5AP/SLC11A1/MPO/RDH12/PTPN13/GPX3/IPCEF1	36
GO:0002690	positive regulation of leukocyte chemotaxis	32/2449	80/12472	2.0757415815256e-05	0.000350715202228742	0.00023559305082698	CCR7/CCL19/CXCL13/SLAMF1/VEGFA/FPR2/CD74/CAMK1D/WNT5A/MDK/CCL1/CCL5/EDN1/CCL4/LGALS9/AIF1/RIPOR2/CCL3/CSF1R/LGMN/CCR6/NEDD9/CCR2/CX3CR1/CXCL8/IL23A/DEFB124/SERPINE1/TRPV4/THBS1/CSF1/CXCL10	32
GO:0019722	calcium-mediated signaling	49/2449	142/12472	2.084262380768e-05	0.000351047462622434	0.000235816246854188	CCR7/PPP3CC/DYRK2/NFATC3/PDGFRA/P2RX4/CALM2/FPR2/CD4/CHRM3/CLEC7A/NFAT5/PLEK/GBP1/CXCR5/ADA/SAMD14/TNF/EDN1/P2RY11/CCL4/RCAN2/ACKR3/SPHK1/TRPM2/DMD/PDK2/GSTM2/CASQ1/TRPM4/TREM2/P2RX5/CCL3/CCR5/LAT/LMCD1/CCR6/ATP1B1/EDNRB/CCR2/CX3CR1/CXCL8/HTR2B/PDGFRB/SLA2/TRAT1/NFATC2/ANK2/CXCR6	49
GO:0030193	regulation of blood coagulation	23/2449	50/12472	2.12426277075348e-05	0.000355548481254864	0.000238839807580112	ENPP4/PDGFRA/PLAT/ADTRP/ST3GAL4/PDGFA/SERPINE2/PLAUR/EDN1/SERPINF2/PROC/C1QTNF1/VTN/APOE/EPHB2/CD36/CD9/THBD/EMILIN1/SERPINE1/CEACAM1/TFPI/THBS1	23
GO:0046638	positive regulation of alpha-beta T cell differentiation	23/2449	50/12472	2.12426277075348e-05	0.000355548481254864	0.000238839807580112	CD80/SOCS1/CCL19/RIPK2/HLX/TGFBR2/CD83/CD86/NFKBIZ/SHB/HLA-DRB1/PNP/HLA-DRA/RUNX1/ADA/LGALS9/IL12B/GLI3/IFNG/IL18/IL23A/TNFSF4/NLRP3	23
GO:0098754	detoxification	39/2449	105/12472	2.14588743071362e-05	0.000358049005573276	0.000240519535601874	PTGES/SELENOW/AIFM2/TXNRD3/SLC39A8/NNT/MGST2/GCH1/TXN/SESN2/GSTO2/PTGS1/ALDH1A1/MGST1/DUOX2/NQO1/PIM1/CAT/MT1F/GSTM2/MT2A/NXN/MTARC1/APOE/CYGB/CD36/SLC47A1/S100A9/SLC22A5/ABCG2/GSTM1/ALOX5AP/SLC11A1/MPO/RDH12/GPX3/MT1M/MT1E/IPCEF1	39
GO:0099537	trans-synaptic signaling	117/2449	420/12472	2.2125313322569e-05	0.000368022292408943	0.000247219094267868	ADARB1/SLC1A2/ACHE/NEFH/PFN2/RAPGEF2/EZH2/CACNB3/SLC8A3/CD38/BAIAP2/FLOT1/PPT1/ABAT/ACE/LPAR3/NR3C1/KCNC4/CDK5/P2RX4/HMGCR/EPHB1/CNP/PLAT/RPS6KA2/PNKD/CAMK2A/CHRM3/FBXO2/OPHN1/WNT5A/RETN/HRH1/DAGLA/LRP8/ADORA1/LIN7B/SERPINE2/GABRR2/STXBP1/STX11/KCNQ3/ADORA2A/UNC13A/BACE1/MAPK8IP2/CDH1/TNF/EDN1/NQO1/SRGN/IL1RAP/KCNMB1/HIP1/PLCL1/PLCB1/LILRB2/TUBB2B/SYP/CACNA1A/SYN1/MYOF/AKAP12/ADGRB1/RGS14/SYNGR1/EXT1/P2RY1/APOE/P2RX5/NRXN2/EPHB2/SLC4A8/SLC29A1/KCNJ10/LGMN/ADORA2B/HCRTR1/HRH2/ANXA9/CCL2/CACNA1E/CLSTN3/NTNG2/DNM1/STX1A/APBA1/CCR2/RASGRF1/PMP22/ADORA3/DOC2A/SYT1/CX3CR1/SLC12A5/GFAP/SV2A/HAPLN4/FARP1/ITPKA/HTR2B/MME/PDE9A/RASGRF2/NGFR/SLC7A11/ITPR3/CA2/GPR176/RIC3/DBN1/NR4A1/JPH4/CRHBP/PTPRN2/DLG3/KCNN1	117
GO:0071407	cellular response to organic cyclic compound	112/2449	399/12472	2.30224633813084e-05	0.000381759485666526	0.000256447058293343	SSTR2/SLC1A2/INSIG2/GRAMD1A/RAPGEF2/EZH2/STRN3/CFLAR/CEBPA/ELK1/FLOT1/ACOD1/ATP5F1A/ACE/ZC3H12A/NR3C1/DNAJA1/AQP9/PPARGC1B/GCLM/CASP3/ABHD2/NPC1/P2RX4/GJB2/EEF2K/NR4A3/IL10/DDIT4/GNA15/ZFP36L2/FOXF1/CYP7B1/PAQR8/CGAS/TRERF1/PLPP1/PHB1/ASS1/XRN1/CHRM3/ADTRP/SLC46A3/NFKB1/FBP1/PAK1/PDE4B/MN1/GCLC/ZDHHC7/SRD5A1/HRH1/TGM2/RYR1/FES/CIB2/PCK2/LRP8/PDXP/CYP27B1/INSIG1/FECH/SLC16A1/CDH1/EDN1/ADCY6/P2RY11/NEDD4/KCNMB1/TIPARP/FAM210B/PIM1/PLCB1/ALK/TRPM2/NR1D1/IFIH1/SSTR3/FOLR2/GSTM2/RIGI/TRPM4/GNG2/P2RY1/SMYD3/KCNE1/ZFP36/ZNF703/HRH2/ITGA6/SERPINF1/SGK1/NKX3-1/KCNQ1/ALPL/ITGA2/INHBA/TFAP4/COL1A1/P2RY6/HTR2B/MLC1/MSR1/PDE2A/GNAI1/LEP/CRHBP/CDK1/COLEC12/IFIT1/TFPI/MMP2	112
GO:0009743	response to carbohydrate	52/2449	154/12472	2.34301414116325e-05	0.000387320485804641	0.000260182661939441	HIF1A/RUNX2/TXN2/ICAM1/SLC9B2/ACE/RASAL2/PIM3/GCLM/CASP3/ME1/SLC39A14/PFKFB2/RPS6KA2/EIF2B3/ZBED3/FBP1/LYN/GCLC/CLEC7A/GPAM/HLA-DRB1/SESN2/PCK2/MAP2K3/NDUFAF2/KLF7/TNF/NQO1/MIR146A/PLCB1/CAT/MLXIPL/NR1D1/TRPM4/TREM2/CALCRL/SLC29A1/PDE8B/ACVR1C/UCP2/SERPINF1/ITGA2/GCKR/KHK/COL6A3/LRP5/LEP/COLEC12/THBS1/PTPRN2/IL1A	52
GO:0022604	regulation of cell morphogenesis	66/2449	209/12472	2.42968155791507e-05	0.000400411520744403	0.000268976568905383	PALM2AKAP2/FGD6/FMNL2/BAIAP2/PARVB/KANK1/SEMA4D/MYH10/HCK/PRKDC/VEGFA/CDC42EP2/EEF2K/FITM2/CDC42EP4/SMURF1/RDX/STRIP2/ITGB2/CD44/WNT5A/ARHGAP18/CPNE9/FES/PLXNB1/HPN/MAP3K13/FMNL3/BAMBI/LRP8/PDPN/ENPP2/RHOU/UNC13A/MOV10/LST1/FGD4/ARPIN/FZD4/PLXNA1/PRAG1/FERMT2/RASAL1/CDC42EP3/P2RY1/CCL3/MFSD2A/EPHB2/CSF1R/DLC1/NEDD4L/CCL2/SHROOM3/NTNG2/SPARC/SYT1/ITPKA/PLXNA4/CDC42EP5/MYO10/CPNE5/CCL13/DBN1/COCH/WASF3/FAM171A1	66
GO:0002495	antigen processing and presentation of peptide antigen via MHC class II	17/2449	32/12472	2.47897505259645e-05	0.000407281913549281	0.000273591757499989	CTSL/HLA-DMA/HLA-DPB1/HLA-DPA1/HLA-DMB/CD74/FCER1G/HLA-DRB1/HLA-DRA/HLA-DQB1/PYCARD/TREM2/HLA-DRB5/LGMN/HLA-DOA/HLA-DOB/HLA-DQB2	17
GO:0032735	positive regulation of interleukin-12 production	20/2449	41/12472	2.51246166761536e-05	0.00041152124439596	0.000276439529370974	IDO1/CCR7/RELA/CCL19/RIPK2/CD40/MAPK11/CLEC7A/MDK/SCIMP/LGALS9/TLR2/PLCB1/IL12B/IFNG/IRF1/CD36/IL23A/TNFSF4/LEP	20
GO:0071417	cellular response to organonitrogen compound	126/2449	460/12472	2.56912727325377e-05	0.000418404970001292	0.000281063674278608	PTPN2/SOCS1/SLC1A2/CASP4/ACHE/RELA/SLC7A5/INSIG2/RAPGEF2/CPEB2/RIPK2/EZH2/SNX5/JAK3/SOCS2/ICAM1/BAIAP2/CFLAR/SOCS3/RRAGC/KANK1/RAB13/PTPN1/AQP9/GCLM/CASP3/PDGFRA/PRKDC/CDK5/P2RX4/SLC39A14/GJB2/EEF2K/NR4A3/EPRS1/FPR2/UROS/SESN3/BMT2/GNA15/RGS10/CAMK2A/ASS1/XRN1/ERFE/CHRM3/NFKB1/FBP1/LYN/PDE4B/GCLC/ZDHHC7/SRD5A1/HRH1/TGM2/RYR1/MYO1C/AGRN/CIB2/SESN2/PCK2/TP53/PDXP/INSIG1/BACE1/CDH1/TNF/EDN1/ADCY6/P2RY11/MIR146A/PDGFC/PLCB1/COL6A1/ALK/TRPM2/SLC27A1/GRB10/FUT7/CACNA1A/FOLR2/CASTOR1/PDK2/GSTM2/TRPM4/GNG2/P2RY1/TREM2/SHMT1/GPT2/SLC2A8/EPHB2/IRS1/CD36/KCNE1/LGMN/DDR2/UCP2/FFAR3/HRH2/KCNQ1/INHBA/SORBS1/COL1A1/P2RY6/PPARG/ITGB3/HTR2B/DEFB124/ITGA4/BRIP1/NGFR/TRIB3/HDAC9/PDE2A/CA2/ZEB1/CEACAM1/LEP/NR4A1/CRHBP/SORL1/FBN1/MMP2/SMPD3/NR4A2	126
GO:0035590	purinergic nucleotide receptor signaling pathway	13/2449	21/12472	2.59438409742321e-05	0.000418404970001292	0.000281063674278608	P2RX4/ACP3/ADORA1/ADA/ADORA2A/P2RY11/P2RY1/P2RX5/GPR171/ADORA2B/P2RY6/ADORA3/GPR34	13
GO:0007260	tyrosine phosphorylation of STAT protein	25/2449	57/12472	2.60136025038144e-05	0.000418404970001292	0.000281063674278608	PTPN2/IL15/SOCS1/JAK3/SOCS3/CSF2/CD40/IL31RA/LYN/OSM/PARP14/CCL5/TNF/CLCF1/MIR146A/IL12B/PARP9/IFNG/CSF1R/HES1/IL22RA2/IL18/IL23A/LIF/LEP	25
GO:0014909	smooth muscle cell migration	25/2449	57/12472	2.60136025038144e-05	0.000418404970001292	0.000281063674278608	ACE/ABHD2/NR4A3/PLAT/TRIB1/MDK/PDGFA/DDR1/DOCK4/CCL5/BCL2/MIR146A/PLXNA1/GRB10/AIF1/VTN/DDR2/ITGA2/P2RY6/IGFBP3/ITGB3/PDGFRB/SERPINE1/SORL1/MIR34A	25
GO:0021675	nerve development	25/2449	57/12472	2.60136025038144e-05	0.000418404970001292	0.000281063674278608	ADARB1/ECE1/NRP2/EPHB1/NDP/SERPINE2/KCNQ3/EDN1/SULF2/DCANP1/TIFAB/ACKR3/PLXNA1/GLI3/SEMA3A/EXT1/EPHB2/HES1/SCN8A/B4GALNT1/HOXA1/PLXNA4/ITGA4/NGFR/ATP8B1	25
GO:0042130	negative regulation of T cell proliferation	25/2449	57/12472	2.60136025038144e-05	0.000418404970001292	0.000281063674278608	CD80/IDO1/TWSG1/CD274/CASP3/PELI1/IL10/SDC4/CD86/HLA-DRB1/TSPAN32/LILRB1/IL2RA/LGALS9B/VSIR/LGALS9/LILRB2/SPN/DLG5/GPNMB/PDCD1LG2/LGALS9C/CR1/VSIG4/ARG2	25
GO:0033002	muscle cell proliferation	50/2449	147/12472	2.67766159201599e-05	0.000429387888827474	0.000288441453561634	MAP3K5/PTGIR/CFLAR/BMP10/TNFAIP3/PRKDC/NR4A3/EPHB1/IL10/PHB1/TRIB1/MAPK11/DIPK2A/FES/ID2/RUNX1/CCL5/TNF/EDN1/NOTCH3/MIR146A/PIM1/IL12B/MIR4632/CTNNBIP1/SERPINF2/SIX5/AIF1/HGF/CALCRL/APOE/IFNG/DDR2/HBEGF/ITGA2/P2RY6/EREG/IL18/PPARG/IGFBP3/ITGB3/PDGFRB/GLI1/NDC80/APOD/CDK1/THBS1/MMP2/SMPD3/MIR34A	50
GO:0023061	signal release	91/2449	312/12472	2.7885844375477e-05	0.000445840544701656	0.000299493530480378	HIF1A/PFN2/TMEM132A/PTGES/CD38/PPT1/SLC9B2/ABAT/PIM3/CDK5/P2RX4/PFKFB2/PNKD/CAMK2A/CHRM3/LYN/RETN/MIDN/TGM2/HLA-DRB1/PCK2/TM7SF3/VAMP8/ADORA1/F2RL2/LIN7B/NDUFAF2/LILRB1/STXBP1/OSM/STX11/ADORA2A/UNC13A/KLF7/SLC16A1/ACSL4/HADH/CCL5/TNF/EDN1/TRPV6/FZD4/PLCB1/FFAR2/IL1RN/BMP6/NR1D1/SYP/SYN1/MYOF/C1QTNF1/HFE/TRPM4/P2RY1/HCAR2/IFNG/NRXN2/IRS1/SLC4A8/PDE8B/SLC16A10/ACVR1C/SCG5/UCP2/FFAR3/EDNRB/NKX3-1/KCNQ1/STX1A/INHBA/FFAR1/ADORA3/DOC2A/SYT1/SV2A/PPARG/EXOC3L1/FFAR4/LIF/LRP5/TRPV4/LEP/NR4A1/CRHBP/NMB/SYT6/SUCNR1/PTPRN2/SMPD3/MAOB/IL1A	91
GO:0002703	regulation of leukocyte mediated immunity	69/2449	222/12472	2.86285065429197e-05	0.000456352026916303	0.000306554622066728	CD80/IL27RA/BCL6/JAK3/ICAM1/SLAMF1/RASGRP1/MAD2L2/NECTIN2/CD40/RABGEF1/TNFRSF1B/IL10/IL7R/SERPINB9/FOXF1/ITGB2/PVR/LYN/MICA/CLEC7A/ZP3/FES/HLA-DRB1/VAMP8/CD1D/HLA-DRA/LILRB1/STXBP1/TNF/SCIMP/CLCF1/CD84/LGALS9/SPN/CD1E/IL12B/RSAD2/FUT7/CD226/LAG3/RIGI/HFE/TRPM4/CXCL6/ITGAM/TREM2/CD55/PRAM1/ADORA2B/LTA/NCR1/CCR2/CX3CR1/IL18/CR1/STAP1/IL23A/TNFSF4/GATA2/IL18RAP/TBX21/CEACAM1/LEP/KLRC1/CR2/NLRP3/IL18R1/CD96	69
GO:0042509	regulation of tyrosine phosphorylation of STAT protein	24/2449	54/12472	2.87583296249856e-05	0.000457061167570987	0.000307030987531472	PTPN2/IL15/SOCS1/SOCS3/CSF2/CD40/IL31RA/LYN/OSM/PARP14/CCL5/TNF/CLCF1/MIR146A/IL12B/PARP9/IFNG/CSF1R/HES1/IL22RA2/IL18/IL23A/LIF/LEP	24
GO:0071677	positive regulation of mononuclear cell migration	27/2449	64/12472	2.94334906034942e-05	0.000466407620332293	0.000313309470204744	CCR7/CXCL13/SLAMF1/FPR2/WNT5A/ABL2/CCL1/CCL5/TNF/CCL4/LGALS9/SPN/ADAM8/PYCARD/ASCL2/AIF1/CCL3/LGMN/CCR6/NEDD9/CCR2/CX3CR1/ITGB3/DEFB124/ITGA4/SERPINE1/CXCL10	27
GO:0051345	positive regulation of hydrolase activity	114/2449	410/12472	3.07176773188703e-05	0.000485321179114659	0.000326014659450081	CCL15/CCL14/CCR7/CCL23/TBC1D13/RAPGEF2/TBC1D9/CCL19/TIAM2/RIPK2/CCL18/CTSL/CASP1/EZH2/PPP1R15B/MAP3K5/TBC1D10A/CXCL13/RASGRP1/CARD9/SEMA4D/PDGFRA/RALGDS/CD200/CD40/FAM162A/CALM2/TANK/GSN/MEFV/GNA15/APOC2/RGS10/TBC1D30/PHB1/PLCB2/LYN/CD86/PMAIP1/CLEC7A/TGM2/ABL2/ST20/AGRN/UACA/PLXNB1/PPP1R15A/TBC1D7/TBC1D7-LOC100130357/PLEK/CTSK/TBC1D16/PREX2/CCL1/CCL5/TNF/ARHGAP22/VSIR/CCL4/HIP1/IFT57/LGALS9/AIM2/PERP/RGS1/RGL1/PYCARD/FERMT2/CCL8/CCL17/RTN4R/IFNG/CCL3/CCL4L1/MTSS2/S100A9/EPHA2/ACVR1C/ARHGAP11A/ARHGEF5/RGS16/LGMN/DLC1/RHOC/CCL2/SNX9/ROBO1/ITGA6/NKX3-1/RASGRF1/NLRP2/P2RY6/RAP1GAP/CR1/PPARG/GARNL3/DOCK9/HTR2B/EFNA3/ST18/PDGFRB/RASGRF2/NGFR/FASLG/CCL13/RGL4/CCL22/ITGA1/ITK/CCL3L1/CCL3L3/RAPGEF5/NLRP3/SEMG2	114
GO:0046718	viral entry into host cell	44/2449	125/12472	3.11084752056992e-05	0.000490049980005073	0.000329191232981671	CD80/CTSL/ITGA5/ITGAV/ICAM1/TRIM25/SLC1A5/SLAMF1/NECTIN2/NPC1/CIITA/GSN/CD4/LDLR/DYNLT1/CD74/PVR/PHB1/DPP4/CD86/HLA-DRB1/PLSCR1/VAMP8/LGALS9/TPCN1/IFITM1/TYRO3/SCARB1/FCN1/CD55/NECTIN3/EPHA2/CCR5/IFITM3/ITGA2/CH25H/CR1/ITGB3/PTX3/ITGB5/GPR15/CR2/CLEC4M/CDK1	44
GO:0014013	regulation of gliogenesis	29/2449	71/12472	3.14739922874682e-05	0.000494105061200832	0.000331915235089903	RELA/SLC7A5/EZH2/TNFRSF1B/CDKN2B/LDLR/LYN/NTN1/PRKCH/MDK/TP53/ID2/SERPINE2/CYSLTR1/TNF/CLCF1/MIR146A/TLR2/ETV5/NR1D1/ASCL2/TREM2/HES1/LTA/MYRF/ZNF365/GFAP/LIF/SOX8	29
GO:1900046	regulation of hemostasis	23/2449	51/12472	3.15503978586043e-05	0.000494105061200832	0.000331915235089903	ENPP4/PDGFRA/PLAT/ADTRP/ST3GAL4/PDGFA/SERPINE2/PLAUR/EDN1/SERPINF2/PROC/C1QTNF1/VTN/APOE/EPHB2/CD36/CD9/THBD/EMILIN1/SERPINE1/CEACAM1/TFPI/THBS1	23
GO:0070227	lymphocyte apoptotic process	31/2449	78/12472	3.22775787652423e-05	0.000504019568124309	0.000338575308330822	HIF1A/IDO1/BCL6/JAK3/CD274/TRAF3IP2/IL10/IL7R/CD74/CHEK2/SLC39A10/LYN/WNT5A/NFKBIZ/GPAM/TP53/ADA/IL2RA/CCL5/PTCRA/BCL2/LGALS9/ADAM8/GLI3/EBF4/HSH2D/LIPA/BIRC7/FASLG/ARG2/PDCD1	31
GO:0034762	regulation of transmembrane transport	100/2449	351/12472	3.27442757305869e-05	0.000509820758177394	0.00034247225963019	SCN1B/STOM/SLC1A2/PPP3CC/SLC7A5/CLIC4/KCNJ2/CACNB3/AZIN1/ACE/KCNC4/P2RX4/KCNE5/CALM2/NR4A3/KCNK6/ERFE/CHRM3/PPIF/LYN/PDE4B/ACSL1/ACSL5/OAZ3/HK2/GPD1L/PML/KCNK5/KCNC3/KCNQ3/HVCN1/MAPK8IP2/TNF/KCNH3/EDN1/KCNMA1/BCL2/NEDD4/KCNMB1/KEL/CABP4/PIM1/KCNF1/PDE4D/HAMP/TPCN1/GRB10/FGF13/KCNQ4/CACNA1A/DMD/KCNJ1/GSTM2/CASQ1/TCAF2/ATP1B2/TREM2/FGF11/P2RX5/IFNG/KCNJ5/EPHB2/IRS1/CD19/KCNE1/SLC43A1/KCNJ10/CACNA2D3/NEDD4L/CCL2/CACNA1E/ANK3/SCN8A/ATP1B1/KCNN4/KCNQ1/CCR2/STAC/SORBS1/CEMIP/TMEM37/KCNAB1/P2RY6/HECW2/SCN4B/ITGB3/TSPAN13/FFAR4/ANO9/TRIB3/CA2/YES1/LEP/JPH4/CRHBP/ANK2/CLIC3/THBS1/CXCL10/MIR34A	100
GO:0045765	regulation of angiogenesis	67/2449	215/12472	3.38821541955059e-05	0.000526008167742405	0.000353346157254735	HIF1A/ITGA5/AGO1/BTG1/GTF2I/CXCL13/ZC3H12A/GADD45A/TNFAIP3/CD40/VEGFA/TGFBR2/ADGRA2/IL10/ADM/NINJ1/HHEX/CEMIP2/WNT5A/VASH1/MDK/HK2/ANXA3/JCAD/PML/CYSLTR1/AKT3/RUNX1/TNF/GREM1/ADM2/MIR146A/SPHK1/ITGB8/STAB1/SASH1/HIPK2/GPNMB/ADGRB1/LRG1/EPHA2/HSPG2/ETS1/ACVRL1/SERPINF1/PPP1R16B/SPARC/CCR2/SEMA6A/ECSCR/CX3CR1/CXCL8/PPARG/ITGB3/EFNA3/GATA2/FASLG/EMILIN1/SERPINE1/TJP1/CEACAM1/DLL1/LEP/THBS1/CXCL10/MIR34A/IL1A	67
GO:0043270	positive regulation of monoatomic ion transport	46/2449	133/12472	3.44986235933562e-05	0.000534030716664785	0.000358735307094893	SCN1B/PPP3CC/KCNJ2/CACNB3/P2RX4/KCNE5/CALM2/CAMK2A/MLLT6/ADORA1/GPD1L/CNKSR3/LILRA5/CCL5/EDN1/MYLK/CCL4/KCNMB1/FGF13/DMD/GSTM2/CASQ1/ATP1B2/P2RY1/TREM2/P2RX5/IFNG/CCL3/EPHB2/CD19/KCNE1/CCL2/ANK3/ATP1B1/KCNN4/KCNQ1/CCR2/STAC/FFAR1/CEMIP/P2RY6/SCN4B/PDGFRB/LEP/ANK2/CXCL10	46
GO:0015711	organic anion transport	80/2449	268/12472	3.46156949928251e-05	0.00053429873885179	0.000358915351085928	SLC26A9/SLC1A2/SLC7A5/PTGES/SLCO5A1/ABAT/SLC1A5/ACE/AQP9/P2RX4/SLC39A14/SLC39A8/EPRS1/CYB5RL/SLC2A6/PNPLA8/ERFE/SLC39A10/SLC22A4/ACSL1/FABP3/ACSL5/ADORA1/SLC4A5/MGST1/STXBP1/ADORA2A/SLC16A1/TNF/EDN1/SLC17A9/PLA2R1/SFXN2/CRABP1/SLC38A5/SLC27A1/SLC2A9/ABCC11/SLC7A8/SLC2A3/FOLR2/SLC46A1/CYB5R2/SLC27A2/SLC16A7/SLC6A7/APOE/SLC2A8/MFSD2A/SLCO4A1/SLC4A8/SLC16A10/CD36/SLC47A1/SLC43A1/KCNJ10/SLC19A1/UCP2/FOLR3/ABCG2/ABCC3/SLC2A14/APBA1/SLC11A1/GFAP/SV2A/CR1/PPARG/RBP7/SLC7A11/LRP5/SLC26A4/SLC25A4/ATP8B1/CEACAM1/LEP/SLCO2B1/NMB/THBS1/IL1A	80
GO:0038066	p38MAPK cascade	21/2449	45/12472	3.6890789701741e-05	0.000567778935754382	0.000381405684212192	MAP3K4/GADD45B/MAP3K5/GADD45G/MAP3K20/PHLPP1/MAPKAPK2/ZC3H12A/GADD45A/VEGFA/MAPK11/RELL1/MAP2K3/LGALS9/DUSP1/SPHK1/SASH1/HGF/TREM2/ZFP36/LEP	21
GO:0006816	calcium ion transport	84/2449	285/12472	3.70875960746202e-05	0.000569172391334285	0.000382341738449862	MCOLN2/CCR7/PPP3CC/PLCB4/CCL19/CACNB3/SLC8A3/ITGAV/PANX1/ACE/CDK5/P2RX4/CALM2/PKD1L1/CD4/CAMK2A/PLCB2/LYN/NOL3/PDE4B/SLC24A3/RYR1/NCS1/PML/LILRA5/CYP27B1/CYSLTR1/LILRB1/ADORA2A/CCL5/EDN1/MYLK/CCL4/BCL2/TRPV6/CD84/CABP4/PLCB1/LILRB2/TRPM2/PDE4D/TPCN1/CACNA1A/DMD/GSTM2/CASQ1/TRPM4/CCL8/PKD2L1/CALCRL/P2RX5/CCL3/CD19/TRPV5/CCR5/HES1/CACNA2D3/PACSIN3/ANXA9/CCL2/CACNA1E/SCN8A/ATP1B1/EDNRB/KCNN4/STAC/FFAR1/CEMIP/TMEM37/P2RY6/CDH23/ITGB3/HTR2B/PDGFRB/TSPAN13/CACHD1/RAMP1/FASLG/ITPR3/TRPV4/JPH4/ANK2/CXCL10/MIR34A	84
GO:0090077	foam cell differentiation	15/2449	27/12472	3.73330261557403e-05	0.000569262897394056	0.000382402535924862	NFKBIA/ITGAV/CSF2/SOAT1/NFKB1/WNT5A/PRKCH/SAMD1/ABCA5/CD36/IL18/PPARG/ITGB3/MSR1/CSF1	15
GO:2000108	positive regulation of leukocyte apoptotic process	15/2449	27/12472	3.73330261557403e-05	0.000569262897394056	0.000382402535924862	IDO1/RAPGEF2/CD274/IL10/LYN/WNT5A/TP53/CCL5/CDKN2A/LGALS9/ADAM8/HCAR2/MIAT/PDCD1/MIR34A	15
GO:0003015	heart process	48/2449	141/12472	3.75186338275022e-05	0.000569262897394056	0.000382402535924862	SCN1B/KCNJ2/SLC8A3/ACE/BMP10/ZC3H12A/P2RX4/KCNE5/CALM2/ADM/GSN/RPS6KA2/GCH1/POPDC2/PDE4B/THRA/ADORA1/GPD1L/MAP2K3/TNNT2/ADA/TNF/EDN1/ADM2/PDE4D/TNNI2/FGF13/DMD/THRB/GSTM2/ATP1B2/TRPM4/EXT1/SHOX2/KCNJ5/KCNE1/NEDD4L/HBEGF/SPTBN4/ATP1B1/EDNRB/KCNQ1/ADORA3/SCN4B/DSP/TMIGD3/ANK2/TTN	48
GO:0071248	cellular response to metal ion	48/2449	141/12472	3.75186338275022e-05	0.000569262897394056	0.000382402535924862	CLIC4/MAP1LC3A/CEBPA/P2RX4/SLC39A8/EEF2K/MTF1/SLC41A1/ALAD/PPIF/FBP1/WNT5A/ZNF658/RASA4/CPNE9/RASA4B/RYR1/KCNQ3/HVCN1/BACE1/CDH1/EDN1/NQO1/TRPM2/MT1F/BMP6/MT2A/RASAL1/HFE/KCNJ10/LGMN/UCP2/CPNE4/ANK3/SERPINF1/ALOX15/ALOX5AP/SLC11A1/SYT1/ITPKA/CPNE5/SLC40A1/NFATC2/MT1M/CRHBP/MT1E/SYT6/SMPD3	48
GO:0044057	regulation of system process	89/2449	306/12472	3.81536913850424e-05	0.000577263195079907	0.000387776738489667	SCN1B/ECE1/KCNJ2/FOXO3/SLC8A3/CD38/BAIAP2/ABAT/ACE/BMP10/ZC3H12A/P2RX4/KCNE5/CALM2/NR4A3/TNFRSF1B/ADM/GTF2IRD1/GCH1/POPDC2/CHRM3/ACP3/PDE4B/RETN/ZFHX2/HRH1/THRA/ADORA1/GPD1L/CYSLTR1/TNNT2/ADA/DOCK4/PBX3/TNF/EDN1/DCANP1/ADM2/TIFAB/SPHK1/BMP6/PDE4D/HAMP/PTPRO/CTTN/FGF13/DMD/THRB/GSTM2/MYBPH/CASQ1/C1QTNF1/ATP1B2/TRPM4/SHOX2/APOE/CCL3/KCNJ5/KCNE1/GPR171/ADORA2B/SLC22A5/HRH2/HBEGF/LMCD1/MYRF/SPTBN4/ATP1B1/EDNRB/SGK1/NKX3-1/KCNQ1/STX1A/ITGA2/INHBA/ADORA3/PROK2/SCN4B/PPARG/PDE9A/DSP/TRPV4/TMIGD3/LEP/NR4A1/CRHBP/ANK2/MMP2/WASF3	89
GO:0002523	leukocyte migration involved in inflammatory response	10/2449	14/12472	3.84755513188311e-05	0.000578862508043986	0.000388851077491912	SLAMF1/NINJ1/MDK/TNF/FFAR2/ADAM8/FUT7/SLAMF8/S100A9/CCR6	10
GO:0048566	embryonic digestive tract development	10/2449	14/12472	3.84755513188311e-05	0.000578862508043986	0.000388851077491912	HLX/OVOL2/PDGFRA/FOXF1/ID2/ADA/TNF/GLI3/SHOX2/CXCL8	10
GO:0045860	positive regulation of protein kinase activity	69/2449	224/12472	3.94302873103445e-05	0.000591564758639231	0.000397383818448349	CCR7/RAPGEF2/CCL19/MAP3K4/EZH2/MAP3K5/CARD14/CLU/ACE/LCP2/RASGRP1/PTPN1/CD40/VEGFA/TGFBR2/CALM2/CD4/PHB1/NAB2/TXN/PAK1/CD86/WNT5A/TAB1/DIPK2A/PDGFA/CAMK1/MAP3K13/LRP8/MAP2K3/LILRA5/MAPRE3/CCL5/TNF/EDN1/PDGFC/PSRC1/IL12B/ADAM8/SASH1/FERMT2/GPRC5B/IFNG/CSF1R/ARHGEF5/DUSP19/CLSPN/DDR2/LAT/SNX9/ROBO1/CAMKK1/NEDD9/CEMIP/SLC11A1/EREG/IL18/ITGB3/HTR2B/IL23A/KIF14/PDGFRB/CCND2/CASS4/LEP/S100A12/THBS1/CSF1/DLG3	69
GO:0021700	developmental maturation	66/2449	212/12472	3.99880605406783e-05	0.000598232069031645	0.000401862586366527	IL15/HIF1A/ATP6AP2/RUNX2/CCL19/SNX10/INSL3/HEATR3/GPAT4/CEBPA/TDRD7/SEMA4D/ABHD2/VEGFA/B4GALT5/BRCA2/FAM20C/RPS6KA2/WNT5A/CLEC7A/RYR1/REC8/AGRN/SHB/PLXNB1/MAP3K13/AKR1B1/SCARF1/STXBP1/KCNQ3/UNC13A/NFIA/EDN1/BCL2/GREM1/RND1/FAM210B/TDRKH/SYP/NRCAM/EXT1/KCNE1/DCHS1/HES1/TFCP2L1/SPTBN4/ACVRL1/CCR6/EDNRB/PHOSPHO1/CABYR/C1QA/CX3CR1/EREG/SEZ6L2/PPARG/KIF14/B4GALT6/GATA2/SOX8/LEP/GDF11/MMP2/PCSK4/SEMG2/NR4A2	66
GO:0002221	pattern recognition receptor signaling pathway	64/2449	204/12472	4.00980793096267e-05	0.000598232069031645	0.000401862586366527	RFTN1/RELA/RIPK2/NFKBIA/CASP1/TBK1/TRIM25/FLOT1/ACOD1/PIK3AP1/MAPKAPK2/LILRA4/TNFAIP3/TKFC/CD40/TLR1/PELI1/TNIP1/NINJ1/DHX58/MEFV/RAB7B/CGAS/PHB1/TNIP2/LYN/IRF7/NFKBIZ/IRF4/TIFA/ZNRF1/GBP2/RNF125/IRAK2/TNF/FOSL1/TNIP3/SCIMP/MIR146A/AIM2/TLR2/FFAR2/BIRC3/NR1D1/RSAD2/TYRO3/IFIH1/TLR5/PYCARD/TLR10/EIF2AK2/FCN1/RIGI/OASL/TREM2/IRF1/CD36/TLR7/FCN2/CLEC4E/GBP5/COLEC12/NLRP3/LGR4	64
GO:0030224	monocyte differentiation	16/2449	30/12472	4.03800550561662e-05	0.000600023758554716	0.000403066154384659	CSF2/VEGFA/CD4/CD74/IL31RA/CDK6/IRF7/INPP5D/FES/HLA-DRB1/CTNNBIP1/FASN/CSF1R/DCSTAMP/PPARG/CSF1	16
GO:0002577	regulation of antigen processing and presentation	12/2449	19/12472	4.044222868526e-05	0.000600023758554716	0.000403066154384659	CCR7/CCL19/FGL2/CD74/LILRB2/PYCARD/HFE/TREM2/HLA-DOA/SLC11A1/HLA-DOB/THBS1	12
GO:0055088	lipid homeostasis	41/2449	115/12472	4.08143327983766e-05	0.000603871730574875	0.00040565103083702	CEBPA/MED13/NPC1/POLD1/FITM2/TLCD3A/APOC2/LDLR/CYP7B1/SOAT1/PNPLA8/FABP3/EHD1/GPAM/SESN2/ADORA1/INSIG1/ADCK1/ABCA5/APOC4/PNPLA1/TTC39B/MLXIPL/MTLN/NR1D1/TMEM97/SCARB1/TREM2/APOE/TLCD2/LIPA/DGAT2/ABCA2/LIPG/GCKR/IL18/PPARG/HDAC9/LRP5/EPHX2/MIR34A	41
GO:0048667	cell morphogenesis involved in neuron differentiation	108/2449	387/12472	4.18033909613497e-05	0.000616801548179033	0.00041433664000549	ADARB1/SCN1B/ULK2/SLC11A2/NEFH/RAPGEF2/TIAM2/ECE1/BAIAP2/SEMA4B/FLOT1/NRP2/SEMA3C/LPAR3/SEMA4D/CDK5/VEGFA/B4GALT5/EEF2K/EPHB1/CNP/SMURF1/FLRT2/EPHB6/NDP/PAK1/OPHN1/WNT5A/NTN1/PLXNB1/MAP3K13/LRP8/BOC/STXBP1/PREX2/KLF7/UNC5C/MAPK8IP2/CDH1/EDN1/EPHA10/BCL2/NEDD4/NOTCH3/PHACTR1/KEL/CABP4/FZD4/TUBB2B/LIMK1/PLXNA1/UCHL1/ABI3/PRDM8/SEMA4C/PTPRO/CTTN/GLI3/FGF13/TUBB3/APBB1/VCL/NRCAM/ADGRB1/SEMA3A/EXT1/SHOX2/RTN4R/APOE/MFSD2A/EPHB2/CHN1/CSF1R/HES1/SEMA3B/NEDD4L/PALLD/ROBO1/ANK3/SPTBN4/ZNF365/NTNG2/FEZ1/SEMA6B/NEXN/SEMA6A/DRAXIN/HECW2/OLFM1/LHX2/FARP1/COBL/ITPKA/CDH23/PLXNA4/EFNA3/B4GALT6/ITGA4/EPHB3/NGFR/MCF2/CELSR2/LRP4/KIAA1755/DBN1/SLITRK4/ISL2/NR4A2	108
GO:0045667	regulation of osteoblast differentiation	33/2449	86/12472	4.23299125416377e-05	0.000622854427398383	0.000418402663583914	NOCT/DNAI3/TWSG1/RUNX2/JAG1/CEBPA/HDAC7/SEMA4D/FAM20C/SUFU/CDK6/ERFE/BAMBI/TNFAIP6/TNF/GREM1/CTNNBIP1/BMP6/ZHX3/IFITM1/GLI3/FERMT2/TRPM4/HGF/TMEM119/DDR2/LRP3/CTHRC1/PPARG/FFAR4/GLI1/LRP5/AREG	33
GO:0002758	innate immune response-activating signaling pathway	68/2449	221/12472	4.64832552122181e-05	0.000682094013470247	0.000458196874737885	RFTN1/RELA/RIPK2/NFKBIA/CASP1/TBK1/TRIM25/FLOT1/ACOD1/PIK3AP1/MAPKAPK2/LILRA4/TNFAIP3/HCK/TKFC/CD40/TLR1/PELI1/TNIP1/NINJ1/DHX58/MEFV/RAB7B/CGAS/PHB1/TNIP2/LYN/IRF7/PAK1/CLEC7A/NFKBIZ/IRF4/TIFA/ZNRF1/GBP2/RNF125/IRAK2/TNF/FOSL1/TNIP3/SCIMP/MIR146A/AIM2/TLR2/FFAR2/BIRC3/NR1D1/RSAD2/TYRO3/IFIH1/TLR5/PYCARD/TLR10/EIF2AK2/FCN1/RIGI/OASL/TREM2/IRF1/CD36/TLR7/FCN2/CLEC4E/GBP5/KLRC1/COLEC12/NLRP3/LGR4	68
GO:1901342	regulation of vasculature development	67/2449	217/12472	4.67760771135259e-05	0.000684515489125805	0.000459823501794741	HIF1A/ITGA5/AGO1/BTG1/GTF2I/CXCL13/ZC3H12A/GADD45A/TNFAIP3/CD40/VEGFA/TGFBR2/ADGRA2/IL10/ADM/NINJ1/HHEX/CEMIP2/WNT5A/VASH1/MDK/HK2/ANXA3/JCAD/PML/CYSLTR1/AKT3/RUNX1/TNF/GREM1/ADM2/MIR146A/SPHK1/ITGB8/STAB1/SASH1/HIPK2/GPNMB/ADGRB1/LRG1/EPHA2/HSPG2/ETS1/ACVRL1/SERPINF1/PPP1R16B/SPARC/CCR2/SEMA6A/ECSCR/CX3CR1/CXCL8/PPARG/ITGB3/EFNA3/GATA2/FASLG/EMILIN1/SERPINE1/TJP1/CEACAM1/DLL1/LEP/THBS1/CXCL10/MIR34A/IL1A	67
GO:0061041	regulation of wound healing	34/2449	90/12472	4.7432923118729e-05	0.000692236338484775	0.000465009984855344	ENPP4/INSL3/KANK1/TNFAIP3/PDGFRA/PLAT/ADTRP/ST3GAL4/CLEC7A/PDGFA/SERPINE2/PLAUR/TNF/DUOX2/EDN1/MYLK/SERPINF2/FERMT2/PROC/C1QTNF1/VTN/APOE/EPHB2/CD36/CD9/DDR2/HBEGF/THBD/EMILIN1/SERPINE1/CEACAM1/TFPI/THBS1/MIR34A	34
GO:0044409	entry into host	45/2449	131/12472	5.05069670123032e-05	0.00073509596553776	0.000493800953226694	CD80/CTSL/ITGA5/ITGAV/ICAM1/TRIM25/SLC1A5/SLAMF1/NECTIN2/NPC1/CIITA/GSN/CD4/LDLR/DYNLT1/CD74/PVR/PHB1/DPP4/CD86/HLA-DRB1/PLSCR1/VAMP8/LGALS9/TPCN1/IFITM1/TYRO3/SCARB1/FCN1/CD55/NECTIN3/EPHA2/CCR5/IFITM3/ITGA2/CH25H/CXCL8/CR1/ITGB3/PTX3/ITGB5/GPR15/CR2/CLEC4M/CDK1	45
GO:0002763	positive regulation of myeloid leukocyte differentiation	22/2449	49/12472	5.07869819132569e-05	0.000737168225277517	0.000495192994378868	SLC9B2/EVI2B/PPARGC1B/CD4/CD74/TRIB1/CD101/FES/HLA-DRB1/ID2/RUNX1/TNF/IL12B/CTNNBIP1/TREM2/IFNG/NEDD9/OCSTAMP/DCSTAMP/IL23A/LIF/CSF1	22
GO:0042060	wound healing	87/2449	300/12472	5.21521117768352e-05	0.000754937055883053	0.000507129212100207	VAV2/HIF1A/B4GALT1/ENPP4/ITGA5/INSL3/CFLAR/KANK1/PRCP/SERPINA1/TNFAIP3/PDGFRA/CD40/VEGFA/PLAT/SDC4/FZD6/CD44/FCER1G/ADTRP/ST3GAL4/LYN/PAK1/WNT5A/CLEC7A/DST/PDGFA/PROCR/PLSCR1/PDPN/F2RL2/SERPINE2/TSPAN32/PLEK/STXBP1/DDR1/ADORA2A/JAML/PLAUR/TNF/DUOX2/EDN1/MYLK/MMP12/RAP2B/VWF/F5/SERPINF2/TYRO3/SCARB1/F13A1/FERMT2/VCL/MYOF/PROC/C1QTNF1/FUT10/EXT1/VTN/P2RY1/LRG1/APOE/EPHB2/CD36/CD9/DDR2/RHOC/HBEGF/ACVRL1/ITGA2/ALOX15/SLC11A1/TREML1/EREG/PPARG/ITGB3/THBD/GATA2/SLC7A11/EMILIN1/SERPINE1/DSP/CEACAM1/TFPI/THBS1/MIR34A/IL1A	87
GO:0055082	intracellular chemical homeostasis	132/2449	493/12472	5.33438502550825e-05	0.000770106905569331	0.000517319563546239	MCOLN2/CCL15/HIF1A/ATP6AP2/CCL14/GRINA/CCR7/CCL23/PLCB4/SLC11A2/CLIC4/CCL19/KCNJ2/SLC8A3/ICAM1/PPT1/SLC9B2/SLC9A8/CREG1/ACE/TM9SF4/PIM3/GCLM/CD40/SLC39A14/CALM2/SLC39A8/FITM2/SLC41A1/CCDC115/NNT/ERFE/PLCB2/SLC39A10/LYN/NOL3/WNT5A/GCLC/SLC9A7/TGM2/SLC24A3/RYR1/HLA-DRB1/PCK2/HK2/ADORA1/PML/NDUFAF2/SLC4A5/CCL1/HVCN1/KLF7/CCL5/FRRS1/EDN1/TMEM175/KCNMA1/FXN/BCL2/KEL/ATP13A3/MIR146A/PLCB1/TRPM2/MT1F/MLXIPL/MTLN/BMP6/PDE4D/NR1D1/HAMP/TPCN1/DMD/SLC46A1/GSTM2/MT2A/CASQ1/ATP1B2/HFE/TRPM4/CCL8/P2RY1/TREM2/SLAMF8/APOE/IFNG/CCL3/SLC4A8/CD19/SLC29A1/ATP6V0E2/PDE8B/S100A9/CCR5/UCP2/HCRTR1/TMC8/ATP1B1/SERPINF1/DGAT2/KCNQ1/ABCA2/CCR2/CEMIP/P2RY6/SLC11A1/CYBRD1/HK3/SLC12A5/SYPL2/SV2A/CDH23/ITGB3/HTR2B/ATP1A4/NGFR/FASLG/CCL13/SLC7A11/ITPR3/SLC40A1/CA2/LRP5/TRPV4/JPH4/MT1M/MT1E/ANK2/PTPRN2/CXCL10/RHCG/IL1A	132
GO:0014009	glial cell proliferation	21/2449	46/12472	5.54013047205988e-05	0.000797659645385825	0.000535828125452763	SLC7A5/CLU/CDKN2B/NDP/LYN/NTN1/PRKCH/TP53/CYSLTR1/NFIA/TNF/MIR146A/ETV5/ASCL2/TREM2/CSF1R/HES1/LTA/GFAP/AREG/CSF1	21
GO:0031345	negative regulation of cell projection organization	49/2449	147/12472	5.79001746974554e-05	0.000831403044717348	0.000558495264896014	ULK2/IL15RA/PFN2/RAPGEF2/CD38/SEMA4B/SEMA3C/KANK1/ODF2L/SEMA4D/DENND5A/LIMK2/CDK5/TBC1D30/WNT5A/NTN1/TBC1D7/TBC1D7-LOC100130357/CDH1/KIF24/ARPIN/ADCY6/NEU4/EVL/ABI3/PRAG1/SEMA4C/PTPRO/FGF13/INPP5J/SEMA3A/RTN4R/APOE/EPHB2/HES1/SEMA3B/ZNF365/KREMEN1/SEMA6B/SEMA6A/PMP22/DRAXIN/RAP1GAP/GFAP/ITGA3/STAP1/MCF2/LRP4/TRPV4	49
GO:0002027	regulation of heart rate	24/2449	56/12472	5.93519428227578e-05	0.000849970603632864	0.000570968028618594	SCN1B/KCNJ2/KCNE5/CALM2/ADM/GCH1/POPDC2/GPD1L/ADA/TNF/EDN1/ADM2/PDE4D/DMD/TRPM4/SHOX2/KCNJ5/KCNE1/SPTBN4/EDNRB/KCNQ1/SCN4B/DSP/ANK2	24
GO:0007268	chemical synaptic transmission	114/2449	416/12472	6.03644963965618e-05	0.000857610526066444	0.000576100148990823	ADARB1/SLC1A2/ACHE/NEFH/PFN2/RAPGEF2/EZH2/CACNB3/SLC8A3/CD38/BAIAP2/FLOT1/PPT1/ABAT/ACE/LPAR3/NR3C1/KCNC4/CDK5/P2RX4/HMGCR/EPHB1/CNP/PLAT/RPS6KA2/PNKD/CAMK2A/CHRM3/FBXO2/OPHN1/WNT5A/RETN/HRH1/LRP8/ADORA1/LIN7B/SERPINE2/GABRR2/STXBP1/STX11/KCNQ3/ADORA2A/UNC13A/BACE1/MAPK8IP2/CDH1/TNF/EDN1/NQO1/SRGN/KCNMB1/HIP1/PLCL1/PLCB1/LILRB2/TUBB2B/SYP/CACNA1A/SYN1/MYOF/AKAP12/ADGRB1/RGS14/SYNGR1/EXT1/P2RY1/APOE/P2RX5/NRXN2/EPHB2/SLC4A8/SLC29A1/KCNJ10/LGMN/ADORA2B/HCRTR1/HRH2/ANXA9/CCL2/CACNA1E/CLSTN3/NTNG2/DNM1/STX1A/APBA1/CCR2/RASGRF1/PMP22/ADORA3/DOC2A/SYT1/CX3CR1/SLC12A5/GFAP/SV2A/HAPLN4/ITPKA/HTR2B/MME/PDE9A/RASGRF2/NGFR/SLC7A11/ITPR3/CA2/GPR176/RIC3/DBN1/NR4A1/JPH4/CRHBP/PTPRN2/DLG3/KCNN1	114
GO:0098916	anterograde trans-synaptic signaling	114/2449	416/12472	6.03644963965618e-05	0.000857610526066444	0.000576100148990823	ADARB1/SLC1A2/ACHE/NEFH/PFN2/RAPGEF2/EZH2/CACNB3/SLC8A3/CD38/BAIAP2/FLOT1/PPT1/ABAT/ACE/LPAR3/NR3C1/KCNC4/CDK5/P2RX4/HMGCR/EPHB1/CNP/PLAT/RPS6KA2/PNKD/CAMK2A/CHRM3/FBXO2/OPHN1/WNT5A/RETN/HRH1/LRP8/ADORA1/LIN7B/SERPINE2/GABRR2/STXBP1/STX11/KCNQ3/ADORA2A/UNC13A/BACE1/MAPK8IP2/CDH1/TNF/EDN1/NQO1/SRGN/KCNMB1/HIP1/PLCL1/PLCB1/LILRB2/TUBB2B/SYP/CACNA1A/SYN1/MYOF/AKAP12/ADGRB1/RGS14/SYNGR1/EXT1/P2RY1/APOE/P2RX5/NRXN2/EPHB2/SLC4A8/SLC29A1/KCNJ10/LGMN/ADORA2B/HCRTR1/HRH2/ANXA9/CCL2/CACNA1E/CLSTN3/NTNG2/DNM1/STX1A/APBA1/CCR2/RASGRF1/PMP22/ADORA3/DOC2A/SYT1/CX3CR1/SLC12A5/GFAP/SV2A/HAPLN4/ITPKA/HTR2B/MME/PDE9A/RASGRF2/NGFR/SLC7A11/ITPR3/CA2/GPR176/RIC3/DBN1/NR4A1/JPH4/CRHBP/PTPRN2/DLG3/KCNN1	114
GO:0050857	positive regulation of antigen receptor-mediated signaling pathway	14/2449	25/12472	6.05259109135765e-05	0.000857610526066444	0.000576100148990823	CCR7/RELA/NECTIN2/SLC39A10/PRKCH/ADA/TESPA1/CD226/LIPA/KCNN4/STAP1/NFAM1/TRAT1/CARD11	14
GO:0090025	regulation of monocyte chemotaxis	14/2449	25/12472	6.05259109135765e-05	0.000857610526066444	0.000576100148990823	FPR2/LYN/CCL1/CCL5/GREM1/DUSP1/AIF1/SLAMF8/LGMN/CCR2/CX3CR1/DEFB124/SERPINE1/CXCL10	14
GO:0061756	leukocyte adhesion to vascular endothelial cell	19/2449	40/12472	6.36485492630799e-05	0.000899476595918353	0.00060422369499016	RELA/SLC39A8/CHST2/ITGB2/ST3GAL4/MDK/NFAT5/TNF/MIR146A/SPN/FUT7/EXT1/LRG1/ETS1/CCR2/CX3CR1/ITGA4/LEP/SELL	19
GO:0060349	bone morphogenesis	26/2449	63/12472	6.46363834899216e-05	0.000911032815715842	0.00061198658938657	INSIG2/RUNX2/FOXN3/NAB1/TGFBR2/FOSL2/MMP14/ACP5/NAB2/INSIG1/DCANP1/TIFAB/BMP6/GLI3/LOC102724560/CBS/EXT1/SHOX2/TMEM119/PHOSPHO1/ALPL/COL1A1/DHRS3/LRP5/TRPV4/SMPD3	26
GO:0019886	antigen processing and presentation of exogenous peptide antigen via MHC class II	15/2449	28/12472	6.58444928567913e-05	0.000922413712628741	0.000619631710578404	CTSL/HLA-DMA/HLA-DPB1/HLA-DPA1/HLA-DMB/CD74/FCER1G/HLA-DRB1/HLA-DRA/HLA-DQB1/HLA-DRB5/LGMN/HLA-DOA/HLA-DOB/HLA-DQB2	15
GO:0090066	regulation of anatomical structure size	101/2449	361/12472	6.58506930524976e-05	0.000922413712628741	0.000619631710578404	VAV2/ULK2/CRACD/CCR7/PFN2/ECE1/CD38/BAIAP2/SEMA4B/SEMA3C/KANK1/ACE/NCK2/LPAR3/SEMA4D/HCK/GCLM/PLEKHG2/CDK5/VEGFA/CDC42EP2/CYRIA/ADM/CDC42EP4/IL7R/GSN/SMURF1/RDX/GCH1/ACTA2/CHRM3/WNT5A/BAIAP2L1/ARHGAP18/COTL1/GCLC/HRH1/NTN1/MAP3K13/ADORA1/TMOD1/PDXP/PPP1R15A/CYSLTR1/PLEK/AKT3/AVIL/DOCK4/ADORA2A/CDH1/FMN1/TNF/EDN1/ADCY6/KCNMA1/KCNMB1/KEL/VILL/LIMK1/EVL/SERPINF2/SEMA4C/CTTN/FGF13/PYCARD/LOC102724560/CDC42EP3/CBS/NRCAM/TRPM4/SEMA3A/EXT1/P2RY1/PRR16/RTN4R/APOE/SEMA3B/ADORA2B/HRH2/SNX9/SPTBN4/EDNRB/DEPTOR/KCNN4/SEMA6B/NCKAP1/SEMA6A/ALOX15/DRAXIN/SLC12A5/OLFM1/PLXNA4/HTR2B/CDC42EP5/IQGAP3/ITGA1/TRPV4/LEP/ESAM/SCIN/MMP2	101
GO:0030198	extracellular matrix organization	59/2449	187/12472	6.59605026020926e-05	0.000922413712628741	0.000619631710578404	B4GALT1/ADAMTS14/DNAJB6/CFLAR/FLOT1/NFKB2/SH3PXD2B/ADAMTS4/MAD2L2/MYH11/PDGFRA/COL8A2/SLC39A8/TNFRSF1B/FOXF1/ADAM15/MMP14/FLRT2/ADTRP/DPP4/HPN/PDPN/CTSK/RUNX1/DDR1/TNF/SULF2/GREM1/MMP12/QSOX1/TNFRSF11B/LOXL3/LAMB1/FSCN1/SERPINF2/ADAM8/TGFBI/MMP7/CST3/COL5A3/EXT1/VTN/CRTAP/DDR2/CCDC80/NID2/ADAMTS10/MATN2/COL1A1/GFAP/CRISPLD2/ITGB3/MMP19/PTX3/ANTXR1/EMILIN1/HAS1/MMP2/SMPD3	59
GO:0032620	interleukin-17 production	18/2449	37/12472	6.66597255458669e-05	0.000927349324736787	0.000622947209612503	IL15/RFTN1/SLC7A5/IL27RA/CARD9/PHB1/OSM/CCL1/IL36RN/VSIR/SPHK1/IL12B/IFNG/IL18/IL23A/TNFSF4/ARG2/LY9	18
GO:0032660	regulation of interleukin-17 production	18/2449	37/12472	6.66597255458669e-05	0.000927349324736787	0.000622947209612503	IL15/RFTN1/SLC7A5/IL27RA/CARD9/PHB1/OSM/CCL1/IL36RN/VSIR/SPHK1/IL12B/IFNG/IL18/IL23A/TNFSF4/ARG2/LY9	18
GO:0007600	sensory perception	82/2449	281/12472	6.68832716580954e-05	0.000928048712437199	0.000623417023527052	CCDC50/PTGES/PPT1/WDR36/RETREG1/CASP3/CDK5/P2RX4/GJB2/EPHB1/DLL4/PGAP1/PLCB2/ACP3/NDP/CDKN2D/ZFHX2/HPN/ADORA1/SERPINE2/GABRR2/KCNQ3/ADORA2A/BBS5/BACE1/NR2F6/TNF/FXN/LCTL/RTP4/CABP4/FZD4/KIFC3/OR2I1P/TGFBI/KCNQ4/THRB/AOC2/ALDH7A1/RIPOR2/PKD2L1/OTOA/CNGA1/CCL3/SPATA7/CD36/KCNE1/RGS16/GPR171/KCNJ10/USP53/CCL2/GJA3/SPTBN4/KCNQ1/CCR2/ITGA2/HOXA1/COL1A1/MYO7B/CEMIP/OR5B21/PROK2/CRYBB1/RDH12/CDH23/MME/DHRS3/FFAR4/CRYM/ITPR3/OR6N1/SLC26A4/ATP8B1/COCH/OR52N4/NMB/GUCY2F/ABLIM1/ESPNL/TMEM150C/LOXHD1	82
GO:0007218	neuropeptide signaling pathway	16/2449	31/12472	6.82898296673235e-05	0.000945117125835103	0.000634882735762034	SSTR2/RELA/RAPGEF2/NPFFR1/SORT1/CYSLTR1/GPR84/TYRO3/SSTR3/GPR171/SCG5/HCRTR1/PROK2/NXPH3/SORL1/NMB	16
GO:1990748	cellular detoxification	33/2449	88/12472	7.22476273453888e-05	0.000997315185726553	0.000669946799420887	PTGES/SELENOW/AIFM2/TXNRD3/SLC39A8/NNT/MGST2/GCH1/TXN/SESN2/GSTO2/PTGS1/ALDH1A1/MGST1/DUOX2/NQO1/PIM1/CAT/GSTM2/NXN/MTARC1/APOE/CYGB/CD36/S100A9/ABCG2/GSTM1/ALOX5AP/SLC11A1/MPO/RDH12/GPX3/IPCEF1	33
GO:0002698	negative regulation of immune effector process	36/2449	99/12472	7.35017316109497e-05	0.00100885134635542	0.000677696219064273	CD80/BCL6/JAK3/SLAMF1/ZC3H12A/HLX/RABGEF1/IL10/IL7R/FGL2/SERPINB9/FOXF1/ACP5/PRG2/MICA/LILRB1/TNF/CD84/LGALS9/SPN/LOXL3/A2M/ASCL2/HFE/CD55/SLAMF8/CCR2/CX3CR1/CR1/TNFSF4/VSIG4/TBX21/CEACAM1/KLRC1/CR2/CD96	36
GO:0010232	vascular transport	25/2449	60/12472	7.36484085931609e-05	0.00100885134635542	0.000677696219064273	SLC1A2/SLC7A5/SLC5A3/SLC1A5/SLC24A3/SLC16A1/SLC38A5/SLC27A1/SLC7A8/SLC2A3/SLC16A7/ATP1B2/APOE/MFSD2A/SLC4A8/SLC29A1/CD36/SLC19A1/SLC22A5/ABCG2/ABCC3/LRP3/ABCA2/ATP1A4/SLCO2B1	25
GO:0150104	transport across blood-brain barrier	25/2449	60/12472	7.36484085931609e-05	0.00100885134635542	0.000677696219064273	SLC1A2/SLC7A5/SLC5A3/SLC1A5/SLC24A3/SLC16A1/SLC38A5/SLC27A1/SLC7A8/SLC2A3/SLC16A7/ATP1B2/APOE/MFSD2A/SLC4A8/SLC29A1/CD36/SLC19A1/SLC22A5/ABCG2/ABCC3/LRP3/ABCA2/ATP1A4/SLCO2B1	25
GO:0003012	muscle system process	77/2449	261/12472	7.42593371328465e-05	0.00101462502470287	0.000681574689366459	SCN1B/SSTR2/KCNJ2/FOXO3/EZH2/SLC8A3/CD38/CFLAR/ABAT/BMP10/ZC3H12A/MYH11/P2RX4/KCNE5/CALM2/NR4A3/TNFRSF1B/GSN/GTF2IRD1/ACTA2/CHRM3/PDE4B/RYR1/ADORA1/TMOD1/GPD1L/MAP2K3/TNNT2/ADA/DOCK4/TNF/CALD1/EDN1/KCNMA1/MYLK/GATM/SULF2/DCANP1/TIFAB/SPHK1/PDE4D/CTTN/TNNI2/FGF13/DMD/APBB1/MYOF/GSTM2/MYBPH/CASQ1/TRPM4/P2RY1/KCNJ5/KCNE1/ADORA2B/NEDD4L/LMCD1/ATP1B1/EDNRB/KCNQ1/ITGA2/SNTB1/STAC/SYNM/PROK2/SCN4B/APBB2/PPARG/HTR2B/PDE9A/DSP/TRPV4/LEP/ARG2/NR4A1/ANK2/TTN	77
GO:0043542	endothelial cell migration	56/2449	176/12472	7.73724528399291e-05	0.00105447037509074	0.000708340816410547	HIF1A/NRP2/ATP5F1A/PRCP/CXCL13/BMP10/RAB13/ZC3H12A/GADD45A/RIN2/HDAC7/GPI/CD40/P2RX4/VEGFA/ADGRA2/DLL4/FSTL1/ADTRP/DPP4/WNT5A/VASH1/ANXA3/MAP2K3/JCAD/AKT3/TNF/EDN1/GREM1/PRKX/MIR146A/SASH1/SCARB1/PTP4A3/MIR22/STARD13/ADGRB1/APOE/S100A9/EPHA2/ATOH8/LGMN/ETS1/ROBO1/ACVRL1/SERPINF1/SPARC/PPARG/ITGB3/GATA2/HDAC9/CEACAM1/NR4A1/MET/S100A12/THBS1	56
GO:0043062	extracellular structure organization	59/2449	188/12472	7.80303540900724e-05	0.00105805209242134	0.000710746836188854	B4GALT1/ADAMTS14/DNAJB6/CFLAR/FLOT1/NFKB2/SH3PXD2B/ADAMTS4/MAD2L2/MYH11/PDGFRA/COL8A2/SLC39A8/TNFRSF1B/FOXF1/ADAM15/MMP14/FLRT2/ADTRP/DPP4/HPN/PDPN/CTSK/RUNX1/DDR1/TNF/SULF2/GREM1/MMP12/QSOX1/TNFRSF11B/LOXL3/LAMB1/FSCN1/SERPINF2/ADAM8/TGFBI/MMP7/CST3/COL5A3/EXT1/VTN/CRTAP/DDR2/CCDC80/NID2/ADAMTS10/MATN2/COL1A1/GFAP/CRISPLD2/ITGB3/MMP19/PTX3/ANTXR1/EMILIN1/HAS1/MMP2/SMPD3	59
GO:0045229	external encapsulating structure organization	59/2449	188/12472	7.80303540900724e-05	0.00105805209242134	0.000710746836188854	B4GALT1/ADAMTS14/DNAJB6/CFLAR/FLOT1/NFKB2/SH3PXD2B/ADAMTS4/MAD2L2/MYH11/PDGFRA/COL8A2/SLC39A8/TNFRSF1B/FOXF1/ADAM15/MMP14/FLRT2/ADTRP/DPP4/HPN/PDPN/CTSK/RUNX1/DDR1/TNF/SULF2/GREM1/MMP12/QSOX1/TNFRSF11B/LOXL3/LAMB1/FSCN1/SERPINF2/ADAM8/TGFBI/MMP7/CST3/COL5A3/EXT1/VTN/CRTAP/DDR2/CCDC80/NID2/ADAMTS10/MATN2/COL1A1/GFAP/CRISPLD2/ITGB3/MMP19/PTX3/ANTXR1/EMILIN1/HAS1/MMP2/SMPD3	59
GO:1901888	regulation of cell junction assembly	46/2449	137/12472	7.89616745978889e-05	0.00106797658875327	0.00071741361981814	RAPGEF2/FLOT1/RCC2/ACE/SEMA4D/VEGFA/EEF2K/EPHB1/SDC4/MMP14/FLRT2/WNT5A/NTN1/PRKCH/MYO1C/AGRN/AMIGO2/FMN1/TNF/GREM1/IL1RAP/TLR2/ABI3/MDGA1/DLG5/EPB41L5/FERMT2/VCL/ADGRB1/EPHB2/EPHA2/DLC1/LRRN3/ACVRL1/CLSTN3/NTNG2/SNAI1/LRFN4/NPHP1/FARP1/PTPN13/EPHB3/TJP1/APOD/SLITRK4/THBS1	46
GO:0002218	activation of innate immune response	72/2449	241/12472	8.11784330892895e-05	0.00109519316782427	0.000735696365634871	RFTN1/RELA/RIPK2/NFKBIA/CASP1/TBK1/TRIM25/FLOT1/ACOD1/PIK3AP1/MAPKAPK2/LILRA4/TNFAIP3/HCK/TKFC/PRKDC/CD40/TLR1/PELI1/TNIP1/NINJ1/DHX58/MEFV/RAB7B/CGAS/PHB1/TNIP2/LYN/IRF7/PAK1/CLEC7A/NFKBIZ/IRF4/TIFA/ZNRF1/ZNFX1/GBP2/RNF125/IRAK2/TNF/FOSL1/TNIP3/SCIMP/MIR146A/AIM2/TLR2/FFAR2/BIRC3/NR1D1/RSAD2/TYRO3/IFIH1/TLR5/PYCARD/TLR10/EIF2AK2/FCN1/RIGI/OASL/TREM2/IRF1/CD36/ZBP1/TLR7/FCN2/CLEC4E/MNDA/GBP5/KLRC1/COLEC12/NLRP3/LGR4	72
GO:0010743	regulation of macrophage derived foam cell differentiation	12/2449	20/12472	8.30243319428391e-05	0.00111380829247663	0.000748201081656604	NFKBIA/ITGAV/CSF2/NFKB1/PRKCH/ABCA5/CD36/IL18/PPARG/ITGB3/MSR1/CSF1	12
GO:0071549	cellular response to dexamethasone stimulus	12/2449	20/12472	8.30243319428391e-05	0.00111380829247663	0.000748201081656604	CFLAR/ATP5F1A/NR3C1/GJB2/DDIT4/ASS1/SRD5A1/PCK2/FECH/SMYD3/SERPINF1/TFAP4	12
GO:1901654	response to ketone	48/2449	145/12472	8.3275257703938e-05	0.00111380829247663	0.000748201081656604	CCR7/RELA/CCL19/CD38/CFLAR/ELK1/PTGER4/ACOD1/ATP5F1A/ACE/CARD9/NR3C1/GPI/ABHD2/GJB2/MTAP/DDIT4/ADAM15/TRERF1/ASS1/XRN1/FBP1/SRD5A1/PCK2/FECH/FOSL1/EDN1/ADCY6/NQO1/TLR2/F5/A2M/CDA/GNG2/GPT2/SMYD3/SERPINF1/LIPA/SGK1/NKX3-1/IGFBP7/INHBA/TFAP4/P2RY6/TNFSF4/GNAI1/THBS1/MAOB	48
GO:0032623	interleukin-2 production	24/2449	57/12472	8.35980085092619e-05	0.00111380829247663	0.000748201081656604	CD80/RIPK2/CARD9/HDAC7/TNFAIP3/CD4/CD83/CD86/PDE4B/CLEC7A/IRF4/PNP/GBP1/RUNX1/PDE4D/LAG3/ZFP36/NAV3/CCR2/CR1/VSIG4/TBX21/CARD11/IL1A	24
GO:0032663	regulation of interleukin-2 production	24/2449	57/12472	8.35980085092619e-05	0.00111380829247663	0.000748201081656604	CD80/RIPK2/CARD9/HDAC7/TNFAIP3/CD4/CD83/CD86/PDE4B/CLEC7A/IRF4/PNP/GBP1/RUNX1/PDE4D/LAG3/ZFP36/NAV3/CCR2/CR1/VSIG4/TBX21/CARD11/IL1A	24
GO:0072678	T cell migration	26/2449	64/12472	8.87225733595826e-05	0.00117915162013381	0.000792095483199826	IL27RA/ICAM1/MYO1G/CXCL13/CD200/WNT5A/ABL2/CCL5/SPN/ADAM8/FUT7/PYCARD/ASCL2/AIF1/RIPOR2/GPR183/CCL3/CD200R1/CCL2/CCR6/CCR2/ITGB3/ITGA4/GPR15/APOD/CXCL10	26
GO:0045620	negative regulation of lymphocyte differentiation	20/2449	44/12472	8.95027859826401e-05	0.00118657653891837	0.000797083174801104	PTPN2/SOCS1/BCL6/JAK3/ZC3H12A/HLX/FGL2/CD74/MDK/ID2/RUNX1/LOXL3/GLI3/ASCL2/LAG3/IRF1/INHBA/CR1/TNFSF4/TBX21	20
GO:0033627	cell adhesion mediated by integrin	28/2449	71/12472	9.00512138069877e-05	0.0011908995090129	0.000799987131363961	ITGA11/ITGA5/ITGAV/ICAM1/CXCL13/MUC1/ITGB2/DPP4/LYN/ADA/CCL5/ITGA9/ITGB8/EXT1/ITGAM/VTN/EPHA2/ITGA6/ITGA2/ITGA3/ITGB3/ITGA4/ITGB5/LIF/EMILIN1/SERPINE1/ITGA1/FBN1	28
GO:0046879	hormone secretion	61/2449	197/12472	9.14968302951677e-05	0.0012070370026131	0.000810827497922954	HIF1A/CD38/SLC9B2/ABAT/PIM3/PFKFB2/CHRM3/LYN/RETN/MIDN/HLA-DRB1/PCK2/TM7SF3/VAMP8/ADORA1/F2RL2/NDUFAF2/OSM/KLF7/SLC16A1/ACSL4/HADH/CCL5/TNF/EDN1/TRPV6/FZD4/PLCB1/FFAR2/IL1RN/BMP6/NR1D1/C1QTNF1/HFE/TRPM4/P2RY1/HCAR2/IFNG/IRS1/PDE8B/SLC16A10/ACVR1C/SCG5/UCP2/FFAR3/NKX3-1/KCNQ1/STX1A/INHBA/FFAR1/PPARG/EXOC3L1/FFAR4/LIF/LRP5/TRPV4/LEP/CRHBP/NMB/PTPRN2/SMPD3	61
GO:0061448	connective tissue development	57/2449	181/12472	9.21145089285933e-05	0.00121219977843132	0.000814295594253025	HIF1A/TWSG1/RUNX2/CFLAR/RASAL2/BMP10/SH3PXD2B/ARID5B/SLC39A14/TGFBR2/FOSL2/CD44/ACTA2/MBOAT2/WNT5A/WNT5B/MDK/THRA/ZNF219/CTSK/RUNX1/KLF7/NFIA/EDN1/SULF2/GREM1/ITGB8/BMP6/TGFBI/GLI3/LOC102724560/CBS/TRPM4/EXT1/SHOX2/SOX5/ACVRL1/LIPA/DGAT2/SNAI1/COL1A1/EVC/PPARG/ITGB3/PDGFRB/MAF/SOX8/LRP5/ZEB1/TRPV4/LEP/NFATC2/SORL1/SCIN/CSF1/SMPD3/PITX1	57
GO:0050680	negative regulation of epithelial cell proliferation	36/2449	100/12472	9.34184972215534e-05	0.00122634674293784	0.000823798822247858	B4GALT1/ATP5F1A/BRCA2/CDKN2B/DLL4/IFT172/CDK6/WNT5A/VASH1/HPN/TNF/IFT57/MIR146A/IL12B/MTSS1/INTU/MIR22/APOE/ATOH8/CCL2/ROBO1/ACVRL1/SERPINF1/NKX3-1/SPARC/IRF6/RAP1GAP/EREG/PPARG/NGFR/NUPR1/ZEB1/CEACAM1/PTPRK/THBS1/MIR34A	36
GO:0031589	cell-substrate adhesion	77/2449	263/12472	9.78479212031687e-05	0.00128135321751631	0.000860749439383427	CCR7/ITGA11/JAG1/ITGA5/BCL6/ITGAV/MYO1G/RCC2/PARVB/KANK1/RIN2/CDK5/VEGFA/EPHB1/SDC4/FOXF1/ADAM15/PARVG/ITGB2/MMP14/CDK6/CD44/MDK/PDPN/GBP1/DDR1/FMN1/SORBS3/BCL2/GREM1/PRKX/CDKN2A/MMP12/ITGA9/FZD4/LAMB1/ITGB8/VWF/TYRO3/PTPRO/CTTN/EPB41L5/FERMT2/VCL/ATP1B2/COL5A3/ITGAM/VTN/OTOA/CD36/DLC1/CCDC80/ACVRL1/ITGA6/NID2/NEDD9/ITGA2/ALOX15/SORBS1/COL1A1/ITGA3/ITGB3/KIF14/ITGA4/ITGB5/ANTXR1/EPHB3/EMILIN1/SERPINE1/ITGA1/CASS4/APOD/PTPRK/LAMA5/THBS1/CSF1/CD96	77
GO:0048546	digestive tract morphogenesis	13/2449	23/12472	9.81416076185081e-05	0.00128206451318227	0.000861227252477691	HIF1A/HLX/OVOL2/PDGFRA/FOXF1/WNT5A/ID2/BCL2/GLI3/EPB41L5/SHOX2/EPHB3/GLI1	13
GO:0002449	lymphocyte mediated immunity	82/2449	284/12472	9.95982908194822e-05	0.00129627306016708	0.000870771848522284	CD80/RFTN1/RNF19B/IL27RA/NBN/JAG1/BATF/C1RL/BCL6/ICAM1/MYO1G/CLU/SLAMF1/RASGRP1/CARD9/MAD2L2/TRAF3IP2/NECTIN2/CD40/TNFRSF1B/IL10/IL7R/SERPINB9/CD74/PVR/FCER1G/IRF7/MICA/INPP5D/NFKBIZ/SLAMF7/ZP3/C5/HLA-DRB1/C1S/CD1D/HLA-DRA/LILRB1/C1R/NKG7/TNF/CLCF1/LGALS9/SPN/CD1E/IL12B/CD70/RSAD2/FUT7/CD226/LAG3/HFE/TRPM4/TREM2/CD55/CD19/CSF2RB/GAPT/LTA/CCR6/GZMB/C1QC/NCR1/PRF1/CCR2/C1QA/IL18/CR1/IL23A/TNFSF4/C2/IL18RAP/SLA2/TBX21/CEACAM1/LEP/KLRC1/CR2/NLRP3/IL2RB/IL18R1/CD96	82
GO:0008217	regulation of blood pressure	37/2449	104/12472	9.99553349232645e-05	0.00129627306016708	0.000870771848522284	NDST2/ATP6AP2/KL/ECE1/SNX5/ABAT/ACE/PRCP/P2RX4/ADM/KCNK6/RPS6KA2/GCH1/ACTA2/ADORA1/ID2/PTGS1/SLC4A5/TNF/EDN1/ADM2/SERPINF2/PDE4D/PTPRO/IER3/EXT1/FFAR3/ACVRL1/EDNRB/SGK1/KCNQ1/PPARG/EMILIN1/LRP5/DLL1/LEP/SUCNR1	37
GO:0048660	regulation of smooth muscle cell proliferation	37/2449	104/12472	9.99553349232645e-05	0.00129627306016708	0.000870771848522284	MAP3K5/PTGIR/TNFAIP3/PRKDC/NR4A3/IL10/PHB1/TRIB1/ID2/CCL5/TNF/EDN1/NOTCH3/MIR146A/IL12B/MIR4632/CTNNBIP1/SERPINF2/AIF1/CALCRL/APOE/IFNG/DDR2/HBEGF/ITGA2/P2RY6/EREG/IL18/PPARG/IGFBP3/ITGB3/PDGFRB/APOD/THBS1/MMP2/SMPD3/MIR34A	37
GO:0046635	positive regulation of alpha-beta T cell activation	27/2449	68/12472	0.000104280592724569	0.00134909868268791	0.000906257477580925	CD80/SOCS1/CCL19/RIPK2/HLX/TGFBR2/EBI3/CD83/CD86/NFKBIZ/SHB/HLA-DRB1/PNP/HLA-DRA/RUNX1/ADA/LGALS9/IL12B/GLI3/CD55/IFNG/CCR2/IL18/IL23A/TNFSF4/CARD11/NLRP3	27
GO:0050808	synapse organization	85/2449	297/12472	0.000104876921244222	0.00135354407273266	0.000909243669785039	ACHE/NEFH/PFN2/CACNB3/SLC8A3/BAIAP2/NRP2/SEMA4D/CDK5/EEF2K/EPHB1/IL10/CHCHD10/FLRT2/ABHD17C/OPHN1/WNT5A/PTPRF/NTN1/AGRN/PLXNB1/AMIGO2/SORT1/CAMK1/LRP8/UNC13A/NFIA/CDH1/TNF/ARHGAP22/NEDD4/SRGN/IL1RAP/TLR2/LILRB2/ABI3/MDGA1/PTPRO/CTTN/DLG5/FGF13/SYN1/TANC1/SYNPO/NRCAM/ADGRB1/CTTNBP2/ITGAM/TREM2/APOE/NRXN2/WASF1/EPHB2/LGMN/LRRN3/ANK3/SPTBN4/ZNF365/NEDD9/C1QC/CLSTN3/NTNG2/LRFN4/C1QA/CX3CR1/ELFN1/HAPLN4/SEZ6L2/FARP1/ITGA3/ITPKA/APBB2/ITGB3/PLXNA4/PTPN13/SDK1/EPHB3/SLC7A11/RAB39B/LRP4/DBN1/SLITRK4/LAMA5/WASF3/PPFIA4	85
GO:0043405	regulation of MAP kinase activity	38/2449	108/12472	0.00010615748301661	0.00136409556122146	0.000916331635599027	CCL19/MAP3K4/EZH2/MAP3K5/RASGRP1/PTPN1/DNAJA1/CD40/VEGFA/DUSP7/LYN/PAK1/TRIB1/WNT5A/PDGFA/MAP3K13/TNF/EDN1/PDGFC/DUSP1/UCHL1/ADAM8/SASH1/DUSP16/RGS14/APOE/ARHGEF5/DUSP19/ROBO1/TRIB2/PPARG/HTR2B/PDGFRB/TRIB3/SORL1/S100A12/THBS1/LAX1	38
GO:0014910	regulation of smooth muscle cell migration	22/2449	51/12472	0.000106203855307945	0.00136409556122146	0.000916331635599027	ACE/ABHD2/NR4A3/TRIB1/MDK/PDGFA/DOCK4/CCL5/BCL2/MIR146A/PLXNA1/AIF1/VTN/DDR2/ITGA2/P2RY6/IGFBP3/ITGB3/PDGFRB/SERPINE1/SORL1/MIR34A	22
GO:0045859	regulation of protein kinase activity	110/2449	404/12472	0.000107193219497391	0.00137350929097614	0.000922655311614411	ADARB1/CCR7/RAP2C/RAPGEF2/CCL19/MAP3K4/CEP85/EZH2/SLC8A3/MAP3K5/CARD14/CEBPA/CLU/ACE/LCP2/RASGRP1/GADD45A/PTPN1/DNAJA1/ERRFI1/CD40/VEGFA/TGFBR2/CALM2/CDKN2B/CD4/PHB1/DUSP7/NAB2/HHEX/LYN/TXN/PAK1/TRIB1/CD86/CDKN2D/WNT5A/TAB1/DIPK2A/PDGFA/CAMK1/MAP3K13/LRP8/MAP2K3/LILRA5/MAPRE3/CCL5/TNF/EDN1/CDKN2A/PDGFC/CCNB2/DUSP1/HEG1/PSRC1/RAP2B/IL12B/UCHL1/ADAM8/SASH1/PTPRO/PYCARD/FERMT2/DUSP16/RGS14/GPRC5B/APOE/IFNG/PKIG/EPHB2/CSF1R/ARHGEF5/DUSP19/CLSPN/DDR2/LAT/SNX9/ROBO1/CAMKK1/NEDD9/DEPTOR/TRIB2/TFAP4/CEMIP/SLC11A1/EREG/IL18/PPARG/CCNE2/ITGB3/HTR2B/IL23A/KIF14/PDGFRB/HERC5/CCND2/TRIB3/CCNA1/LRP5/CASS4/CEACAM1/LEP/SORL1/S100A12/THBS1/CSF1/DLG3/MIR34A/LAX1/TTN	110
GO:0010742	macrophage derived foam cell differentiation	14/2449	26/12472	0.00010749391504812	0.00137407496180843	0.000923035301179437	NFKBIA/ITGAV/CSF2/SOAT1/NFKB1/WNT5A/PRKCH/ABCA5/CD36/IL18/PPARG/ITGB3/MSR1/CSF1	14
GO:0007193	adenylate cyclase-inhibiting G protein-coupled receptor signaling pathway	17/2449	35/12472	0.000108754895282717	0.0013868838550815	0.000931639679389288	SSTR2/INSL3/FPR2/CHRM3/ADORA1/OXER1/EDN1/ADCY6/RGS1/AKAP12/P2RY1/FFAR3/ITGB3/PDE2A/GNAI1/S1PR3/GPR176	17
GO:0044282	small molecule catabolic process	83/2449	289/12472	0.000110537093997983	0.00140626288706223	0.000944657550406567	IDO1/IDO2/GPD2/SRD5A3/ECHS1/ENPP4/GK5/ABAT/MCEE/TKFC/MTHFS/ABHD2/GK/PFKFB2/ENTPD7/BCKDHA/PNKD/ADTRP/SORD/UPP1/DCXR/NUDT1/HIBADH/SCP2/XYLB/SESN2/PNP/PCK2/TP53/HK2/NUDT19/PDXP/CYP27B1/SCARF1/ADA/AUH/SLC16A1/HSD17B4/HADH/HAAO/AFMID/APOBEC3F/IVD/SARDH/ASRGL1/LDHD/AASS/GALM/MTLN/ADA2/UPB1/SCARB1/FUT7/SLC27A2/DPEP2/LOC102724560/APOBEC3G/CBS/FUT10/CDA/BCKDHB/SHMT1/GPT2/APOE/HAL/MFSD2A/IRS1/OXCT1/AIG1/ALDH5A1/HPD/ACACB/HK3/AMDHD1/SDS/ALDH1B1/CRYM/LRP5/LEP/ARG2/HDC/GCAT/TDO2	83
GO:0001755	neural crest cell migration	16/2449	32/12472	0.000111789908808683	0.00141213856504554	0.000948604538997217	HIF1A/SEMA4B/NRP2/SEMA3C/SEMA4D/OVOL2/EDN1/SEMA4C/SEMA3A/SEMA3B/EDNRB/SEMA6B/SEMA6A/HTR2B/SOX8/LAMA5	16
GO:0032689	negative regulation of type II interferon production	16/2449	32/12472	0.000111789908808683	0.00141213856504554	0.000948604538997217	SLAMF1/ZC3H12A/CD274/IL10/HLA-DRB1/LILRB1/IL36RN/LGALS9B/VSIR/LGALS9/PDCD1LG2/LGALS9C/INHBA/CR1/TNFSF4/CD96	16
GO:2000515	negative regulation of CD4-positive, alpha-beta T cell activation	16/2449	32/12472	0.000111789908808683	0.00141213856504554	0.000948604538997217	TWSG1/BCL6/JAK3/ZC3H12A/CD274/HLX/RUNX1/LGALS9B/VSIR/LGALS9/LOXL3/ASCL2/LGALS9C/TNFSF4/TBX21/ARG2	16
GO:0002752	cell surface pattern recognition receptor signaling pathway	24/2449	58/12472	0.000116306158479331	0.00146573125838893	0.000984605448129667	RELA/RIPK2/NFKBIA/ACOD1/PIK3AP1/TNFAIP3/TLR1/PELI1/NINJ1/RAB7B/TNIP2/LYN/ZNRF1/IRAK2/TNIP3/SCIMP/MIR146A/TLR2/FFAR2/NR1D1/TLR5/FCN1/TREM2/FCN2	24
GO:0048598	embryonic morphogenesis	104/2449	379/12472	0.000118386915058546	0.00148845144848257	0.000999867743192763	HIF1A/SLC39A1/LAMA3/TWSG1/INSIG2/RUNX2/ECE1/ITGA5/ITGAV/DNAAF1/MAP3K20/DNAJB6/DUSP5/ARFRP1/SOCS3/ETS2/ZBTB17/HLX/GPI/OVOL2/CASP3/PDGFRA/PALS1/TGFBR2/NR4A3/CECR2/IL10/ADM/DLL4/SDC4/IFT172/FZD6/FOXF1/SUFU/ITGB2/MMP14/MTHFD1/LAMB3/CCDC103/WNT5A/WNT5B/NTN1/HPN/TP53/ID2/INSIG1/BBS5/MICAL2/TSHZ1/EDN1/DCANP1/GREM1/DUSP4/PCGF2/IFT57/TIFAB/DUSP1/COL6A1/LAMB1/KIF20B/IL1RN/SEMA4C/GLI3/INTU/VANGL2/HIPK2/KCNQ4/EPB41L5/AFF3/DUSP2/EXT1/VTN/SHOX2/EPHB2/EPHA2/ATOH8/HES1/DLC1/SNAI1/KCNQ1/ITGA2/INHBA/HOXA1/CTHRC1/LHX2/COBL/ITGA3/CDH23/ITGB3/HTR2B/ITGA4/ITGB5/GATA2/B9D1/SOX8/GLI1/LRP5/ZEB1/LRP4/DLL1/FBN1/LAMA5/MMP2/PITX1	104
GO:0010876	lipid localization	97/2449	349/12472	0.00011916999679665	0.00149478806286384	0.00100412436595822	UGCG/PTPN2/GRAMD1A/PTGES/NFKBIA/ITGAV/STARD4/CLU/SQLE/ACE/ZC3H12A/TEX2/LRP10/XKR8/AQP9/NPC1/P2RX4/EPRS1/FITM2/APOL3/APOC2/LDLR/SOAT1/PNPLA8/ERFE/NFKB1/RETN/ACSL1/FABP3/EHD1/ACSL5/SCP2/APOL2/TRIAP1/PLSCR1/PLSCR2/ATP8B2/TNF/EDN1/OSBPL5/MIR146A/ABCA5/PLA2R1/FZD4/CRABP1/FFAR2/OSBPL3/APOC4/APOC1/TTC39B/SLC27A1/BMP6/APOL1/ABCC11/SCARB1/STOML1/SLC27A2/C1QTNF1/APOL6/EEPD1/TREM2/OSBPL1A/APOE/MFSD2A/SLCO4A1/CD36/ACVR1C/ABCG2/ABCC3/LIPA/DGAT2/NKX3-1/KCNN4/KCNQ1/B4GALNT1/ABCA2/INHBA/LIPG/ACACB/ATP8B4/PPARG/ITGB3/ABCA10/ESYT3/ANO9/MSR1/FASLG/RBP7/ATP8B1/CEACAM1/APOD/LEP/SLCO2B1/NMB/THBS1/MIR34A/IL1A	97
GO:0071706	tumor necrosis factor superfamily cytokine production	49/2449	151/12472	0.000123447898754072	0.00154122831171751	0.0010353206181853	IL27RA/CCL19/RIPK2/CLU/SLAMF1/RASGRP1/MAPKAPK2/ZC3H12A/CD274/CARD9/LILRA4/TNFAIP3/TLR1/IL10/ACP5/CD86/WNT5A/CLEC7A/TNFRSF8/LILRA5/LILRB1/VSIR/TMEM106A/CD84/LGALS9/TLR2/SPN/IL12B/ADAM8/IFIH1/GPNMB/PYCARD/AKAP12/RIGI/TREM2/IFNG/CCL3/EPHB2/CD36/ZFP36/ORM2/CCR2/ORM1/CX3CR1/IL23A/LEP/ARG2/THBS1/IL1A	49
GO:1903555	regulation of tumor necrosis factor superfamily cytokine production	49/2449	151/12472	0.000123447898754072	0.00154122831171751	0.0010353206181853	IL27RA/CCL19/RIPK2/CLU/SLAMF1/RASGRP1/MAPKAPK2/ZC3H12A/CD274/CARD9/LILRA4/TNFAIP3/TLR1/IL10/ACP5/CD86/WNT5A/CLEC7A/TNFRSF8/LILRA5/LILRB1/VSIR/TMEM106A/CD84/LGALS9/TLR2/SPN/IL12B/ADAM8/IFIH1/GPNMB/PYCARD/AKAP12/RIGI/TREM2/IFNG/CCL3/EPHB2/CD36/ZFP36/ORM2/CCR2/ORM1/CX3CR1/IL23A/LEP/ARG2/THBS1/IL1A	49
GO:0071241	cellular response to inorganic substance	52/2449	163/12472	0.000127257061027973	0.00158509027643214	0.0010647849072059	CLIC4/MAP1LC3A/DDI2/CFLAR/CEBPA/ATP5F1A/P2RX4/SLC39A8/EEF2K/MTF1/CDK2/SLC41A1/ALAD/PPIF/FBP1/WNT5A/ZNF658/RASA4/CPNE9/RASA4B/RYR1/KCNQ3/HVCN1/BACE1/CDH1/EDN1/NQO1/TRPM2/MT1F/BMP6/MT2A/RASAL1/HFE/KCNJ10/LGMN/UCP2/CPNE4/ANK3/SERPINF1/ALOX15/ALOX5AP/SLC11A1/SYT1/ITPKA/CPNE5/SLC40A1/NFATC2/MT1M/CRHBP/MT1E/SYT6/SMPD3	52
GO:0045637	regulation of myeloid cell differentiation	54/2449	171/12472	0.000128425603959433	0.00159593395546804	0.00107206915211465	PTPN2/HIF1A/GPR137B/JAG1/FOXO3/NFKBIA/SLC9B2/MITF/EVI2B/PPARGC1B/PRKDC/RAB7B/CD4/CD74/ACVR1B/CDK6/ERFE/LYN/IRF7/TRIB1/INPP5D/CD101/FES/HLA-DRB1/ID2/FAXDC2/LILRB1/RUNX1/TNFAIP6/TNF/FAM210B/TNFRSF11B/IL12B/CTNNBIP1/TREM2/IFNG/CCL3/ZFP36/GPR171/ETS1/NEDD9/C1QC/INHBA/OCSTAMP/ISG15/DCSTAMP/IL23A/GATA2/LIF/CEACAM1/DLL1/FBN1/SCIN/CSF1	54
GO:0002396	MHC protein complex assembly	11/2449	18/12472	0.000132022891327915	0.00162823475978386	0.0010937672278883	HLA-DMA/HLA-DPB1/HLA-DPA1/HLA-DMB/HLA-DRB1/HLA-DRA/HLA-DQB1/HLA-DRB5/HLA-DOA/HLA-DOB/HLA-DQB2	11
GO:0002501	peptide antigen assembly with MHC protein complex	11/2449	18/12472	0.000132022891327915	0.00162823475978386	0.0010937672278883	HLA-DMA/HLA-DPB1/HLA-DPA1/HLA-DMB/HLA-DRB1/HLA-DRA/HLA-DQB1/HLA-DRB5/HLA-DOA/HLA-DOB/HLA-DQB2	11
GO:0032613	interleukin-10 production	23/2449	55/12472	0.000132475632623722	0.00162823475978386	0.0010937672278883	IDO1/JAK3/CD274/CD83/PRG2/CLEC7A/IRF4/HLA-DRB1/LILRA5/LILRB1/VSIR/LGALS9/TLR2/IL12B/PYCARD/PDCD1LG2/HGF/TREM2/TRIB2/ISG15/IL23A/TNFSF4/DLL1	23
GO:0032653	regulation of interleukin-10 production	23/2449	55/12472	0.000132475632623722	0.00162823475978386	0.0010937672278883	IDO1/JAK3/CD274/CD83/PRG2/CLEC7A/IRF4/HLA-DRB1/LILRA5/LILRB1/VSIR/LGALS9/TLR2/IL12B/PYCARD/PDCD1LG2/HGF/TREM2/TRIB2/ISG15/IL23A/TNFSF4/DLL1	23
GO:0006941	striated muscle contraction	38/2449	109/12472	0.000132544875889799	0.00162823475978386	0.0010937672278883	SCN1B/KCNJ2/SLC8A3/BMP10/ZC3H12A/P2RX4/KCNE5/CALM2/GSN/PDE4B/RYR1/ADORA1/GPD1L/MAP2K3/TNNT2/TNF/PDE4D/TNNI2/FGF13/DMD/GSTM2/MYBPH/CASQ1/TRPM4/KCNJ5/KCNE1/NEDD4L/ATP1B1/KCNQ1/STAC/SYNM/SCN4B/DSP/TRPV4/ARG2/NR4A1/ANK2/TTN	38
GO:0055123	digestive system development	29/2449	76/12472	0.000135787862825118	0.00166425581988863	0.00111796438669457	HIF1A/DNAAF1/HLX/OVOL2/PDGFRA/IFT172/FOXF1/ASS1/CCDC103/WNT5A/ID2/ADA/TNF/BCL2/PDGFC/GLI3/EPB41L5/EXT1/SHOX2/DCHS1/HES1/EDNRB/KCNQ1/KLF5/CXCL8/COBL/EPHB3/GLI1/LGR4	29
GO:0010594	regulation of endothelial cell migration	45/2449	136/12472	0.000138478317141747	0.00168903090602693	0.00113460705884204	HIF1A/NRP2/ATP5F1A/PRCP/CXCL13/BMP10/ZC3H12A/GADD45A/RIN2/HDAC7/GPI/CD40/P2RX4/VEGFA/ADGRA2/DLL4/WNT5A/VASH1/ANXA3/MAP2K3/JCAD/AKT3/TNF/EDN1/MIR146A/SASH1/SCARB1/MIR22/STARD13/ADGRB1/APOE/EPHA2/ATOH8/LGMN/ETS1/ACVRL1/SERPINF1/SPARC/PPARG/ITGB3/GATA2/HDAC9/CEACAM1/MET/THBS1	45
GO:0042445	hormone metabolic process	45/2449	136/12472	0.000138478317141747	0.00168903090602693	0.00113460705884204	HIF1A/ATP6AP2/SRD5A3/ECE1/CTSL/ACE/NR3C1/PDGFRA/GCNT4/ADM/DHCR7/RDH13/NFKB1/DPP4/SRD5A1/HPN/AKR1B1/ALDH1A1/ERO1B/CYP27B1/CTSK/HSD17B4/DUOX2/TIPARP/PLB1/CYP3A7/TG/BMP6/DHRS9/HFE/PDE8B/SLC16A10/SCG5/FFAR3/DHRS11/EDNRB/DGAT2/DKK3/RDH12/MME/DHRS3/CRYM/LEP/PCSK4/PCSK6	45
GO:2000401	regulation of lymphocyte migration	25/2449	62/12472	0.000139009387206197	0.00168903090602693	0.00113460705884204	IL27RA/CXCL13/CD200/ADTRP/WNT5A/ABL2/CCL5/CCL4/SPN/ADAM8/PYCARD/ASCL2/AIF1/RIPOR2/CCL3/CD200R1/CCL2/CCR6/NEDD9/CCR2/ITGB3/ITGA4/GCSAM/APOD/CXCL10	25
GO:0050921	positive regulation of chemotaxis	39/2449	113/12472	0.000139070692598558	0.00168903090602693	0.00113460705884204	CCR7/CCL19/CXCL13/SLAMF1/PDGFRA/P2RX4/VEGFA/FPR2/CD74/CAMK1D/WNT5A/MDK/CCL1/CCL5/EDN1/CCL4/LGALS9/AIF1/RIPOR2/TREM2/CCL3/CSF1R/LGMN/CCR6/NEDD9/CCR2/ITGA2/CX3CR1/CXCL8/IL23A/DEFB124/PDGFRB/SERPINE1/TRPV4/MET/SUCNR1/THBS1/CSF1/CXCL10	39
GO:0051961	negative regulation of nervous system development	35/2449	98/12472	0.000139495258502063	0.00168907557908419	0.00113463706798274	ULK2/RAPGEF2/SEMA4B/SEMA3C/SEMA4D/CDK5/CDKN2B/LDLR/DYNLT1/WNT5A/NTN1/TP53/CDH1/TNF/MIR146A/TLR2/NR1D1/SEMA4C/FGF13/ASCL2/SEMA3A/TREM2/RTN4R/EPHB2/HES1/SEMA3B/SEMA6B/SEMA6A/DRAXIN/LHX2/PTPN13/GATA2/MCF2/LRP4/SORL1	35
GO:0055074	calcium ion homeostasis	65/2449	216/12472	0.000139934849655948	0.00168907557908419	0.00113463706798274	FAM20A/MCOLN2/CCL15/CCL14/GRINA/CCR7/CCL23/PLCB4/KL/CCL19/SNX10/SLC8A3/CD40/CALM2/PLCB2/LYN/NOL3/WNT5A/TGM2/SLC24A3/RYR1/CIB2/ADORA1/PML/CYP27B1/CCL1/CCL5/EDN1/BCL2/KEL/ATP13A3/TRPV6/PLCB1/TRPM2/MTLN/PDE4D/TPCN1/DMD/GSTM2/CASQ1/CCL8/P2RY1/APOE/CCL3/CD19/TRPV5/CCR5/HCRTR1/ATP1B1/CCR2/ALPL/CEMIP/P2RY6/SYPL2/SV2A/CDH23/ITGB3/HTR2B/FASLG/CCL13/ITPR3/TRPV4/JPH4/ANK2/CXCL10	65
GO:0090130	tissue migration	73/2449	249/12472	0.000140020455024903	0.00168907557908419	0.00113463706798274	HIF1A/PFN2/INSL3/NRP2/ATP5F1A/KANK1/PRCP/CXCL13/BMP10/RAB13/ZC3H12A/GADD45A/RIN2/HDAC7/GPI/CD40/PKN3/P2RX4/VEGFA/TGFBR2/ADGRA2/DLL4/FOXF1/FSTL1/ACTA2/ADTRP/DPP4/WNT5A/VASH1/ANXA3/MAP2K3/JCAD/ENPP2/AKT3/TNF/EDN1/GREM1/PRKX/MIR146A/EVL/SASH1/SCARB1/PTP4A3/MIR22/STARD13/EPB41L5/ADGRB1/LRG1/APOE/IFNG/S100A9/EPHA2/ATOH8/LGMN/ETS1/HBEGF/ROBO1/ACVRL1/SERPINF1/SPARC/SNAI1/ITGA2/NANOS1/ITGA3/PPARG/ITGB3/GATA2/HDAC9/CEACAM1/NR4A1/MET/S100A12/THBS1	73
GO:0032787	monocarboxylic acid metabolic process	122/2449	459/12472	0.000141698312562471	0.00170547452153841	0.00114565306289421	HIF1A/IDO1/INSIG2/DSE/ECHS1/PTGES/BPGM/MSMO1/STARD4/GPAT4/ABAT/MCEE/GPI/FADS3/MTHFS/ABHD2/NPC1/ME1/ABHD10/PFKFB2/HSD3B7/NR4A3/HACD3/DDIT4/NAAA/PNKD/APOC2/CBR1/CYP7B1/SLC2A6/CD74/ALDH3A2/PNPLA8/CBFA2T3/ERFE/ADTRP/SORD/PTGR2/FBP1/ELOVL7/ACSL1/DCXR/FABP3/ACSL5/SCP2/XYLB/GPAM/SESN2/DAGLA/PCK2/TP53/HK2/NUDT19/AKR1B1/PTGS1/ALDH1A1/INSIG1/IDH2/AUH/SLC16A1/EPHX1/ACSL4/HSD17B4/HADH/EDN1/GATM/ACSS1/HAAO/IVD/GSTM4/LDHD/OSBPL3/PTGR1/APOC1/MLXIPL/CYP3A7/SLC27A1/MTLN/NR1D1/DHRS9/SLC27A2/PDK2/GSTM2/IER3/MECR/FASN/OSBPL1A/ACSM5/PHGDH/ACOT11/HAL/IFNG/MFSD2A/IRS1/CYGB/CD36/ELOVL6/AIG1/UCP2/ALDH5A1/LIPA/GSTM1/GPAT2/LDHAL6B/GGT5/FADS2/VNN1/LIPG/VNN2/ALOX15/ACACB/ALOX5AP/HK3/AMDHD1/PPARG/SDS/NUPR1/TRIB3/FAAH2/ATP8B1/CEACAM1/LEP	122
GO:1902905	positive regulation of supramolecular fiber organization	47/2449	144/12472	0.000144008832768875	0.00172915371889393	0.00116155957139646	CRACD/CCR7/SYNPO2/PFN2/CLIP1/BAIAP2/CLU/NCK2/BMP10/TOGARAM1/HCK/CDC42EP2/CDC42EP4/SDC4/GSN/PDE4DIP/PAK1/BAIAP2L1/FES/PDXP/PLEK/FMN1/EDN1/SORBS3/LIMK1/EVL/PSRC1/MTSS1/SERPINF2/CTTN/PYCARD/FERMT2/CDC42EP3/SYNPO/APOE/WASF1/ARHGEF5/RHOC/SNX9/NAV3/NCKAP1/ALOX15/CDC42EP5/TRPV4/MET/SCIN/WASF3	47
GO:0042531	positive regulation of tyrosine phosphorylation of STAT protein	19/2449	42/12472	0.000144634216964989	0.00172915371889393	0.00116155957139646	IL15/CSF2/CD40/IL31RA/LYN/OSM/PARP14/CCL5/TNF/CLCF1/IL12B/PARP9/IFNG/CSF1R/HES1/IL18/IL23A/LIF/LEP	19
GO:0061028	establishment of endothelial barrier	19/2449	42/12472	0.000144634216964989	0.00172915371889393	0.00116155957139646	RAP2C/RAPGEF2/ICAM1/VEGFA/RDX/TNF/PLCB1/PECAM1/PDE4D/AFDN/VCL/PROC/TJP2/FASN/EDNRB/PPP1R16B/PDE2A/TJP1/S1PR3	19
GO:0043491	phosphatidylinositol 3-kinase/protein kinase B signal transduction	61/2449	200/12472	0.000146747480414296	0.00175051114721374	0.00117590643079607	CCR7/CCL19/PHLDA3/PHLPP1/PIK3AP1/SEMA4D/PDGFRA/CD40/P2RX4/MAZ/SESN3/PHB1/ERFE/ADTRP/NDP/TXN/DIPK2A/PLXNB1/PDGFA/SESN2/PLK3/DDR1/OSM/HCST/CCL5/TNF/EDN1/NEDD4/HIP1/MIR146A/AIM2/PDGFC/ADAM8/TYRO3/FERMT2/C1QTNF1/HGF/TREM2/CCL3/IRS1/CSF1R/EPHA2/DDR2/HBEGF/NKX3-1/PPP1R16B/PIK3C2B/BANK1/CX3CR1/IL18/HTR2B/PDGFRB/PTPN13/MEIS3/CASS4/CEACAM1/LEP/LTK/THBS1/SMPD3/MIR34A	61
GO:0030856	regulation of epithelial cell differentiation	36/2449	102/12472	0.000148466182681681	0.0017670774987624	0.00118703488282102	JAG1/BTG1/EZH2/ERRFI1/OVOL2/VEGFA/CDKN2B/MAFG/SPRED3/PRKCH/CYP27B1/KLF7/TNF/SPRED2/PRKX/MYCL/PLCB1/BMP6/VCL/PROC/IFNG/ZFP36/ATOH8/HES1/MAFF/ACVRL1/PTCH2/ZBED2/LIF/SERPINE1/S1PR3/ZEB1/CEACAM1/DLL1/MIR34A/IL1A	36
GO:0001885	endothelial cell development	22/2449	52/12472	0.000150252660778443	0.00178080317005045	0.00119625510695972	RAP2C/CLIC4/RAPGEF2/ICAM1/VEGFA/RDX/TNF/PLCB1/HEG1/PECAM1/PDE4D/AFDN/VCL/PROC/TJP2/FASN/EDNRB/PPP1R16B/PDE2A/TJP1/S1PR3/MET	22
GO:0001906	cell killing	51/2449	160/12472	0.000150559741488065	0.00178080317005045	0.00119625510695972	RNF19B/ICAM1/RASGRP1/NECTIN2/NINJ1/IL7R/SERPINB9/PVR/MICA/CLEC7A/SLAMF7/LYZ/C5/HLA-DRB1/CD1D/HLA-DRA/LILRB1/GBP1/GBP2/NKG7/LGALS9/GBP3/CD1E/IL12B/HAMP/APOL1/CD226/LAG3/TREM1/HFE/CXCL6/ITGAM/CD55/IFNG/GZMB/NCR1/PRF1/GBP5/CX3CR1/IL18/CR1/GBP7/STAP1/IL23A/CFH/IL18RAP/CCL13/CEACAM1/LEP/KLRC1/S100A12	51
GO:0001935	endothelial cell proliferation	41/2449	121/12472	0.000150616847653632	0.00178080317005045	0.00119625510695972	HIF1A/NRP2/ATP5F1A/VEGFA/COL8A2/IL10/DLL4/MMP14/WNT5A/VASH1/MDK/JCAD/AKT3/TNF/PRKX/MIR146A/IL12B/BMP6/SCARB1/MIR22/LRG1/APOE/EPHA2/ATOH8/HSPG2/CCL2/ACVRL1/LIPA/PPP1R16B/SPARC/PROK2/PPARG/ITGB3/HTR2B/ITGA4/GATA2/NGFR/LEP/NR4A1/THBS1/MIR34A	41
GO:0035739	CD4-positive, alpha-beta T cell proliferation	12/2449	21/12472	0.000159131653234315	0.00186909897965568	0.00125556784569457	TWSG1/RIPK2/CD274/TGFBR2/IL2RA/LGALS9B/VSIR/LGALS9/CD55/LGALS9C/ARG2/CARD11	12
GO:1905523	positive regulation of macrophage migration	12/2449	21/12472	0.000159131653234315	0.00186909897965568	0.00125556784569457	SLAMF1/P2RX4/MMP14/MDK/CCL5/TREM2/CCL3/CSF1R/CX3CR1/TRPV4/THBS1/CSF1	12
GO:2000561	regulation of CD4-positive, alpha-beta T cell proliferation	12/2449	21/12472	0.000159131653234315	0.00186909897965568	0.00125556784569457	TWSG1/RIPK2/CD274/TGFBR2/IL2RA/LGALS9B/VSIR/LGALS9/CD55/LGALS9C/ARG2/CARD11	12
GO:0014074	response to purine-containing compound	34/2449	95/12472	0.000164783657984454	0.00193125004850052	0.00129731784634542	RELA/RAPGEF2/PANX1/AQP9/P2RX4/EEF2K/ASS1/XRN1/FBP1/SRD5A1/RYR1/CIB2/ADORA1/PDXP/ADA/ADORA2A/DUOX2/FOSL1/P2RY11/TRPM2/GSTM2/TRPM4/BCKDHB/P2RY1/P2RX5/KCNE1/TLR7/KCNQ1/COL1A1/P2RY6/THBD/PDE2A/AREG/CRHBP	34
GO:0048754	branching morphogenesis of an epithelial tube	31/2449	84/12472	0.000166349714969235	0.00194534732177996	0.00130678769424235	CLIC4/VEGFA/TGFBR2/DLL4/FOXF1/MMP14/PAK1/HS3ST3B1/WNT5A/MDK/PML/DDR1/TNF/EDN1/BCL2/GREM1/CTNNBIP1/DLG5/GLI3/EXT1/EPHA2/DCHS1/NKX3-1/HS3ST3A1/SOX8/LRP5/AREG/MET/LAMA5/CSF1/LGR4	31
GO:0042092	type 2 immune response	17/2449	36/12472	0.000168590196525268	0.00196725292503123	0.00132150279032993	IDO1/IL27RA/BATF/BCL6/HLX/TRAF3IP2/IL10/CD74/CD86/RSAD2/ASCL2/CCR2/IL18/TNFSF4/TBX21/ARG2/NLRP3	17
GO:1902075	cellular response to salt	46/2449	141/12472	0.000170596478728311	0.00198633639145399	0.0013343221150878	SLC1A2/ACHE/CLIC4/BAIAP2/CEBPA/ZC3H12A/GCLM/P2RX4/EEF2K/GNA15/RGS10/XRN1/CHRM3/PPIF/WNT5A/RASA4/GCLC/TGM2/CPNE9/RASA4B/RYR1/AGRN/CIB2/PDXP/KCNQ3/CDH1/EDN1/P2RY11/PLCB1/TRPM2/RASAL1/TRPM4/P2RY1/KCNJ10/LGMN/CPNE4/ALOX15/COL1A1/ALOX5AP/SYT1/ITPKA/CPNE5/LEP/NFATC2/CRHBP/SYT6	46
GO:0001958	endochondral ossification	13/2449	24/12472	0.000175720146866812	0.00203273673135776	0.00136549155846485	RUNX2/NAB1/MMP14/NAB2/BMP6/LOC102724560/CBS/EXT1/TMEM119/PHOSPHO1/ALPL/COL1A1/SMPD3	13
GO:0036075	replacement ossification	13/2449	24/12472	0.000175720146866812	0.00203273673135776	0.00136549155846485	RUNX2/NAB1/MMP14/NAB2/BMP6/LOC102724560/CBS/EXT1/TMEM119/PHOSPHO1/ALPL/COL1A1/SMPD3	13
GO:0071676	negative regulation of mononuclear cell migration	13/2449	24/12472	0.000175720146866812	0.00203273673135776	0.00136549155846485	IL27RA/CD200/ADTRP/GREM1/MIR146A/PLCB1/DUSP1/RIPOR2/SLAMF8/CD200R1/CCL2/GCSAM/APOD	13
GO:0009612	response to mechanical stimulus	49/2449	153/12472	0.000176887525319376	0.00204183100347107	0.00137160063870605	RELA/KCNJ2/CASP5/NFKBIA/CASP1/PTGER4/GADD45A/GPI/CD40/PKD1L1/GSN/MMP14/LRP11/NFKB1/GCLC/RETN/MDK/HPN/TNFRSF8/SERPINE2/KCNQ3/BACE1/TNF/FOSL1/EDN1/DCANP1/TIFAB/BMP6/TLR5/DMD/PKD2L1/P2RY1/NRXN2/IRF1/TLR7/DDR2/USP53/KCNQ1/ITGA2/COL1A1/MPO/ITGB3/PDE2A/TRPV4/THBS1/MMP2/TMEM150C/CXCL10/TTN	49
GO:0090497	mesenchymal cell migration	16/2449	33/12472	0.000177657931047016	0.00204631371760821	0.00137461190338133	HIF1A/SEMA4B/NRP2/SEMA3C/SEMA4D/OVOL2/EDN1/SEMA4C/SEMA3A/SEMA3B/EDNRB/SEMA6B/SEMA6A/HTR2B/SOX8/LAMA5	16
GO:0043434	response to peptide hormone	87/2449	310/12472	0.000183312064751087	0.00209489980061893	0.00140724962039926	PTPN2/SOCS1/EPM2AIP1/RELA/KL/INSIG2/CPEB2/SNX5/JAK3/SOCS2/BAIAP2/CFLAR/SOCS3/KANK1/RAB13/PTPN1/PRKDC/SLC39A14/STAT4/GJB2/EEF2K/NR4A3/EPRS1/IL10/ADM/SESN3/CAMK2A/ASS1/ERFE/EIF2B3/ZBED3/NFKB1/FBP1/LYN/GCLC/RETN/ZDHHC7/SRD5A1/MYO1C/SESN2/PCK2/SORT1/INSIG1/CTSK/HADH/EDN1/ADCY6/TLR2/PLCB1/LTA4H/CAT/SLC27A1/GRB10/FUT7/PDK2/GPT2/SLC2A8/IRS1/ACVR1C/DDR2/UCP2/FFAR3/EDNRB/KCNQ1/ALPL/INHBA/SORBS1/COL1A1/KHK/EREG/PPARG/ITGB3/BRIP1/TRIB3/HDAC9/GNAI1/CA2/LRP5/AREG/CEACAM1/TRPV4/LEP/NR4A1/CRHBP/SORL1/FBN1/NR4A2	87
GO:0042632	cholesterol homeostasis	23/2449	56/12472	0.000183440628545608	0.00209489980061893	0.00140724962039926	MED13/NPC1/APOC2/LDLR/CYP7B1/SOAT1/FABP3/EHD1/INSIG1/ABCA5/TTC39B/NR1D1/TMEM97/SCARB1/APOE/DGAT2/ABCA2/LIPG/IL18/HDAC9/LRP5/EPHX2/MIR34A	23
GO:0045123	cellular extravasation	23/2449	56/12472	0.000183440628545608	0.00209489980061893	0.00140724962039926	IL27RA/ICAM1/PTGER4/CHST2/ST3GAL4/MDK/JAML/TNF/MIR146A/PLCB1/SPN/PECAM1/ADAM8/FUT7/RIPOR2/EXT1/CCL2/CCR2/CX3CR1/ITGA4/ITGA1/LEP/SELL	23
GO:0070228	regulation of lymphocyte apoptotic process	23/2449	56/12472	0.000183440628545608	0.00209489980061893	0.00140724962039926	HIF1A/IDO1/BCL6/JAK3/CD274/IL10/IL7R/CD74/SLC39A10/LYN/WNT5A/GPAM/TP53/ADA/CCL5/PTCRA/BCL2/LGALS9/ADAM8/HSH2D/BIRC7/ARG2/PDCD1	23
GO:0006873	intracellular monoatomic ion homeostasis	103/2449	379/12472	0.000189343063796647	0.00214015976035477	0.00143765301302869	MCOLN2/CCL15/HIF1A/ATP6AP2/CCL14/GRINA/CCR7/CCL23/PLCB4/SLC11A2/CLIC4/CCL19/KCNJ2/SLC8A3/PPT1/SLC9A8/CREG1/TM9SF4/CD40/SLC39A14/CALM2/SLC39A8/SLC41A1/CCDC115/ERFE/PLCB2/SLC39A10/LYN/NOL3/WNT5A/SLC9A7/TGM2/SLC24A3/RYR1/ADORA1/PML/SLC4A5/CCL1/HVCN1/CCL5/FRRS1/EDN1/TMEM175/KCNMA1/FXN/BCL2/KEL/ATP13A3/PLCB1/TRPM2/MT1F/MTLN/BMP6/PDE4D/HAMP/TPCN1/DMD/SLC46A1/GSTM2/MT2A/CASQ1/ATP1B2/HFE/CCL8/P2RY1/SLAMF8/APOE/IFNG/CCL3/SLC4A8/CD19/ATP6V0E2/S100A9/CCR5/HCRTR1/TMC8/ATP1B1/KCNQ1/CCR2/CEMIP/P2RY6/SLC11A1/CYBRD1/SLC12A5/SYPL2/SV2A/CDH23/ITGB3/HTR2B/ATP1A4/FASLG/CCL13/ITPR3/SLC40A1/CA2/TRPV4/JPH4/MT1M/MT1E/ANK2/CXCL10/RHCG/IL1A	103
GO:0003073	regulation of systemic arterial blood pressure	20/2449	46/12472	0.000190200904766406	0.00214015976035477	0.00143765301302869	NDST2/ATP6AP2/KL/ECE1/ACE/PRCP/ADM/KCNK6/RPS6KA2/ADORA1/SLC4A5/TNF/EDN1/ADM2/SERPINF2/PDE4D/PTPRO/IER3/EDNRB/SUCNR1	20
GO:0006956	complement activation	20/2449	46/12472	0.000190200904766406	0.00214015976035477	0.00143765301302869	CFB/C1RL/CLU/PHB1/C5/C1S/C1R/CFD/A2M/FCN1/TREM2/CD55/FCN2/C1QC/C1QA/CR1/CFH/C2/VSIG4/CR2	20
GO:0031638	zymogen activation	20/2449	46/12472	0.000190200904766406	0.00214015976035477	0.00143765301302869	RIPK2/CTSL/C1RL/TBC1D10A/PLAT/MMP14/HPN/SERPINE2/RUNX1/C1R/PLAUR/VSIR/CLEC3B/PERP/SERPINF2/LGMN/CUZD1/THBD/SERPINE1/THBS1	20
GO:0031640	killing of cells of another organism	20/2449	46/12472	0.000190200904766406	0.00214015976035477	0.00143765301302869	NINJ1/MICA/CLEC7A/LYZ/C5/GBP1/GBP2/NKG7/GBP3/HAMP/APOL1/TREM1/CXCL6/IFNG/GZMB/PRF1/GBP5/GBP7/CCL13/S100A12	20
GO:0046633	alpha-beta T cell proliferation	20/2449	46/12472	0.000190200904766406	0.00214015976035477	0.00143765301302869	IL15/TWSG1/RIPK2/CD274/TGFBR2/EBI3/IL2RA/LGALS9B/VSIR/LGALS9/IL12B/CD55/IRF1/LGALS9C/CCR2/IL18/IL23A/TNFSF4/ARG2/CARD11	20
GO:0141061	disruption of cell in another organism	20/2449	46/12472	0.000190200904766406	0.00214015976035477	0.00143765301302869	NINJ1/MICA/CLEC7A/LYZ/C5/GBP1/GBP2/NKG7/GBP3/HAMP/APOL1/TREM1/CXCL6/IFNG/GZMB/PRF1/GBP5/GBP7/CCL13/S100A12	20
GO:0005975	carbohydrate metabolic process	119/2449	449/12472	0.000193305260260136	0.00217053034371758	0.00145805446225123	PTPN2/HIF1A/NDST2/CHI3L2/DDB1/B4GALT1/EPM2AIP1/KL/GPD2/DSE/DYRK2/BPGM/RUBCNL/GK5/MLEC/RPE/MAN2A2/CRTC2/NR3C1/ST3GAL3/GPI/GUSB/TKFC/NPC1/GK/ME1/SLC39A14/PFKFB2/STBD1/B4GALT5/GCNT4/PPP1R3B/DDIT4/PGM2/FUCA1/SLC2A6/CHST2/CBFA2T3/ERFE/FUOM/NLN/SORD/CHID1/ST3GAL4/NFKB1/FBP1/CHST15/NHLRC1/PMAIP1/G6PC3/GCLC/DCXR/HRH1/MIDN/XYLB/SESN2/PCK2/PFKFB3/RPEL1/TP53/HK2/GPD1L/GSTO2/AKR1B1/IDH2/PLEK/CHST13/TNF/NNMT/LCTL/GDPGP1/NEU4/SDHAF3/CHST3/GALM/MLXIPL/NR1D1/FUT7/SLC2A3/PDK2/IER3/C1QTNF1/FUT10/GALNT3/EXT1/P2RY1/GPT2/IFNG/SLC2A8/IRS1/ATF3/UCP2/LIPA/DGAT2/KCNQ1/B4GALNT1/CHIT1/SORBS1/ACACB/GCKR/P2RY6/HK3/KHK/IGFBP3/ST8SIA1/SDS/ALDH1B1/B4GALT6/IGFBP4/NUPR1/LRP5/APOD/LEP/AMY1A/HAS1/PHLDA2/SMPD3/B3GALNT1/ST6GALNAC3	119
GO:0019915	lipid storage	30/2449	81/12472	0.000195697246513598	0.00218821388794745	0.00146993338882206	PTPN2/NFKBIA/ITGAV/STARD4/SQLE/ZC3H12A/NPC1/FITM2/SOAT1/NFKB1/EHD1/TNF/MIR146A/FFAR2/APOC4/TTC39B/SCARB1/TREM2/APOE/CD36/ACVR1C/LIPA/DGAT2/B4GALNT1/ACACB/PPARG/ITGB3/MSR1/LEP/MIR34A	30
GO:0072006	nephron development	30/2449	81/12472	0.000195697246513598	0.00218821388794745	0.00146993338882206	BASP1/JAG1/CFLAR/PDGFRA/VEGFA/ACTA2/HS3ST3B1/FMN1/SULF2/BCL2/GREM1/NOTCH3/PECAM1/CTNNBIP1/MTSS1/PTPRO/GLI3/EXT1/DCHS1/HES1/EDNRB/HS3ST3A1/ITGA3/ITGB3/PDGFRB/LIF/SOX8/DLL1/LAMA5/LGR4	30
GO:0008544	epidermis development	62/2449	206/12472	0.000196277508412222	0.00219012986469971	0.0014712204468267	UGCG/LAMA3/RELA/LAMC2/CLIC4/JAG1/EZH2/TCHH/CFLAR/NAB1/ERRFI1/OVOL2/CASP3/FOSL2/IFT172/MAFG/FZD6/CSTA/ACVR1B/ALDH3A2/NAB2/LAMB3/WNT5A/NFKBIZ/PRKCH/HLA-DRB1/PDGFA/CYP27B1/KLF7/TNF/APCDD1/FLOT2/BCL2/MYCL/INTU/EXT1/EPHA2/ZFP36/HES1/MAFF/PALLD/SNAI1/KCNQ1/PTCH2/INHBA/IRF6/EDA2R/EREG/LHX2/IL18/CDH23/ZBED2/NGFR/TGM3/GLI1/DSP/LRP4/DLL1/MET/LAMA5/LGR4/IL1A	62
GO:0045625	regulation of T-helper 1 cell differentiation	8/2449	11/12472	0.000203906117574151	0.00227052217406892	0.00152522400671506	CD80/CCL19/RIPK2/JAK3/HLX/ASCL2/IL27/TNFSF4	8
GO:0034765	regulation of monoatomic ion transmembrane transport	74/2449	256/12472	0.00020470541782828	0.00227469339810844	0.00152802602781625	SCN1B/STOM/PPP3CC/CLIC4/KCNJ2/CACNB3/KCNC4/P2RX4/KCNE5/CALM2/KCNK6/PPIF/LYN/PDE4B/GPD1L/PML/KCNK5/KCNC3/KCNQ3/HVCN1/KCNH3/EDN1/KCNMA1/BCL2/NEDD4/KCNMB1/KEL/CABP4/KCNF1/PDE4D/HAMP/TPCN1/FGF13/KCNQ4/CACNA1A/DMD/KCNJ1/GSTM2/CASQ1/TCAF2/ATP1B2/TREM2/FGF11/P2RX5/IFNG/KCNJ5/EPHB2/CD19/KCNE1/KCNJ10/CACNA2D3/NEDD4L/CCL2/CACNA1E/ANK3/SCN8A/ATP1B1/KCNN4/KCNQ1/CCR2/STAC/CEMIP/TMEM37/KCNAB1/P2RY6/HECW2/SCN4B/ITGB3/TSPAN13/ANO9/JPH4/ANK2/CLIC3/CXCL10	74
GO:1903557	positive regulation of tumor necrosis factor superfamily cytokine production	34/2449	96/12472	0.000207665754819357	0.00230281114453929	0.00154691413309919	CCL19/RIPK2/CLU/RASGRP1/MAPKAPK2/CARD9/TLR1/CD86/WNT5A/CLEC7A/TNFRSF8/LILRA5/TMEM106A/CD84/LGALS9/TLR2/SPN/IL12B/ADAM8/IFIH1/PYCARD/AKAP12/RIGI/IFNG/CCL3/EPHB2/CD36/ORM2/CCR2/ORM1/IL23A/LEP/THBS1/IL1A	34
GO:0034104	negative regulation of tissue remodeling	10/2449	16/12472	0.000208759571186886	0.00230539435727208	0.00154864940709013	GPR137B/CD38/TNFAIP3/INPP5D/GREM1/TNFRSF11B/HAMP/CST3/TMEM119/PPARG	10
GO:0045655	regulation of monocyte differentiation	10/2449	16/12472	0.000208759571186886	0.00230539435727208	0.00154864940709013	CD4/CD74/CDK6/IRF7/INPP5D/FES/HLA-DRB1/CTNNBIP1/DCSTAMP/CSF1	10
GO:0046640	regulation of alpha-beta T cell proliferation	19/2449	43/12472	0.000211811407340479	0.00232923292892295	0.00156466297532696	TWSG1/RIPK2/CD274/TGFBR2/EBI3/IL2RA/LGALS9B/VSIR/LGALS9/IL12B/CD55/IRF1/LGALS9C/CCR2/IL18/IL23A/TNFSF4/ARG2/CARD11	19
GO:0050769	positive regulation of neurogenesis	53/2449	170/12472	0.000212020048326325	0.00232923292892295	0.00156466297532696	HIF1A/RELA/SLC7A5/TIAM2/BAIAP2/HAPLN3/ACE/LPAR3/SEMA4D/VEGFA/EEF2K/TNFRSF1B/SMURF1/VCAN/LYN/TGM2/NTN1/PRKCH/MDK/PLXNB1/MAP3K13/LRP8/ID2/SERPINE2/CYSLTR1/TNF/CLCF1/TLR2/FZD4/LIMK1/PLXNA1/ETV5/GLI3/RGS14/SHOX2/FAIM/IFNG/EPHB2/HES1/LTA/ROBO1/MYRF/ZNF365/SERPINF1/CX3CR1/GFAP/HAPLN4/ITPKA/PLXNA4/MME/LIF/SOX8/DBN1	53
GO:0046883	regulation of hormone secretion	51/2449	162/12472	0.000212222865816729	0.00232923292892295	0.00156466297532696	HIF1A/CD38/SLC9B2/ABAT/PIM3/PFKFB2/CHRM3/RETN/MIDN/HLA-DRB1/PCK2/TM7SF3/VAMP8/ADORA1/F2RL2/NDUFAF2/OSM/KLF7/SLC16A1/ACSL4/HADH/CCL5/TNF/EDN1/PLCB1/FFAR2/BMP6/NR1D1/C1QTNF1/HFE/TRPM4/P2RY1/HCAR2/IFNG/IRS1/PDE8B/ACVR1C/SCG5/UCP2/FFAR3/NKX3-1/STX1A/INHBA/FFAR1/PPARG/FFAR4/LIF/LRP5/LEP/CRHBP/NMB	51
GO:0032755	positive regulation of interleukin-6 production	31/2449	85/12472	0.000213235440441069	0.002335560366058	0.00156891343327429	RELA/RIPK2/CARD9/TLR1/RAB7B/CD74/WNT5A/CLEC7A/LILRA5/TNF/TMEM106A/IL1RAP/SCIMP/LGALS9/TLR2/LILRB2/IL17RC/IFIH1/PYCARD/AIF1/RIGI/IL1RL2/IFNG/CD36/TLR7/ADORA2B/EREG/TNFSF4/TRPV4/LEP/IL1A	31
GO:0046849	bone remodeling	26/2449	67/12472	0.00021600100690366	0.00236102325097144	0.00158601813447199	GPR137B/SNX10/CD38/MITF/TNFAIP3/PPARGC1B/ACP5/INPP5D/MDK/CTSK/GREM1/TNFRSF11B/ADAM8/HAMP/EXT1/IL7/CSF1R/EPHA2/TMEM119/SIGLEC15/CTHRC1/DCSTAMP/ITGB3/LRP5/LEP/LGR4	26
GO:0090287	regulation of cellular response to growth factor stimulus	63/2449	211/12472	0.000223920531316691	0.00244260359619592	0.00164081975783138	HIF1A/SINHCAF/TWSG1/RUNX2/ITGA5/CFLAR/SAP30/CXCL13/PTPN1/PALS1/VEGFA/ADGRA2/CDKN2B/FAM20C/SMURF1/FSTL1/SPRED3/HHEX/WNT5A/SNX25/MYO1C/TP53/BAMBI/JCAD/TNFAIP6/SULF2/SPRED2/NEDD4/GREM1/MIR146A/FZD4/ADISSP/PELO/IL12B/PTP4A3/GRB10/HIPK2/VTN/LRG1/WASF1/ZNF703/HES1/NREP/ROBO1/ACVRL1/GPC1/KCP/VASN/SEMA6A/HTRA4/DKK3/HTRA3/ITGA3/PPARG/ITGB3/NGFR/EMILIN1/ZEB1/DLL1/SORL1/FBN1/THBS1/PCSK6	63
GO:1903034	regulation of response to wounding	41/2449	123/12472	0.000224972103964803	0.00244908656267375	0.00164517469266516	ENPP4/INSL3/KANK1/TNFAIP3/PDGFRA/SIGLEC10/IL10/PLAT/ADTRP/ST3GAL4/CLEC7A/PTPRF/MDK/PDGFA/SERPINE2/SCARF1/PLAUR/TNF/DUOX2/EDN1/MYLK/SERPINF2/FERMT2/PROC/C1QTNF1/VTN/RTN4R/APOE/EPHB2/CD36/CD9/DDR2/HBEGF/KREMEN1/THBD/EMILIN1/SERPINE1/CEACAM1/TFPI/THBS1/MIR34A	41
GO:0030003	intracellular monoatomic cation homeostasis	101/2449	372/12472	0.00022615820354248	0.00245700474274548	0.00165049373269605	MCOLN2/CCL15/HIF1A/ATP6AP2/CCL14/GRINA/CCR7/CCL23/PLCB4/SLC11A2/CLIC4/CCL19/KCNJ2/SLC8A3/PPT1/SLC9A8/CREG1/TM9SF4/CD40/SLC39A14/CALM2/SLC39A8/SLC41A1/CCDC115/ERFE/PLCB2/SLC39A10/LYN/NOL3/WNT5A/SLC9A7/TGM2/SLC24A3/RYR1/ADORA1/PML/SLC4A5/CCL1/HVCN1/CCL5/FRRS1/EDN1/TMEM175/KCNMA1/FXN/BCL2/KEL/ATP13A3/PLCB1/TRPM2/MT1F/MTLN/BMP6/PDE4D/HAMP/TPCN1/DMD/SLC46A1/GSTM2/MT2A/CASQ1/ATP1B2/HFE/CCL8/P2RY1/SLAMF8/APOE/IFNG/CCL3/SLC4A8/CD19/ATP6V0E2/S100A9/CCR5/HCRTR1/TMC8/ATP1B1/CCR2/CEMIP/P2RY6/SLC11A1/CYBRD1/SLC12A5/SYPL2/SV2A/CDH23/ITGB3/HTR2B/ATP1A4/FASLG/CCL13/ITPR3/SLC40A1/CA2/TRPV4/JPH4/MT1M/MT1E/ANK2/CXCL10/IL1A	101
GO:0040008	regulation of growth	114/2449	429/12472	0.000233840264184832	0.00253532075905659	0.00170310254204934	ULK2/HIF1A/PLAC8/RFTN1/BASP1/LRP12/BTG1/BCL6/DCUN1D3/SOCS2/CD38/GPAT4/SEMA4B/PPT1/SEMA3C/LPAR3/BMP10/DNPH1/HLX/MAD2L2/SEMA4D/CDK5/VEGFA/FOSL2/OSGIN2/SMURF1/ADAM15/MMP14/ACVR1B/PHB1/SELENOP/FBP1/CISH/CDKN2D/MAPK11/WNT5A/ZP3/CPNE9/NTN1/ST20/GPAM/AGRN/HPN/SESN2/TP53/PRR5/MAP3K13/SERPINE2/PML/CYP27B1/RUNX1/DDR1/UNC13A/CDH1/EDN1/FXN/BCL2/GREM1/CDKN2A/PIM1/PLCB1/CCNB2/SPHK1/LIMK1/PSRC1/MT1F/SEMA4C/TMEM97/CTTN/JADE3/FGF13/MT2A/RASAL1/NRCAM/CDA/SEMA3A/RTN4R/APOE/IL7/MFSD2A/S100A9/LGMN/SEMA3B/NEDD4L/HBEGF/TFCP2L1/SPTBN4/ACVRL1/CLSTN3/SGK1/IGFBP7/SEMA6B/PTCH2/SEMA6A/INHBA/ACACB/DRAXIN/SYT1/OLFM1/NANOS1/DCSTAMP/IGFBP3/PLXNA4/KIF14/IGFBP4/CPNE5/GLI1/CEACAM1/DLL1/LEP/MT1M/MT1E/CDK1/CSF1	114
GO:0048880	sensory system development	68/2449	232/12472	0.000234761854046527	0.00254017068742061	0.0017063604830006	HIF1A/ACHE/TWSG1/CLIC4/JAG1/MITF/TDRD7/SH3PXD2B/LIMK2/PDGFRA/VEGFA/TGFBR2/COL8A2/FJX1/EPHB1/DLL4/IFT172/SPRED3/RDH13/NDP/WNT5A/WNT5B/PBX4/ZHX2/TMOD1/SLC4A5/PBX3/NFIA/SPRED2/LCTL/BCL2/CABP4/FZD4/ABCB5/BMP6/SIX5/GLI3/HIPK2/THRB/SEMA3A/ITGAM/MFSD2A/EPHB2/NECTIN3/EPHA2/HES1/ACVRL1/SERPINF1/CPAMD8/INHBA/C1QA/NPHP1/CRYBB1/LHX2/PDGFRB/SDK1/BIRC7/B9D1/FASLG/MEIS3/SLC7A11/MAF/SOX8/LRP5/ZEB1/DLL1/FBN1/GDF11	68
GO:0014015	positive regulation of gliogenesis	21/2449	50/12472	0.000238757933403946	0.00257820058732164	0.00173190708059144	RELA/SLC7A5/TNFRSF1B/LYN/NTN1/PRKCH/MDK/ID2/SERPINE2/CYSLTR1/TNF/CLCF1/TLR2/ETV5/HES1/LTA/MYRF/ZNF365/GFAP/LIF/SOX8	21
GO:0048659	smooth muscle cell proliferation	37/2449	108/12472	0.000241420221608694	0.00260170363568645	0.00174769526095206	MAP3K5/PTGIR/TNFAIP3/PRKDC/NR4A3/IL10/PHB1/TRIB1/ID2/CCL5/TNF/EDN1/NOTCH3/MIR146A/IL12B/MIR4632/CTNNBIP1/SERPINF2/AIF1/CALCRL/APOE/IFNG/DDR2/HBEGF/ITGA2/P2RY6/EREG/IL18/PPARG/IGFBP3/ITGB3/PDGFRB/APOD/THBS1/MMP2/SMPD3/MIR34A	37
GO:0055092	sterol homeostasis	23/2449	57/12472	0.00025098122445255	0.0026993081087708	0.00181326109739762	MED13/NPC1/APOC2/LDLR/CYP7B1/SOAT1/FABP3/EHD1/INSIG1/ABCA5/TTC39B/NR1D1/TMEM97/SCARB1/APOE/DGAT2/ABCA2/LIPG/IL18/HDAC9/LRP5/EPHX2/MIR34A	23
GO:0071385	cellular response to glucocorticoid stimulus	17/2449	37/12472	0.000255231096857759	0.00273951453861755	0.00184026977968531	SSTR2/CFLAR/ATP5F1A/NR3C1/GJB2/DDIT4/ZFP36L2/ASS1/SRD5A1/PCK2/FECH/EDN1/SSTR3/SMYD3/ZFP36/SERPINF1/TFAP4	17
GO:0021602	cranial nerve morphogenesis	11/2449	19/12472	0.000257946302461567	0.0027576055808067	0.00185242244314242	ADARB1/NRP2/EPHB1/DCANP1/TIFAB/PLXNA1/GLI3/EPHB2/HOXA1/PLXNA4/ATP8B1	11
GO:0032693	negative regulation of interleukin-10 production	11/2449	19/12472	0.000257946302461567	0.0027576055808067	0.00185242244314242	IDO1/JAK3/CD274/PRG2/LILRB1/VSIR/IL12B/PDCD1LG2/TRIB2/IL23A/DLL1	11
GO:0046942	carboxylic acid transport	63/2449	212/12472	0.000258632191945996	0.00275943031885011	0.00185364821151482	SLC26A9/SLC1A2/SLC7A5/PTGES/ABAT/SLC1A5/ACE/AQP9/P2RX4/EPRS1/PNPLA8/ERFE/SLC22A4/ACSL1/FABP3/ACSL5/ADORA1/STXBP1/ADORA2A/SLC16A1/TNF/EDN1/PLA2R1/SFXN2/CRABP1/SLC38A5/SLC27A1/ABCC11/SLC7A8/FOLR2/SLC46A1/SLC27A2/SLC16A7/SLC6A7/APOE/MFSD2A/SLCO4A1/SLC16A10/CD36/SLC47A1/SLC43A1/KCNJ10/SLC19A1/UCP2/FOLR3/ABCG2/ABCC3/APBA1/SLC11A1/GFAP/SV2A/PPARG/RBP7/SLC7A11/LRP5/SLC26A4/ATP8B1/CEACAM1/LEP/SLCO2B1/NMB/THBS1/IL1A	63
GO:0042113	B cell activation	69/2449	237/12472	0.000263081587058639	0.00280132202840173	0.00188178898099075	PTPN2/TPD52/IL27RA/NBN/BATF/BCL6/EZH2/JAK3/CD38/RASGRP1/MAD2L2/TRAF3IP2/TNFAIP3/CASP3/PRKDC/CD40/PELI1/FOSL2/IL10/IL7R/KLF6/ZFP36L2/CD74/MMP14/PHB1/SLC39A10/TNIP2/HHEX/LYN/CMTM7/CD86/INPP5D/SAMSN1/NFKBIZ/SHB/TP53/ID2/CXCR5/ADA/BCL2/CLCF1/CD70/MFNG/CD180/GPR183/SLAMF8/IL7/EPHB2/CD19/GAPT/CCR6/MNDA/INHBA/BANK1/BLNK/CR1/IKZF3/NFAM1/TNFSF4/ITGA4/TNFRSF13B/HDAC9/TBX21/DLL1/NFATC2/CR2/CARD11/CD79A/LAX1	69
GO:0010883	regulation of lipid storage	20/2449	47/12472	0.000270533755340049	0.00287495792381211	0.0019312539176113	PTPN2/NFKBIA/ITGAV/ZC3H12A/FITM2/NFKB1/EHD1/TNF/MIR146A/APOC4/TTC39B/SCARB1/TREM2/CD36/ACACB/PPARG/ITGB3/MSR1/LEP/MIR34A	20
GO:0008360	regulation of cell shape	41/2449	124/12472	0.000273313453556337	0.00289874625197572	0.00194723373476927	PALM2AKAP2/FGD6/FMNL2/BAIAP2/PARVB/SEMA4D/MYH10/HCK/VEGFA/CDC42EP2/CDC42EP4/RDX/STRIP2/ITGB2/ARHGAP18/FES/PLXNB1/HPN/FMNL3/BAMBI/PDPN/RHOU/LST1/FGD4/PLXNA1/PRAG1/FERMT2/CDC42EP3/P2RY1/CCL3/CSF1R/DLC1/CCL2/SHROOM3/PLXNA4/CDC42EP5/MYO10/CCL13/COCH/WASF3/FAM171A1	41
GO:0006869	lipid transport	85/2449	305/12472	0.000277942138796514	0.00294201204623346	0.00197629754609213	UGCG/GRAMD1A/PTGES/NFKBIA/ITGAV/STARD4/CLU/ACE/TEX2/LRP10/XKR8/AQP9/NPC1/P2RX4/EPRS1/APOL3/APOC2/LDLR/SOAT1/PNPLA8/ERFE/NFKB1/RETN/ACSL1/FABP3/ACSL5/SCP2/APOL2/TRIAP1/PLSCR1/PLSCR2/ATP8B2/EDN1/OSBPL5/ABCA5/PLA2R1/FZD4/CRABP1/OSBPL3/APOC4/APOC1/TTC39B/SLC27A1/BMP6/APOL1/ABCC11/SCARB1/STOML1/SLC27A2/C1QTNF1/APOL6/EEPD1/TREM2/OSBPL1A/APOE/MFSD2A/SLCO4A1/CD36/ABCG2/ABCC3/LIPA/NKX3-1/KCNN4/KCNQ1/ABCA2/INHBA/LIPG/ATP8B4/PPARG/ITGB3/ABCA10/ESYT3/ANO9/MSR1/FASLG/RBP7/ATP8B1/CEACAM1/APOD/LEP/SLCO2B1/NMB/THBS1/MIR34A/IL1A	85
GO:0010631	epithelial cell migration	71/2449	246/12472	0.00028644983593295	0.00301523772828054	0.00202548692175285	HIF1A/PFN2/INSL3/NRP2/ATP5F1A/KANK1/PRCP/CXCL13/BMP10/RAB13/ZC3H12A/GADD45A/RIN2/HDAC7/GPI/CD40/PKN3/P2RX4/VEGFA/TGFBR2/ADGRA2/DLL4/FSTL1/ADTRP/DPP4/WNT5A/VASH1/ANXA3/MAP2K3/JCAD/ENPP2/AKT3/TNF/EDN1/GREM1/PRKX/MIR146A/EVL/SASH1/SCARB1/PTP4A3/MIR22/STARD13/EPB41L5/ADGRB1/LRG1/APOE/IFNG/S100A9/EPHA2/ATOH8/LGMN/ETS1/HBEGF/ROBO1/ACVRL1/SERPINF1/SPARC/SNAI1/ITGA2/NANOS1/ITGA3/PPARG/ITGB3/GATA2/HDAC9/CEACAM1/NR4A1/MET/S100A12/THBS1	71
GO:0090132	epithelium migration	71/2449	246/12472	0.00028644983593295	0.00301523772828054	0.00202548692175285	HIF1A/PFN2/INSL3/NRP2/ATP5F1A/KANK1/PRCP/CXCL13/BMP10/RAB13/ZC3H12A/GADD45A/RIN2/HDAC7/GPI/CD40/PKN3/P2RX4/VEGFA/TGFBR2/ADGRA2/DLL4/FSTL1/ADTRP/DPP4/WNT5A/VASH1/ANXA3/MAP2K3/JCAD/ENPP2/AKT3/TNF/EDN1/GREM1/PRKX/MIR146A/EVL/SASH1/SCARB1/PTP4A3/MIR22/STARD13/EPB41L5/ADGRB1/LRG1/APOE/IFNG/S100A9/EPHA2/ATOH8/LGMN/ETS1/HBEGF/ROBO1/ACVRL1/SERPINF1/SPARC/SNAI1/ITGA2/NANOS1/ITGA3/PPARG/ITGB3/GATA2/HDAC9/CEACAM1/NR4A1/MET/S100A12/THBS1	71
GO:0010878	cholesterol storage	12/2449	22/12472	0.000287674846742224	0.00301523772828054	0.00202548692175285	STARD4/NPC1/SOAT1/EHD1/MIR146A/TTC39B/SCARB1/TREM2/CD36/LIPA/PPARG/MSR1	12
GO:0045624	positive regulation of T-helper cell differentiation	12/2449	22/12472	0.000287674846742224	0.00301523772828054	0.00202548692175285	CD80/CCL19/RIPK2/HLX/CD86/NFKBIZ/SHB/IL12B/IL18/IL23A/TNFSF4/NLRP3	12
GO:0090075	relaxation of muscle	12/2449	22/12472	0.000287674846742224	0.00301523772828054	0.00202548692175285	KCNJ2/P2RX4/GSN/PDE4B/DCANP1/TIFAB/PDE4D/TNNI2/GSTM2/P2RY1/ADORA2B/ATP1B1	12
GO:0034381	plasma lipoprotein particle clearance	15/2449	31/12472	0.000290633496305635	0.00304029884025973	0.00204232173185169	APOC2/LDLR/SOAT1/EHD1/APOC1/SCARB1/TREM2/APOE/CES3/CD36/LIPA/DGAT2/LIPG/MSR1/IL19	15
GO:0044344	cellular response to fibroblast growth factor stimulus	24/2449	61/12472	0.000292479453072335	0.00304783268605164	0.00204738259520547	KL/RUNX2/CXCL13/GCLM/FAM20C/DLL4/ZFP36L2/CD44/FLRT2/WNT5A/GCLC/CCL5/SULF2/MIR146A/GALNT3/EXT1/ZFP36/CCL2/GPC1/COL1A1/CXCL8/NGFR/NR4A1/THBS1	24
GO:0060562	epithelial tube morphogenesis	64/2449	217/12472	0.000292491785031841	0.00304783268605164	0.00204738259520547	HIF1A/CLIC4/DNAAF1/NR3C1/OVOL2/CASP3/VEGFA/TGFBR2/CECR2/ADM/DLL4/SDC4/IFT172/FZD6/FOXF1/SUFU/MMP14/MTHFD1/PAK1/CCDC103/HS3ST3B1/WNT5A/NTN1/MDK/PML/DDR1/BBS5/MICAL2/FMN1/TNF/EDN1/BCL2/GREM1/PRKX/IFT57/KIF20B/CTNNBIP1/MTSS1/SEMA4C/DLG5/GLI3/VANGL2/STARD13/EXT1/CSF1R/EPHA2/DCHS1/HES1/DLC1/ACVRL1/NKX3-1/HS3ST3A1/CTHRC1/LHX2/COBL/SOX8/LRP5/AREG/DLL1/MET/LAMA5/CSF1/LGR4/CXCL10	64
GO:0015849	organic acid transport	63/2449	213/12472	0.000298143612639525	0.00310069357145106	0.00208289191211425	SLC26A9/SLC1A2/SLC7A5/PTGES/ABAT/SLC1A5/ACE/AQP9/P2RX4/EPRS1/PNPLA8/ERFE/SLC22A4/ACSL1/FABP3/ACSL5/ADORA1/STXBP1/ADORA2A/SLC16A1/TNF/EDN1/PLA2R1/SFXN2/CRABP1/SLC38A5/SLC27A1/ABCC11/SLC7A8/FOLR2/SLC46A1/SLC27A2/SLC16A7/SLC6A7/APOE/MFSD2A/SLCO4A1/SLC16A10/CD36/SLC47A1/SLC43A1/KCNJ10/SLC19A1/UCP2/FOLR3/ABCG2/ABCC3/APBA1/SLC11A1/GFAP/SV2A/PPARG/RBP7/SLC7A11/LRP5/SLC26A4/ATP8B1/CEACAM1/LEP/SLCO2B1/NMB/THBS1/IL1A	63
GO:0002828	regulation of type 2 immune response	14/2449	28/12472	0.000300259097930731	0.00310724413455205	0.00208729225500156	IDO1/IL27RA/BCL6/HLX/CD74/CD86/RSAD2/ASCL2/CCR2/IL18/TNFSF4/TBX21/ARG2/NLRP3	14
GO:0071548	response to dexamethasone	14/2449	28/12472	0.000300259097930731	0.00310724413455205	0.00208729225500156	CFLAR/ATP5F1A/ACE/NR3C1/GJB2/DDIT4/ASS1/SRD5A1/PCK2/FECH/EDN1/SMYD3/SERPINF1/TFAP4	14
GO:0002407	dendritic cell chemotaxis	13/2449	25/12472	0.000300513902482816	0.00310724413455205	0.00208729225500156	CCR7/CCL19/SLAMF1/CCL5/LGALS9/TRPM2/TRPM4/GPR183/SLAMF8/ARHGEF5/CCR5/CCR6/CCR2	13
GO:0071384	cellular response to corticosteroid stimulus	19/2449	44/12472	0.000304765959572436	0.00313908938359609	0.00210868431137366	SSTR2/CFLAR/ATP5F1A/ACE/NR3C1/GJB2/DDIT4/ZFP36L2/ASS1/SRD5A1/PCK2/FECH/EDN1/SSTR3/SMYD3/ZFP36/SERPINF1/SGK1/TFAP4	19
GO:2000404	regulation of T cell migration	19/2449	44/12472	0.000304765959572436	0.00313908938359609	0.00210868431137366	IL27RA/CXCL13/CD200/WNT5A/ABL2/CCL5/SPN/ADAM8/PYCARD/ASCL2/AIF1/RIPOR2/CD200R1/CCR6/CCR2/ITGB3/ITGA4/APOD/CXCL10	19
GO:0002456	T cell mediated immunity	38/2449	113/12472	0.000307414867911141	0.00316029564785426	0.00212292962626584	CD80/RFTN1/JAG1/ICAM1/MYO1G/SLAMF1/NECTIN2/TNFRSF1B/IL7R/PVR/MICA/NFKBIZ/ZP3/HLA-DRB1/CD1D/HLA-DRA/LILRB1/SPN/CD1E/IL12B/CD70/RSAD2/FUT7/HFE/TRPM4/CD55/PRF1/CCR2/IL18/CR1/IL23A/TNFSF4/TBX21/CEACAM1/KLRC1/CR2/NLRP3/IL18R1	38
GO:0007350	blastoderm segmentation	9/2449	14/12472	0.000327271721164785	0.00335798340720036	0.00225572644271272	BASP1/TDRD7/NRP2/WNT5A/DCANP1/TIFAB/TDRKH/LAMA5/PCSK6	9
GO:0051216	cartilage development	41/2449	125/12472	0.00033075828157219	0.00338726836730526	0.0022753986241597	HIF1A/TWSG1/RUNX2/BMP10/SLC39A14/TGFBR2/FOSL2/CD44/MBOAT2/WNT5A/WNT5B/MDK/THRA/ZNF219/CTSK/RUNX1/NFIA/EDN1/SULF2/GREM1/ITGB8/BMP6/TGFBI/GLI3/LOC102724560/CBS/EXT1/SHOX2/SOX5/ACVRL1/SNAI1/COL1A1/EVC/MAF/ZEB1/TRPV4/LEP/NFATC2/SCIN/SMPD3/PITX1	41
GO:0051347	positive regulation of transferase activity	90/2449	328/12472	0.000331652438287609	0.00338861009372784	0.00227629992931916	CCR7/RAPGEF2/CCL19/NBN/MAP3K4/EZH2/MAP3K5/CARD14/CLU/ACE/LCP2/RASGRP1/PTPN1/PDGFRA/CD200/CD40/VEGFA/TGFBR2/CALM2/CD4/CD74/PHB1/NAB2/TXN/PAK1/CD86/WNT5A/TAB1/DIPK2A/HLA-DRB1/PDGFA/CAMK1/MAP3K13/LRP8/MAP2K3/LILRA5/DDR1/MAPRE3/CCL5/TNF/EDN1/GREM1/PDGFC/ALK/PSRC1/IL12B/ADAM8/PARM1/TYRO3/SASH1/UBE2S/FERMT2/ARRDC4/TREM2/GPRC5B/APOE/IFNG/IRS1/CD19/CSF1R/EPHA2/ARHGEF5/DUSP19/CLSPN/DDR2/LAT/SNX9/ROBO1/CAMKK1/NEDD9/CEMIP/SLC11A1/EREG/IL18/ITGB3/HTR2B/IL23A/KIF14/PDGFRB/CCND2/TRIB3/CASS4/LEP/SORL1/MET/LTK/S100A12/THBS1/CSF1/DLG3	90
GO:0002437	inflammatory response to antigenic stimulus	25/2449	65/12472	0.000333419999886962	0.00338861009372784	0.00227629992931916	CCR7/RASGRP1/HCK/FOSL2/IL10/IL31RA/LYN/PNMA1/ZP3/HLA-DRB1/CYSLTR1/IL2RA/IL36RN/TNF/SPN/IL12B/IL1RN/FUT7/A2M/EXT1/TREM2/LTA/IL36B/YES1/IL36G	25
GO:0060840	artery development	25/2449	65/12472	0.000333419999886962	0.00338861009372784	0.00227629992931916	JAG1/VEGFA/TGFBR2/DLL4/FOXF1/LDLR/SUFU/TAB1/MDK/AKT3/EDN1/MYLK/NOTCH3/GLI3/APOE/HES1/ROBO1/ACVRL1/NKX3-1/HOXA1/PDGFRB/NGFR/HEY1/PDE2A/LEP	25
GO:0071774	response to fibroblast growth factor	25/2449	65/12472	0.000333419999886962	0.00338861009372784	0.00227629992931916	KL/RUNX2/ELK1/CXCL13/GCLM/FAM20C/DLL4/ZFP36L2/CD44/FLRT2/WNT5A/GCLC/CCL5/SULF2/MIR146A/GALNT3/EXT1/ZFP36/CCL2/GPC1/COL1A1/CXCL8/NGFR/NR4A1/THBS1	25
GO:0001889	liver development	35/2449	102/12472	0.000339250486022596	0.00343483100782046	0.00230734884334939	RELA/SLC7A5/E2F7/EZH2/DNAAF1/CFLAR/CEBPA/ELK1/HLX/TNFAIP3/ARID5B/NPC1/CDKN2B/IL10/ASS1/SRD5A1/MDK/HPN/PCK2/TGFA/ADA/TNF/SULF2/UPB1/HFE/HGF/VTN/HES1/UCP2/LIPA/ITGA2/COBL/GLI1/CEACAM1/MET	35
GO:0032368	regulation of lipid transport	35/2449	102/12472	0.000339250486022596	0.00343483100782046	0.00230734884334939	PTGES/NFKBIA/ITGAV/P2RX4/EPRS1/APOC2/ERFE/NFKB1/RETN/ACSL1/FABP3/ACSL5/SCP2/TRIAP1/EDN1/ABCA5/PLA2R1/APOC1/TTC39B/BMP6/C1QTNF1/EEPD1/TREM2/APOE/NKX3-1/ABCA2/LIPG/PPARG/ITGB3/FASLG/LEP/NMB/THBS1/MIR34A/IL1A	35
GO:0043588	skin development	52/2449	169/12472	0.000345775672498401	0.00349429151302158	0.00234729145700007	UGCG/RELA/CLIC4/JAG1/EZH2/TCHH/CFLAR/ERRFI1/TRAF3IP2/OVOL2/CASP3/FOSL2/FZD6/CSTA/SUFU/ACVR1B/WNT5A/NFKBIZ/PRKCH/RYR1/PDGFA/CYP27B1/TNF/APCDD1/BCL2/INTU/COL5A3/EXT1/EPHA2/ZFP36/PALLD/ITGA6/SNAI1/PTCH2/ITGA2/INHBA/COL1A1/IRF6/EREG/LHX2/IL18/ITGA3/ZBED2/NGFR/TGM3/DSP/LRP4/DLL1/MET/LAMA5/LGR4/IL1A	52
GO:0150063	visual system development	67/2449	231/12472	0.000360090068590749	0.00363209492913757	0.00243986094646284	HIF1A/ACHE/TWSG1/CLIC4/JAG1/MITF/TDRD7/SH3PXD2B/LIMK2/PDGFRA/VEGFA/TGFBR2/COL8A2/FJX1/EPHB1/DLL4/IFT172/SPRED3/RDH13/NDP/WNT5A/WNT5B/PBX4/ZHX2/TMOD1/SLC4A5/PBX3/NFIA/SPRED2/LCTL/BCL2/CABP4/FZD4/ABCB5/BMP6/SIX5/GLI3/HIPK2/THRB/ITGAM/MFSD2A/EPHB2/NECTIN3/EPHA2/HES1/ACVRL1/SERPINF1/CPAMD8/INHBA/C1QA/NPHP1/CRYBB1/LHX2/PDGFRB/SDK1/BIRC7/B9D1/FASLG/MEIS3/SLC7A11/MAF/SOX8/LRP5/ZEB1/DLL1/FBN1/GDF11	67
GO:0045936	negative regulation of phosphate metabolic process	83/2449	299/12472	0.000373668761246883	0.00376197346849306	0.00252710689739186	PTPN2/ADARB1/SOCS1/CEP85/SLC8A3/PPP1R15B/CEBPA/SOCS3/NCK2/ZC3H12A/GADD45A/PTPN1/DNAJA1/ERRFI1/SEMA4D/NIBAN1/PRKDC/RABGEF1/CALM2/CDKN2B/NNT/IMPACT/ANKLE2/DUSP7/ZBED3/HHEX/LYN/TRIB1/CDKN2D/SAMSN1/MIDN/PDGFA/TP53/GPD1L/INSM1/CNKSR3/PPP1R15A/PLEK/PARP14/TNF/SPRED2/CDKN2A/MIR146A/DUSP1/HEG1/APOC1/UCHL1/MLXIPL/SLC27A1/PDE4D/PTPRO/GRB10/DMD/PYCARD/INPP5J/DUSP16/RGS14/CDA/HGF/APOE/IFNG/PKIG/EPHB2/DUSP19/PPP4R4/PPP1R16B/DEPTOR/ABCA2/CTDSPL/INHBA/TRIB2/TFAP4/GCKR/PPARG/IGFBP3/STAP1/PTPN13/TRIB3/LRP5/CEACAM1/SORL1/MIR34A/LAX1	83
GO:0007188	adenylate cyclase-modulating G protein-coupled receptor signaling pathway	38/2449	114/12472	0.000375166621936935	0.00376996703019554	0.00253247657505765	SSTR2/RAPGEF2/INSL3/PTGIR/PTGER4/ADGRE1/LPAR3/ADM/FPR2/GNA15/CHRM3/PDE4B/ADGRE5/ADORA1/OXER1/ADORA2A/EDN1/ADCY6/ADM2/RGS1/PDE4D/ADGRD1/AKAP12/ADGRB1/GNG2/P2RY1/CALCRL/GPR171/ADORA2B/FFAR3/ITGB3/RAMP1/PDE2A/GNAI1/S1PR3/GPR176/LGR4/CXCL10	38
GO:0001706	endoderm formation	17/2449	38/12472	0.000378028692978381	0.00377326264706336	0.00253469040675731	LAMA3/ITGA5/ITGAV/DUSP5/ITGB2/MMP14/LAMB3/DUSP4/DUSP1/COL6A1/LAMB1/DUSP2/VTN/INHBA/ITGA4/ITGB5/MMP2	17
GO:1905953	negative regulation of lipid localization	17/2449	38/12472	0.000378028692978381	0.00377326264706336	0.00253469040675731	PTPN2/NFKBIA/ITGAV/APOC2/NFKB1/TNF/MIR146A/PLA2R1/APOC1/TTC39B/TREM2/ABCA2/PPARG/ITGB3/LEP/THBS1/MIR34A	17
GO:0050764	regulation of phagocytosis	29/2449	80/12472	0.000378721490866628	0.00377326264706336	0.00253469040675731	IL15/IL15RA/ITGAV/HCK/FPR2/FCER1G/CAMK1D/CLEC7A/TGM2/PLSCR1/TNF/TLR2/SPHK1/SCARB1/PYCARD/FCN1/TREM2/IFNG/CD36/FCN2/CCL2/ITGA2/ALOX15/SLC11A1/STAP1/C2/PTX3/GATA2/IL2RB	29
GO:0043030	regulation of macrophage activation	20/2449	48/12472	0.000379017047072458	0.00377326264706336	0.00253469040675731	GPR137B/CEBPA/ZC3H12A/CD200/IL10/LDLR/CD74/IL31RA/TNIP2/WNT5A/CD84/TAFA3/SPHK1/NR1D1/HAMP/TREM2/CCL3/STAP1/VSIG4/THBS1	20
GO:0061045	negative regulation of wound healing	20/2449	48/12472	0.000379017047072458	0.00377326264706336	0.00253469040675731	PDGFRA/PLAT/ADTRP/PDGFA/SERPINE2/PLAUR/TNF/EDN1/SERPINF2/PROC/C1QTNF1/VTN/APOE/CD9/THBD/SERPINE1/CEACAM1/TFPI/THBS1/MIR34A	20
GO:2001234	negative regulation of apoptotic signaling pathway	57/2449	190/12472	0.000381140315021741	0.00378736090400082	0.00254416091542683	HIF1A/GRINA/RFFL/RELA/MCL1/TMBIM1/ITGAV/ICAM1/FIGNL1/CFLAR/CLU/SIAH2/CSF2/PTPN1/DNAJA1/MUC1/TNFAIP3/GCLM/IL10/MAZ/CD74/CD44/PPIF/DDIAS/NOL3/CDKN2D/GCLC/ZNF385A/TRIAP1/ITPRIP/PLAUR/TRAP1/MAPK8IP2/TNF/FXN/BCL2/FAIM2/PCGF2/ACKR3/CTTN/IER3/HGF/FAIM/IL7/IVNS1ABP/ITGA6/SNAI1/MPV17L/CX3CR1/MEIS3/SERPINE1/SLC25A4/NANOS3/IL19/THBS1/IL1A/NR4A2	57
GO:0050768	negative regulation of neurogenesis	33/2449	95/12472	0.000384465658202011	0.00381332975061106	0.00256160549655843	ULK2/RAPGEF2/SEMA4B/SEMA3C/SEMA4D/CDK5/CDKN2B/LDLR/DYNLT1/WNT5A/NTN1/TP53/CDH1/TNF/MIR146A/NR1D1/SEMA4C/FGF13/ASCL2/SEMA3A/TREM2/RTN4R/EPHB2/HES1/SEMA3B/SEMA6B/SEMA6A/DRAXIN/LHX2/GATA2/MCF2/LRP4/SORL1	33
GO:0050708	regulation of protein secretion	56/2449	186/12472	0.000386634908044283	0.00382775705634969	0.00257129704386683	HIF1A/ACHE/TMEM132A/CD38/SLC9B2/ABAT/PIM3/MYH10/CD200/CYP51A1/PFKFB2/HMGCR/CHRM3/ADTRP/MIDN/HLA-DRB1/PCK2/TM7SF3/F2RL2/NDUFAF2/ADORA2A/KLF7/SLC16A1/ACSL4/HADH/CCL5/TNF/MIR146A/TLR2/PLCB1/FFAR2/IL12B/RHBDF1/BMP6/ADAM8/NR1D1/RSAD2/APBB1/FRMD4A/TRPM4/TREM2/HCAR2/APOE/IFNG/IRS1/PDE8B/ACVR1C/UCP2/KCNN4/STX1A/FFAR1/PPARG/LRP5/LEP/IL1A/TTN	56
GO:0032731	positive regulation of interleukin-1 beta production	22/2449	55/12472	0.000393222379373638	0.00387150563221545	0.00260068516389143	RELA/CCL19/RIPK2/CASP1/PANX1/MEFV/WNT5A/CLEC7A/LILRA5/TNF/TMEM106A/LGALS9/AIM2/PYCARD/IFNG/CCL3/CD36/ORM2/ORM1/GBP5/NLRP2/NLRP3	22
GO:0070231	T cell apoptotic process	22/2449	55/12472	0.000393222379373638	0.00387150563221545	0.00260068516389143	HIF1A/IDO1/JAK3/CD274/IL7R/CHEK2/WNT5A/GPAM/TP53/ADA/IL2RA/CCL5/PTCRA/BCL2/LGALS9/ADAM8/GLI3/EBF4/LIPA/FASLG/ARG2/PDCD1	22
GO:1901890	positive regulation of cell junction assembly	22/2449	55/12472	0.000393222379373638	0.00387150563221545	0.00260068516389143	FLOT1/SEMA4D/VEGFA/EEF2K/EPHB1/SDC4/FLRT2/AGRN/AMIGO2/FMN1/IL1RAP/DLG5/EPB41L5/FERMT2/ADGRB1/EPHB2/EPHA2/LRRN3/CLSTN3/NPHP1/EPHB3/SLITRK4	22
GO:0007015	actin filament organization	100/2449	373/12472	0.000395079892077632	0.00388265670085834	0.00260817589786837	DNAI3/ELMO2/CRACD/CCR7/SYNPO2/PSTPIP2/PFN2/MYO1G/BAIAP2/PTGER4/MARCKS/KANK1/NCK2/MAD2L2/HCK/PPARGC1B/PLEKHG2/CDC42EP2/CYRIA/CDC42EP4/SDC4/GSN/RDX/ZBED3/PAK1/BAIAP2L1/ARHGAP18/COTL1/RHOH/MYO1C/RHOF/TMOD1/PDXP/CGNL1/PLEK/IQGAP2/AVIL/RHOU/FRMD7/SAMD14/MICAL2/FMN1/ARPIN/CALD1/SORBS3/BCL2/PHACTR1/HIP1/RND1/VILL/LIMK1/EVL/FSCN1/FHDC1/MTSS1/SERPINF2/CTTN/PYCARD/FERMT2/CDC42EP3/SYNPO/RHOBTB2/AIF1/RHOV/WASF1/ARHGEF5/MYO1B/DLC1/RHOBTB1/RHOC/SHROOM3/SNX9/SPTBN4/NEDD9/NCKAP1/WIPF3/ALOX15/SORBS1/MYO7B/PLS3/MICAL3/MYO5C/COBL/XIRP1/CDC42EP5/ITGB5/IQGAP3/TJP1/CATIP/TRPV4/DBN1/ESAM/MET/CNN3/ESPNL/SCIN/WASF3/SPIRE2/FAM171A1/TTN	100
GO:0048705	skeletal system morphogenesis	42/2449	130/12472	0.00040410996967716	0.00396412636921405	0.00266290317400527	SLC39A1/INSIG2/RUNX2/FOXN3/NAB1/ARID5B/PPARGC1B/PDGFRA/TGFBR2/FOSL2/CSRNP1/MMP14/MTHFD1/ACP5/NAB2/THRA/INSIG1/FMN1/DCANP1/GREM1/PCGF2/TIPARP/TIFAB/BMP6/GLI3/LOC102724560/CBS/EXT1/SHOX2/TMEM119/SOX5/PHOSPHO1/ALPL/HOXA1/COL1A1/DHRS3/LRP5/ZEB1/TRPV4/LAMA5/MMP2/SMPD3	42
GO:0034284	response to monosaccharide	43/2449	134/12472	0.000408302258791667	0.00399792851570049	0.00268560977686889	HIF1A/RUNX2/TXN2/ICAM1/SLC9B2/ACE/RASAL2/PIM3/GCLM/CASP3/SLC39A14/PFKFB2/EIF2B3/ZBED3/GCLC/GPAM/HLA-DRB1/SESN2/PCK2/NDUFAF2/KLF7/TNF/MIR146A/PLCB1/CAT/MLXIPL/NR1D1/TRPM4/TREM2/SLC29A1/PDE8B/ACVR1C/UCP2/SERPINF1/ITGA2/GCKR/KHK/COL6A3/LRP5/LEP/THBS1/PTPRN2/IL1A	43
GO:0002700	regulation of production of molecular mediator of immune response	49/2449	158/12472	0.000412829468785442	0.00403488072046501	0.0027104324324023	SLC7A5/IL27RA/RIPK2/BCL6/JAK3/PANX1/SLAMF1/MAPKAPK2/CARD9/MAD2L2/GPI/CD40/RABGEF1/NR4A3/TNFRSF1B/IL10/CD74/CGAS/PHB1/ACP5/PRG2/CD86/WNT5A/CLEC7A/LILRB1/TNF/SCIMP/CLCF1/FFAR2/RSAD2/PYCARD/CD226/RIGI/HFE/TRPM4/GPRC5B/CD55/EPHB2/CD36/TLR7/FFAR3/CCR2/IL18/CR1/TNFSF4/TBX21/NLRP3/IL18R1/CD96	49
GO:0043114	regulation of vascular permeability	16/2449	35/12472	0.000414620756998131	0.00403663897144064	0.00271161353806535	VEGFA/ADM/HRH1/ADORA2A/CTNNBIP1/BMP6/PTP4A3/FERMT2/AKAP12/TJP2/APOE/PDE2A/TJP1/CEACAM1/TRPV4/YES1	16
GO:0002827	positive regulation of T-helper 1 type immune response	10/2449	17/12472	0.000417795778623891	0.00403663897144064	0.00271161353806535	IL27RA/RIPK2/SLAMF1/IL12B/CCR2/SLC11A1/IL18/IL23A/TBX21/IL18R1	10
GO:0036005	response to macrophage colony-stimulating factor	10/2449	17/12472	0.000417795778623891	0.00403663897144064	0.00271161353806535	PTPN2/TNF/TLR2/TREM2/CSF1R/ALPL/DCSTAMP/STAP1/PDE2A/CSF1	10
GO:0045939	negative regulation of steroid metabolic process	10/2449	17/12472	0.000417795778623891	0.00403663897144064	0.00271161353806535	INSIG2/NFKB1/CYP27B1/INSIG1/APOE/PDE8B/SNAI1/ABCA2/CH25H/DKK3	10
GO:0050862	positive regulation of T cell receptor signaling pathway	10/2449	17/12472	0.000417795778623891	0.00403663897144064	0.00271161353806535	CCR7/RELA/NECTIN2/ADA/TESPA1/CD226/LIPA/KCNN4/TRAT1/CARD11	10
GO:0090026	positive regulation of monocyte chemotaxis	10/2449	17/12472	0.000417795778623891	0.00403663897144064	0.00271161353806535	FPR2/CCL1/CCL5/AIF1/LGMN/CCR2/CX3CR1/DEFB124/SERPINE1/CXCL10	10
GO:0015718	monocarboxylic acid transport	35/2449	103/12472	0.000418285031581321	0.00403663897144064	0.00271161353806535	PTGES/ACE/AQP9/P2RX4/EPRS1/PNPLA8/ERFE/ACSL1/FABP3/ACSL5/SLC16A1/TNF/EDN1/PLA2R1/CRABP1/SLC27A1/ABCC11/SLC27A2/SLC16A7/APOE/MFSD2A/SLCO4A1/SLC16A10/CD36/ABCG2/ABCC3/PPARG/RBP7/ATP8B1/CEACAM1/LEP/SLCO2B1/NMB/THBS1/IL1A	35
GO:0010563	negative regulation of phosphorus metabolic process	83/2449	300/12472	0.000419086069491252	0.00403709530250925	0.00271192007860867	PTPN2/ADARB1/SOCS1/CEP85/SLC8A3/PPP1R15B/CEBPA/SOCS3/NCK2/ZC3H12A/GADD45A/PTPN1/DNAJA1/ERRFI1/SEMA4D/NIBAN1/PRKDC/RABGEF1/CALM2/CDKN2B/NNT/IMPACT/ANKLE2/DUSP7/ZBED3/HHEX/LYN/TRIB1/CDKN2D/SAMSN1/MIDN/PDGFA/TP53/GPD1L/INSM1/CNKSR3/PPP1R15A/PLEK/PARP14/TNF/SPRED2/CDKN2A/MIR146A/DUSP1/HEG1/APOC1/UCHL1/MLXIPL/SLC27A1/PDE4D/PTPRO/GRB10/DMD/PYCARD/INPP5J/DUSP16/RGS14/CDA/HGF/APOE/IFNG/PKIG/EPHB2/DUSP19/PPP4R4/PPP1R16B/DEPTOR/ABCA2/CTDSPL/INHBA/TRIB2/TFAP4/GCKR/PPARG/IGFBP3/STAP1/PTPN13/TRIB3/LRP5/CEACAM1/SORL1/MIR34A/LAX1	83
GO:0071900	regulation of protein serine/threonine kinase activity	66/2449	228/12472	0.000421118230610751	0.0040493882282786	0.00272017785548057	RAPGEF2/CCL19/MAP3K4/EZH2/SLC8A3/MAP3K5/CEBPA/RASGRP1/GADD45A/PTPN1/DNAJA1/CD40/VEGFA/CALM2/CDKN2B/DUSP7/HHEX/LYN/PAK1/TRIB1/CDKN2D/WNT5A/TAB1/DIPK2A/PDGFA/CAMK1/MAP3K13/MAPRE3/TNF/EDN1/CDKN2A/PDGFC/CCNB2/DUSP1/HEG1/PSRC1/UCHL1/ADAM8/SASH1/PYCARD/FERMT2/DUSP16/RGS14/APOE/IFNG/PKIG/ARHGEF5/DUSP19/ROBO1/TRIB2/TFAP4/CEMIP/PPARG/CCNE2/HTR2B/PDGFRB/HERC5/CCND2/TRIB3/CCNA1/LRP5/SORL1/S100A12/THBS1/MIR34A/LAX1	66
GO:0071805	potassium ion transmembrane transport	36/2449	107/12472	0.000432541565315356	0.00415177889575098	0.00278895881955836	KCNJ2/SLC9A8/KCNC4/KCNE5/KCNK6/SLC9A7/SLC24A3/HPN/KCNK5/KCNC3/KCNQ3/KCNH3/TMEM175/KCNMA1/NEDD4/KCNMB1/KEL/KCNF1/KCNQ4/KCNJ1/ATP1B2/PKD2L1/TREM2/KCNJ5/KCNE1/KCNJ10/NEDD4L/ANK3/ATP1B1/KCNN4/KCNQ1/KCNAB1/SLC12A5/ATP1A4/ANK2/KCNN1	36
GO:0014812	muscle cell migration	25/2449	66/12472	0.000437869296551843	0.00418790705773513	0.00281322792408684	ACE/ABHD2/NR4A3/PLAT/TRIB1/MDK/PDGFA/DDR1/DOCK4/CCL5/BCL2/MIR146A/PLXNA1/GRB10/AIF1/VTN/DDR2/ITGA2/P2RY6/IGFBP3/ITGB3/PDGFRB/SERPINE1/SORL1/MIR34A	25
GO:0150076	neuroinflammatory response	25/2449	66/12472	0.000437869296551843	0.00418790705773513	0.00281322792408684	BPGM/CLU/NR3C1/CD200/TNFRSF1B/LDLR/ITGB2/DAGLA/ADORA2A/TNF/TLR2/TAFA3/SPHK1/NR1D1/AIF1/ITGAM/TREM2/IFNG/CCL3/CD200R1/C1QA/CX3CR1/IL18/STAP1/NUPR1	25
GO:1901616	organic hydroxy compound catabolic process	15/2449	32/12472	0.000448436661744124	0.00428133112353213	0.00287598557058151	GPD2/SRD5A3/GK5/TKFC/GK/SORD/PDXP/CYP27B1/SCARF1/MAOA/LDHD/SCARB1/APOE/ALDH1B1/MAOB	15
GO:0033688	regulation of osteoblast proliferation	11/2449	20/12472	0.000471739821984455	0.00449579801877	0.00302005377700481	ITGAV/MN1/PLXNB1/BCL2/GREM1/EIF2AK2/TMEM119/CTHRC1/ITGB3/SOX8/LRP5	11
GO:0002360	T cell lineage commitment	14/2449	29/12472	0.000476234566432769	0.00453057253608155	0.00304341357028551	CTSL/BATF/SOCS3/PRKDC/IRF4/TP53/BCL2/SPN/LOXL3/IL12B/IL7/IL23A/TBX21/LY9	14
GO:0001704	formation of primary germ layer	29/2449	81/12472	0.000480792704063505	0.00456582574993641	0.00306709492812441	LAMA3/TWSG1/ITGA5/ITGAV/DUSP5/ETS2/GPI/FOXF1/ITGB2/MMP14/LAMB3/WNT5A/DUSP4/DUSP1/COL6A1/LAMB1/EPB41L5/DUSP2/VTN/EPHA2/ATOH8/SNAI1/ITGA2/INHBA/ITGA3/ITGB3/ITGA4/ITGB5/MMP2	29
GO:0006641	triglyceride metabolic process	26/2449	70/12472	0.000484214367481242	0.00459018080040626	0.00308345544117538	INSIG2/GK5/GPAT4/GK/FITM2/APOC2/LDLR/SLC22A4/ACSL1/GPAM/PCK2/INSIG1/PLB1/APOC1/PNPLA1/CAT/SLC27A1/SCARB1/APOE/MFSD2A/LIPA/DGAT2/GPAT2/LIPG/GPAT3/SORL1	26
GO:0006695	cholesterol biosynthetic process	18/2449	42/12472	0.000488119398522934	0.00459311431141884	0.00308542602814937	INSIG2/LSS/CYB5R3/MSMO1/HMGCS1/IDI1/SC5D/FDFT1/CYP51A1/HMGCR/FDPS/MVD/DHCR7/MVK/INSIG1/APOE/LIPA/SEC14L2	18
GO:0022617	extracellular matrix disassembly	18/2449	42/12472	0.000488119398522934	0.00459311431141884	0.00308542602814937	FLOT1/SH3PXD2B/ADAMTS4/ADAM15/MMP14/DPP4/HPN/PDPN/CTSK/DDR1/MMP12/FSCN1/ADAM8/MMP7/CST3/DDR2/MMP19/MMP2	18
GO:0070542	response to fatty acid	18/2449	42/12472	0.000488119398522934	0.00459311431141884	0.00308542602814937	FOXO3/ZC3H12A/LDLR/ALAD/ASS1/ACSL1/EDN1/TLR2/PLCB1/FFAR2/CAT/IRS1/CD36/HES1/UCP2/FFAR3/DGAT2/FFAR1	18
GO:1902653	secondary alcohol biosynthetic process	18/2449	42/12472	0.000488119398522934	0.00459311431141884	0.00308542602814937	INSIG2/LSS/CYB5R3/MSMO1/HMGCS1/IDI1/SC5D/FDFT1/CYP51A1/HMGCR/FDPS/MVD/DHCR7/MVK/INSIG1/APOE/LIPA/SEC14L2	18
GO:0032640	tumor necrosis factor production	46/2449	147/12472	0.000490526771122401	0.00459311431141884	0.00308542602814937	IL27RA/CCL19/RIPK2/CLU/SLAMF1/RASGRP1/MAPKAPK2/ZC3H12A/CARD9/LILRA4/TNFAIP3/TLR1/IL10/ACP5/WNT5A/CLEC7A/TNFRSF8/LILRA5/LILRB1/VSIR/TMEM106A/CD84/LGALS9/TLR2/SPN/IL12B/IFIH1/GPNMB/PYCARD/AKAP12/RIGI/TREM2/IFNG/CCL3/EPHB2/CD36/ZFP36/ORM2/CCR2/ORM1/CX3CR1/IL23A/LEP/ARG2/THBS1/IL1A	46
GO:0032680	regulation of tumor necrosis factor production	46/2449	147/12472	0.000490526771122401	0.00459311431141884	0.00308542602814937	IL27RA/CCL19/RIPK2/CLU/SLAMF1/RASGRP1/MAPKAPK2/ZC3H12A/CARD9/LILRA4/TNFAIP3/TLR1/IL10/ACP5/WNT5A/CLEC7A/TNFRSF8/LILRA5/LILRB1/VSIR/TMEM106A/CD84/LGALS9/TLR2/SPN/IL12B/IFIH1/GPNMB/PYCARD/AKAP12/RIGI/TREM2/IFNG/CCL3/EPHB2/CD36/ZFP36/ORM2/CCR2/ORM1/CX3CR1/IL23A/LEP/ARG2/THBS1/IL1A	46
GO:0090596	sensory organ morphogenesis	46/2449	147/12472	0.000490526771122401	0.00459311431141884	0.00308542602814937	HIF1A/INSIG2/JAG1/TDRD7/VEGFA/COL8A2/FJX1/EPHB1/IFT172/FZD6/RDH13/NDP/WNT5A/NTN1/ZHX2/HPN/INSIG1/TSHZ1/EDN1/DCANP1/LCTL/BCL2/CABP4/TIFAB/GLI3/INTU/HIPK2/KCNQ4/THRB/MFSD2A/EPHB2/NECTIN3/EPHA2/KCNQ1/HOXA1/CTHRC1/CDH23/SDK1/GATA2/FASLG/SOX8/LRP5/ZEB1/DLL1/FBN1/GDF11	46
GO:1901653	cellular response to peptide	78/2449	280/12472	0.000492398421935156	0.00460259327728568	0.00309179352654425	PTPN2/SOCS1/CASP4/RELA/INSIG2/CPEB2/RIPK2/SNX5/JAK3/SOCS2/ICAM1/BAIAP2/CFLAR/SOCS3/KANK1/RAB13/PTPN1/PRKDC/CDK5/SLC39A14/GJB2/EEF2K/NR4A3/EPRS1/FPR2/SESN3/CAMK2A/ASS1/ERFE/NFKB1/FBP1/LYN/GCLC/ZDHHC7/SRD5A1/MYO1C/PCK2/TP53/INSIG1/BACE1/TNF/EDN1/ADCY6/MIR146A/PLCB1/SLC27A1/GRB10/FUT7/CACNA1A/PDK2/TREM2/GPT2/SLC2A8/EPHB2/IRS1/CD36/LGMN/DDR2/UCP2/FFAR3/INHBA/SORBS1/PPARG/ITGB3/ITGA4/BRIP1/NGFR/TRIB3/HDAC9/CA2/CEACAM1/LEP/NR4A1/CRHBP/SORL1/FBN1/SMPD3/NR4A2	78
GO:0001773	myeloid dendritic cell activation	13/2449	26/12472	0.000493533889917511	0.00460516988571113	0.00309352436408959	BATF/SLAMF1/CSF2/TGFBR2/BATF3/IL10/RELB/IRF4/TSPAN32/ITGB8/PYCARD/BATF2/DCSTAMP	13
GO:0090102	cochlea development	12/2449	23/12472	0.000494438380331732	0.00460558602618567	0.0030938039065883	CECR2/WNT5A/HPN/DCANP1/TIFAB/DCHS1/HES1/KCNQ1/HOXA1/CTHRC1/GATA2/ZEB1	12
GO:0070304	positive regulation of stress-activated protein kinase signaling cascade	34/2449	100/12472	0.000496245120474952	0.00461439039108306	0.00309971824156321	CCR7/CCL19/RIPK2/MAP3K4/GADD45B/MAP3K5/GADD45G/SLAMF1/RASGRP1/ZC3H12A/GADD45A/CARD9/VEGFA/LYN/WNT5A/RELL1/MAPK8IP2/TNF/SCIMP/PLCB1/SPHK1/SERPINF2/SASH1/SEMA4C/HIPK2/PYCARD/EIF2AK2/SEMA3A/DUSP19/EDA2R/BIRC7/TRPV4/LEP/IL1A	34
GO:0010460	positive regulation of heart rate	8/2449	12/12472	0.00050607543808293	0.00468141631497784	0.00314474292767467	ADM/GCH1/ADA/EDN1/ADM2/PDE4D/TRPM4/KCNQ1	8
GO:0070234	positive regulation of T cell apoptotic process	8/2449	12/12472	0.00050607543808293	0.00468141631497784	0.00314474292767467	IDO1/CD274/WNT5A/TP53/CCL5/LGALS9/ADAM8/PDCD1	8
GO:2000345	regulation of hepatocyte proliferation	8/2449	12/12472	0.00050607543808293	0.00468141631497784	0.00314474292767467	CFLAR/TNFAIP3/MDK/HPN/TNF/SULF2/GLI1/CEACAM1	8
GO:0019882	antigen processing and presentation	35/2449	104/12472	0.000513238704692129	0.00473133649282451	0.00317827682333127	CCR7/RFTN1/CCL19/CTSL/ICAM1/HLA-DMA/ACE/HLA-DPB1/HLA-DPA1/RELB/FGL2/HLA-DMB/CD74/FCER1G/MICA/HLA-DRB1/CD1D/HLA-DRA/HLA-DQB1/TAP1/LILRB2/CD1E/RAB33A/PYCARD/HFE/EXT1/TREM2/HLA-DRB5/LGMN/HLA-DOA/SLC11A1/HLA-DOB/HLA-DQB2/CLEC4M/THBS1	35
GO:0061008	hepaticobiliary system development	35/2449	104/12472	0.000513238704692129	0.00473133649282451	0.00317827682333127	RELA/SLC7A5/E2F7/EZH2/DNAAF1/CFLAR/CEBPA/ELK1/HLX/TNFAIP3/ARID5B/NPC1/CDKN2B/IL10/ASS1/SRD5A1/MDK/HPN/PCK2/TGFA/ADA/TNF/SULF2/UPB1/HFE/HGF/VTN/HES1/UCP2/LIPA/ITGA2/COBL/GLI1/CEACAM1/MET	35
GO:0008347	glial cell migration	20/2449	49/12472	0.00052347034114605	0.00480910316840179	0.00323051661286847	CDK5/P2RX4/MMP14/NTN1/LRP8/APCDD1/LAMB1/GLI3/ATP1B2/P2RY1/TREM2/GPR183/CCL3/CD9/CCL2/CCR2/SYNE2/CX3CR1/STAP1/CSF1	20
GO:0141060	disruption of anatomical structure in another organism	20/2449	49/12472	0.00052347034114605	0.00480910316840179	0.00323051661286847	NINJ1/MICA/CLEC7A/LYZ/C5/GBP1/GBP2/NKG7/GBP3/HAMP/APOL1/TREM1/CXCL6/IFNG/GZMB/PRF1/GBP5/GBP7/CCL13/S100A12	20
GO:0032835	glomerulus development	17/2449	39/12472	0.000548647447797064	0.00503177351096074	0.00338009548768991	BASP1/JAG1/CFLAR/PDGFRA/ACTA2/SULF2/BCL2/NOTCH3/PECAM1/MTSS1/PTPRO/EXT1/HES1/EDNRB/ITGB3/PDGFRB/LGR4	17
GO:0032760	positive regulation of tumor necrosis factor production	32/2449	93/12472	0.000565919193342778	0.00518130461460499	0.00348054305505284	CCL19/RIPK2/CLU/RASGRP1/MAPKAPK2/CARD9/TLR1/WNT5A/CLEC7A/TNFRSF8/LILRA5/TMEM106A/CD84/LGALS9/TLR2/SPN/IL12B/IFIH1/PYCARD/AKAP12/RIGI/IFNG/CCL3/EPHB2/CD36/ORM2/CCR2/ORM1/IL23A/LEP/THBS1/IL1A	32
GO:0031341	regulation of cell killing	33/2449	97/12472	0.000588870988675768	0.0053822406405246	0.00361552189562381	ICAM1/RASGRP1/NECTIN2/IL7R/SERPINB9/PVR/MICA/CLEC7A/HLA-DRB1/CD1D/HLA-DRA/LILRB1/LGALS9/CD1E/IL12B/CD226/LAG3/HFE/CXCL6/ITGAM/CD55/IFNG/NCR1/PRF1/CX3CR1/CR1/STAP1/IL23A/CFH/IL18RAP/CEACAM1/LEP/KLRC1	33
GO:0009116	nucleoside metabolic process	19/2449	46/12472	0.000600989382638051	0.00547431825409762	0.00367737506240039	ENPP4/ADK/DNPH1/MTAP/PGM2/ACP3/UPP1/NUDT1/NT5C3A/PNP/ADA/TK2/APRT/APOBEC3F/ADA2/UPB1/APOBEC3G/CDA/MACROD1	19
GO:0046888	negative regulation of hormone secretion	19/2449	46/12472	0.000600989382638051	0.00547431825409762	0.00367737506240039	PIM3/MIDN/ADORA1/NDUFAF2/OSM/KLF7/HADH/EDN1/FFAR2/IRS1/PDE8B/ACVR1C/UCP2/INHBA/FFAR4/LIF/LEP/CRHBP/NMB	19
GO:0010632	regulation of epithelial cell migration	55/2449	185/12472	0.000609464513019526	0.00553269818937725	0.00371659180285591	HIF1A/PFN2/INSL3/NRP2/ATP5F1A/PRCP/CXCL13/BMP10/ZC3H12A/GADD45A/RIN2/HDAC7/GPI/CD40/P2RX4/VEGFA/TGFBR2/ADGRA2/DLL4/WNT5A/VASH1/ANXA3/MAP2K3/JCAD/ENPP2/AKT3/TNF/EDN1/MIR146A/EVL/SASH1/SCARB1/MIR22/STARD13/EPB41L5/ADGRB1/APOE/IFNG/EPHA2/ATOH8/LGMN/ETS1/HBEGF/ACVRL1/SERPINF1/SPARC/ITGA2/ITGA3/PPARG/ITGB3/GATA2/HDAC9/CEACAM1/MET/THBS1	55
GO:0050851	antigen receptor-mediated signaling pathway	55/2449	185/12472	0.000609464513019526	0.00553269818937725	0.00371659180285591	PTPN2/BTN2A1/CCR7/RFTN1/RELA/RIPK2/NFKBIA/CACNB3/CD38/PHPT1/LCP2/ZC3H12A/NECTIN2/HLA-DPB1/FOSL2/EIF2B3/SLC39A10/NFKB1/TRGC1/LYN/PDE4B/INPP5D/NFKBIZ/PRKCH/SHB/HLA-DRB1/GBP1/ADA/HLA-DQB1/BCL2/PDE4D/TESPA1/CD226/TRGC2/PRAM1/CD19/LAT/MNDA/LIPA/KCNN4/BANK1/BLNK/STAP1/NFAM1/GCSAM/HHLA2/SLA2/CEACAM1/TRAT1/ITK/NFATC2/CARD11/CD79A/MIR34A/LAX1	55
GO:0001937	negative regulation of endothelial cell proliferation	16/2449	36/12472	0.000611445205376422	0.00554128683586484	0.00372236122891907	ATP5F1A/DLL4/VASH1/TNF/MIR146A/IL12B/MIR22/APOE/ATOH8/CCL2/ACVRL1/SPARC/PPARG/NGFR/THBS1/MIR34A	16
GO:0015850	organic hydroxy compound transport	53/2449	177/12472	0.000629869663512979	0.00569861810435053	0.00382804855954368	SLC5A3/GRAMD1A/NFKBIA/STARD4/CLU/ABAT/SLC29A3/AQP9/NPC1/APOC2/LDLR/SOAT1/NFKB1/TGM2/SCP2/LILRB1/ADORA2A/SLC16A1/OSBPL5/ABCA5/OSBPL3/APOC1/TTC39B/BMP6/ABCC11/SCARB1/SLC16A7/C1QTNF1/EEPD1/P2RY1/TREM2/OSBPL1A/APOE/CD36/FFAR3/ABCC3/LIPA/KCNQ1/STX1A/ABCA2/LIPG/ADORA3/SYT1/PPARG/ITGB3/SLC18B1/MSR1/ATP8B1/CEACAM1/LEP/NMB/SYT6/MAOB	53
GO:0051897	positive regulation of phosphatidylinositol 3-kinase/protein kinase B signal transduction	38/2449	117/12472	0.000664949672783873	0.00600104163999671	0.00403120166768381	CCR7/CCL19/PIK3AP1/SEMA4D/PDGFRA/P2RX4/MAZ/PHB1/ERFE/TXN/PLXNB1/PDGFA/DDR1/OSM/HCST/CCL5/TNF/NEDD4/HIP1/PDGFC/ADAM8/FERMT2/C1QTNF1/HGF/TREM2/CCL3/CSF1R/DDR2/HBEGF/NKX3-1/CX3CR1/IL18/PDGFRB/MEIS3/CASS4/LEP/LTK/THBS1	38
GO:0018958	phenol-containing compound metabolic process	24/2449	64/12472	0.000670498505026172	0.00600104163999671	0.00403120166768381	KL/RAPGEF2/ABAT/GCNT4/PNKD/GCH1/ITGB2/WNT5A/SRD5A1/HPN/INSM1/CTSK/MAOA/DUOX2/BCL2/TG/AOC2/ITGAM/SLC16A10/CRYM/SLC7A11/HDC/MAOB/NR4A2	24
GO:0032370	positive regulation of lipid transport	24/2449	64/12472	0.000670498505026172	0.00600104163999671	0.00403120166768381	PTGES/NFKBIA/P2RX4/ERFE/RETN/ACSL1/FABP3/ACSL5/SCP2/TRIAP1/EDN1/ABCA5/PLA2R1/BMP6/C1QTNF1/EEPD1/TREM2/APOE/NKX3-1/LIPG/PPARG/FASLG/NMB/IL1A	24
GO:0006639	acylglycerol metabolic process	31/2449	90/12472	0.000671460468405499	0.00600104163999671	0.00403120166768381	INSIG2/PGS1/GK5/GPAT4/ABHD2/GK/FITM2/APOC2/AGPAT5/LDLR/SLC22A4/ACSL1/GPAM/DAGLA/PCK2/INSIG1/AVIL/PLB1/APOC1/PNPLA1/CAT/SLC27A1/SCARB1/APOE/MFSD2A/LIPA/DGAT2/GPAT2/LIPG/GPAT3/SORL1	31
GO:0045668	negative regulation of osteoblast differentiation	15/2449	33/12472	0.00067408560399171	0.00600104163999671	0.00403120166768381	NOCT/TWSG1/HDAC7/SEMA4D/SUFU/CDK6/ERFE/BAMBI/TNFAIP6/TNF/GREM1/TRPM4/PPARG/LRP5/AREG	15
GO:0071526	semaphorin-plexin signaling pathway	15/2449	33/12472	0.00067408560399171	0.00600104163999671	0.00403120166768381	ECE1/SEMA4B/NRP2/SEMA3C/SEMA4D/PLXNB1/EDN1/PLXNA1/SEMA4C/SEMA3A/SEMA3B/SEMA6B/SEMA6A/PLXNA4/MET	15
GO:0097242	amyloid-beta clearance	15/2449	33/12472	0.00067408560399171	0.00600104163999671	0.00403120166768381	CLU/CYP51A1/HMGCR/LDLR/ITGB2/TNF/ITGAM/TREM2/APOE/IFNG/CD36/MME/MSR1/LRP4/MIR34A	15
GO:0006910	phagocytosis, recognition	9/2449	15/12472	0.000675621379559002	0.00600104163999671	0.00403120166768381	CLEC7A/SCARB1/ADGRB1/FCN1/TREM2/CD36/FCN2/PTX3/COLEC12	9
GO:0019934	cGMP-mediated signaling	9/2449	15/12472	0.000675621379559002	0.00600104163999671	0.00403120166768381	CGAS/APOE/CD36/ADORA2B/EDNRB/HTR2B/PDE2A/GUCY2F/THBS1	9
GO:0070230	positive regulation of lymphocyte apoptotic process	9/2449	15/12472	0.000675621379559002	0.00600104163999671	0.00403120166768381	IDO1/CD274/IL10/WNT5A/TP53/CCL5/LGALS9/ADAM8/PDCD1	9
GO:2000047	regulation of cell-cell adhesion mediated by cadherin	9/2449	15/12472	0.000675621379559002	0.00600104163999671	0.00403120166768381	ADAM19/FLOT1/MAD2L2/VEGFA/WNT5A/SERPINF2/BMP6/AFDN/TJP1	9
GO:0090303	positive regulation of wound healing	18/2449	43/12472	0.0006870611521743	0.00609254889245952	0.00409267169419964	ENPP4/INSL3/KANK1/PLAT/ST3GAL4/CLEC7A/DUOX2/MYLK/SERPINF2/FERMT2/VTN/CD36/DDR2/HBEGF/THBD/EMILIN1/SERPINE1/THBS1	18
GO:0052548	regulation of endopeptidase activity	62/2449	215/12472	0.000689679654868613	0.00610565988673767	0.00410147900885763	RFFL/LAMP3/RIPK2/CASP1/MAP3K5/CARD16/DNAJB6/TBC1D10A/SIAH2/CARD9/SERPINA1/VEGFA/FAM162A/GSN/MEFV/SERPINB9/CD44/SERPINB8/LYN/NOL3/CDKN2D/PMAIP1/TIMP2/CLEC7A/SERPINA2/ST20/UACA/TRIAP1/SERPINE2/PLAUR/TNF/VSIR/HIP1/IFT57/LGALS9/AIM2/PERP/BIRC3/SERPINF2/PYCARD/CST3/HGF/VTN/S100A9/ACVR1C/LGMN/DLC1/ROBO1/SERPINF1/NKX3-1/NLRP2/CR1/PPARG/EFNA3/ST18/NGFR/FASLG/SERPINE1/SORL1/NLRP3/THBS1/SEMG2	62
GO:0060021	roof of mouth development	22/2449	57/12472	0.000703695236028539	0.00621945822470108	0.00417792307928703	INSIG2/MSC/ARID5B/PDGFRA/TGFBR2/IFT172/CSRNP1/WNT5A/INSIG1/TSHZ1/TIPARP/LOXL3/ITGB8/GLI3/INTU/EPHB2/SNAI1/INHBA/IRF6/DHRS3/EPHB3/GDF11	22
GO:0002931	response to ischemia	20/2449	50/12472	0.000713278612974123	0.00628342146560757	0.00422089040710795	RELA/MAP3K5/PANX1/P2RX4/GJB2/EEF2K/CAMK2A/PPIF/TP53/HK2/MAP2K3/BCL2/NQO1/FAIM2/PANX2/UCHL1/TREM2/CSF1R/CX3CR1/CSF1	20
GO:0050709	negative regulation of protein secretion	20/2449	50/12472	0.000713278612974123	0.00628342146560757	0.00422089040710795	PIM3/CD200/CYP51A1/HMGCR/ADTRP/MIDN/NDUFAF2/KLF7/HADH/MIR146A/FFAR2/IL12B/RHBDF1/RSAD2/FRMD4A/APOE/IRS1/PDE8B/ACVR1C/UCP2	20
GO:0009308	amine metabolic process	28/2449	79/12472	0.000718318024554456	0.0063174242028139	0.0042437317568527	IDO1/IDO2/KL/SAT1/AZIN1/ABAT/NAAA/PNKD/GCH1/ITGB2/OAZ3/SMOX/INSM1/MAOA/HAAO/AFMID/SRM/AOC2/ALDH7A1/ITGAM/AOC3/GDPD1/SLC7A11/CHDH/HDC/MAOB/TDO2/NR4A2	28
GO:0032874	positive regulation of stress-activated MAPK cascade	33/2449	98/12472	0.000723133452614523	0.00633895707398262	0.00425819647004296	CCR7/CCL19/RIPK2/MAP3K4/GADD45B/MAP3K5/GADD45G/SLAMF1/RASGRP1/ZC3H12A/GADD45A/CARD9/VEGFA/WNT5A/RELL1/MAPK8IP2/TNF/SCIMP/PLCB1/SPHK1/SERPINF2/SASH1/SEMA4C/HIPK2/PYCARD/EIF2AK2/SEMA3A/DUSP19/EDA2R/BIRC7/TRPV4/LEP/IL1A	33
GO:0051592	response to calcium ion	33/2449	98/12472	0.000723133452614523	0.00633895707398262	0.00425819647004296	CLIC4/CALM2/EEF2K/ANXA11/PPIF/WNT5A/RASA4/CPNE9/RASA4B/RYR1/TNNT2/KCNQ3/EDN1/KCNMA1/NEDD4/KCNMB1/TRPV6/TRPM2/RASAL1/LGMN/CPNE4/ALOX15/ALOX5AP/SYT1/ITPKA/CPNE5/ITPR3/NFATC2/CRHBP/SYT6/SUCNR1/THBS1/TTN	33
GO:0001654	eye development	65/2449	228/12472	0.000724980312630771	0.00634043922285752	0.00425919210403031	HIF1A/ACHE/TWSG1/CLIC4/JAG1/MITF/TDRD7/SH3PXD2B/LIMK2/PDGFRA/VEGFA/TGFBR2/COL8A2/FJX1/EPHB1/DLL4/IFT172/SPRED3/RDH13/NDP/WNT5A/WNT5B/PBX4/ZHX2/TMOD1/SLC4A5/PBX3/NFIA/SPRED2/LCTL/BCL2/CABP4/FZD4/ABCB5/BMP6/SIX5/GLI3/HIPK2/THRB/MFSD2A/EPHB2/NECTIN3/EPHA2/HES1/ACVRL1/SERPINF1/CPAMD8/INHBA/NPHP1/CRYBB1/LHX2/PDGFRB/SDK1/BIRC7/B9D1/FASLG/MEIS3/SLC7A11/MAF/SOX8/LRP5/ZEB1/DLL1/FBN1/GDF11	65
GO:0009991	response to extracellular stimulus	102/2449	388/12472	0.000729780447156117	0.00634043922285752	0.00425919210403031	NOCT/ULK2/SSTR2/SLC1A2/RELA/KL/SLC7A5/IL15RA/RUNX2/MAP1LC3A/FOXO3/TXN2/MAP3K5/STK26/TRIM25/PLD1/RRAGC/ACE/RASAL2/ZC3H12A/GCLM/CD40/CDKN2B/ADM/NNT/SESN3/BMT2/LDLR/IMPACT/ALAD/ASS1/LRP11/FBP1/LYN/CDKN2D/PMAIP1/UPP1/MN1/GCLC/ACSL1/NUDT1/SRD5A1/NFKBIZ/FES/SESN2/PCK2/TP53/PRR5/CYP27B1/TBC1D7/TBC1D7-LOC100130357/CYSLTR1/CTSK/SLC16A1/TNF/FOSL1/BCL2/NQO1/PIM1/TNFRSF11B/CAT/MLXIPL/F5/SSTR3/FOLR2/CASTOR1/A2M/PDK2/LOC102724560/CBS/EIF2AK2/HFE/BCKDHB/GPT2/APOE/MFSD2A/ACVR1C/ZFP36/ATF3/ADORA2B/UCP2/LTA/LIPA/PIK3C2B/ALPL/ITGA2/LIPG/COL1A1/ACACB/MPO/PPARG/C2/ITGA4/ASGR1/BRIP1/ZEB1/TRPV4/LEP/SORL1/CXCL10/IL1A/NR4A2	102
GO:0007389	pattern specification process	69/2449	245/12472	0.00073170980657364	0.00634043922285752	0.00425919210403031	HIF1A/ATP6AP2/BASP1/DNAAF1/TDRD7/NRP2/ETS2/SEMA3C/KIF3B/OVOL2/PRKDC/TGFBR2/PKD1L1/DOP1B/DLL4/IFT172/PGAP1/FOXF1/SUFU/HHEX/CCDC103/WNT5A/GAS8/TP53/BHLHE40/BBS5/PBX3/MICAL2/TSHZ1/EDN1/DCANP1/GREM1/PCGF2/IFT57/TIFAB/TDRKH/CTNNBIP1/GLI3/INTU/VANGL2/HIPK2/EPB41L5/MFNG/EXT1/ITGAM/DCHS1/HES1/DPCD/SHROOM3/ROBO1/ACVRL1/NKX3-1/SNAI1/C1QA/DZIP1L/LHX2/COBL/HES4/CELSR2/MEIS3/HEY1/GLI1/LRP5/ZEB1/LRP4/DLL1/GDF11/LAMA5/PCSK6	69
GO:0010959	regulation of metal ion transport	69/2449	245/12472	0.00073170980657364	0.00634043922285752	0.00425919210403031	SCN1B/PPP3CC/KCNJ2/CACNB3/ACE/P2RX4/KCNE5/CALM2/CD4/CAMK2A/LYN/MLLT6/PDE4B/ADORA1/GPD1L/SERPINE2/CNKSR3/PML/LILRA5/LILRB1/ADORA2A/CCL5/MYLK/CCL4/BCL2/NEDD4/KCNMB1/KEL/CD84/CABP4/LILRB2/PDE4D/HAMP/FGF13/DMD/GSTM2/CASQ1/ATP1B2/HFE/TREM2/FGF11/P2RX5/IFNG/CCL3/CD19/KCNE1/HES1/NEDD4L/PACSIN3/CCL2/ANK3/SPTBN4/ATP1B1/KCNN4/KCNQ1/STAC/FFAR1/CEMIP/KCNAB1/P2RY6/HECW2/SCN4B/ITGB3/PDGFRB/TSPAN13/JPH4/ANK2/CXCL10/MIR34A	69
GO:0002920	regulation of humoral immune response	14/2449	30/12472	0.000732772942298135	0.00634043922285752	0.00425919210403031	CCR7/ACOD1/CXCL13/PHB1/ZP3/TNF/A2M/TREM2/CD55/LTA/CR1/CFH/VSIG4/CR2	14
GO:0006953	acute-phase response	14/2449	30/12472	0.000732772942298135	0.00634043922285752	0.00425919210403031	PTGES/SERPINA1/ASS1/APOL2/PLSCR1/TNF/SERPINF2/A2M/HFE/ORM2/EDNRB/CD163/ORM1/IL1A	14
GO:0050850	positive regulation of calcium-mediated signaling	14/2449	30/12472	0.000732772942298135	0.00634043922285752	0.00425919210403031	PPP3CC/PDGFRA/P2RX4/CD4/CLEC7A/ADA/TNF/CCL4/TREM2/P2RX5/CCL3/LMCD1/PDGFRB/TRAT1	14
GO:0150077	regulation of neuroinflammatory response	14/2449	30/12472	0.000732772942298135	0.00634043922285752	0.00425919210403031	CD200/TNFRSF1B/LDLR/DAGLA/TNF/TAFA3/SPHK1/NR1D1/TREM2/CCL3/CD200R1/IL18/STAP1/NUPR1	14
GO:0010744	positive regulation of macrophage derived foam cell differentiation	7/2449	10/12472	0.000764598828892725	0.00652100529864559	0.00438048742399486	CSF2/NFKB1/PRKCH/CD36/IL18/MSR1/CSF1	7
GO:0034144	negative regulation of toll-like receptor 4 signaling pathway	7/2449	10/12472	0.000764598828892725	0.00652100529864559	0.00438048742399486	ACOD1/TNFAIP3/RAB7B/LYN/MIR146A/NR1D1/TREM2	7
GO:0042451	purine nucleoside biosynthetic process	7/2449	10/12472	0.000764598828892725	0.00652100529864559	0.00438048742399486	ADK/MTAP/PGM2/PNP/ADA/APRT/ADA2	7
GO:0042455	ribonucleoside biosynthetic process	7/2449	10/12472	0.000764598828892725	0.00652100529864559	0.00438048742399486	ADK/MTAP/PGM2/PNP/ADA/APRT/ADA2	7
GO:0043380	regulation of memory T cell differentiation	7/2449	10/12472	0.000764598828892725	0.00652100529864559	0.00438048742399486	BCL6/FGL2/HLA-DRB1/HLA-DRA/IL12B/IL23A/TNFSF4	7
GO:0046129	purine ribonucleoside biosynthetic process	7/2449	10/12472	0.000764598828892725	0.00652100529864559	0.00438048742399486	ADK/MTAP/PGM2/PNP/ADA/APRT/ADA2	7
GO:0090103	cochlea morphogenesis	7/2449	10/12472	0.000764598828892725	0.00652100529864559	0.00438048742399486	WNT5A/HPN/DCANP1/TIFAB/HOXA1/CTHRC1/ZEB1	7
GO:0097048	dendritic cell apoptotic process	7/2449	10/12472	0.000764598828892725	0.00652100529864559	0.00438048742399486	CCR7/RAPGEF2/CCL19/LYN/LILRB1/BCL2/LGALS9	7
GO:2000668	regulation of dendritic cell apoptotic process	7/2449	10/12472	0.000764598828892725	0.00652100529864559	0.00438048742399486	CCR7/RAPGEF2/CCL19/LYN/LILRB1/BCL2/LGALS9	7
GO:1900746	regulation of vascular endothelial growth factor signaling pathway	10/2449	18/12472	0.000775011887743864	0.00658883122342244	0.00442604951095828	VEGFA/ADGRA2/MYO1C/JCAD/IL12B/PTP4A3/ROBO1/SEMA6A/EMILIN1/DLL1	10
GO:1903975	regulation of glial cell migration	10/2449	18/12472	0.000775011887743864	0.00658883122342244	0.00442604951095828	P2RX4/NTN1/ATP1B2/TREM2/GPR183/CCL3/CCR2/CX3CR1/STAP1/CSF1	10
GO:0007266	Rho protein signal transduction	36/2449	110/12472	0.000776778610484217	0.00659338547979947	0.0044291088341564	BCL6/FLOT1/KANK1/CDC42EP2/CDC42EP4/HACD3/OPHN1/NTN1/ABL2/PDPN/F2RL2/RHOU/ARHGDIB/HEG1/LIMK1/PRAG1/STARD13/CDC42EP3/RHOBTB2/RIPOR2/LPAR6/RTN4R/APOE/RHOV/DLC1/RHOBTB1/ROBO1/RTKN/ITGA3/CDC42EP5/NGFR/ARHGAP20/MET/EPS8L1/MCF2L/LPAR4	36
GO:0045581	negative regulation of T cell differentiation	17/2449	40/12472	0.000781366014132533	0.0065945323373537	0.00442987923609036	PTPN2/SOCS1/BCL6/JAK3/ZC3H12A/HLX/FGL2/CD74/MDK/RUNX1/LOXL3/GLI3/ASCL2/LAG3/IRF1/TNFSF4/TBX21	17
GO:0002507	tolerance induction	13/2449	27/12472	0.00078183869197528	0.0065945323373537	0.00442987923609036	IDO1/PHLPP1/ACOD1/CD274/TNFAIP3/XKR8/TGFBR2/LYN/IL2RA/LGALS9/LILRB2/ICOS/PDCD1	13
GO:0030574	collagen catabolic process	13/2449	27/12472	0.00078183869197528	0.0065945323373537	0.00442987923609036	CTSL/ADAMTS14/RETREG1/ADAM15/MMP14/CTSK/VSIR/MMP12/MMP7/CST3/MRC2/MMP19/MMP2	13
GO:0060443	mammary gland morphogenesis	13/2449	27/12472	0.00078183869197528	0.0065945323373537	0.00442987923609036	NR3C1/TGFBR2/NFKB1/WNT5A/NTN1/PML/DDR1/GLI3/CSF1R/EPHA2/LRP5/AREG/CSF1	13
GO:0050854	regulation of antigen receptor-mediated signaling pathway	23/2449	61/12472	0.000788348847127438	0.00663898808995999	0.00445974240231973	PTPN2/CCR7/RELA/PHPT1/NECTIN2/SLC39A10/LYN/PRKCH/GBP1/ADA/TESPA1/CD226/CD19/LIPA/KCNN4/STAP1/NFAM1/GCSAM/SLA2/CEACAM1/TRAT1/CARD11/MIR34A	23
GO:0006813	potassium ion transport	38/2449	118/12472	0.000798237125661026	0.0067063512555782	0.00450499363066827	KCNJ2/SLC9A8/KCNC4/KCNE5/CDK2/KCNK6/SLC9A7/SLC24A3/HPN/ADORA1/KCNK5/KCNC3/KCNQ3/KCNH3/TMEM175/KCNMA1/NEDD4/KCNMB1/KEL/KCNF1/KCNQ4/KCNJ1/ATP1B2/PKD2L1/TREM2/KCNJ5/KCNE1/KCNJ10/NEDD4L/ANK3/ATP1B1/KCNN4/KCNQ1/KCNAB1/SLC12A5/ATP1A4/ANK2/KCNN1	38
GO:0052547	regulation of peptidase activity	66/2449	233/12472	0.000798852147322421	0.0067063512555782	0.00450499363066827	RFFL/LAMP3/RIPK2/CTSL/CASP1/MAP3K5/CARD16/DNAJB6/TBC1D10A/SIAH2/CARD9/SERPINA1/VEGFA/FAM162A/TANK/GSN/MEFV/SERPINB9/CSTA/CD44/SERPINB8/LYN/NOL3/CDKN2D/PMAIP1/TIMP2/CLEC7A/SERPINA2/ST20/UACA/TRIAP1/SERPINE2/CTSK/PLAUR/TNF/VSIR/HIP1/IFT57/LGALS9/AIM2/PERP/BIRC3/SERPINF2/PYCARD/CST3/HGF/VTN/S100A9/ACVR1C/LGMN/DLC1/ROBO1/SERPINF1/NKX3-1/NLRP2/CR1/PPARG/EFNA3/ST18/NGFR/FASLG/SERPINE1/SORL1/NLRP3/THBS1/SEMG2	66
GO:0097553	calcium ion transmembrane import into cytosol	41/2449	130/12472	0.000812247046661093	0.00674135921845227	0.0045285102410813	MCOLN2/CCR7/PPP3CC/PLCB4/CCL19/CACNB3/SLC8A3/P2RX4/CALM2/PLCB2/LYN/NOL3/RYR1/PML/BCL2/TRPV6/PLCB1/TRPM2/PDE4D/TPCN1/CACNA1A/DMD/GSTM2/CASQ1/P2RX5/CCL3/CD19/TRPV5/CCR5/CACNA1E/SCN8A/CEMIP/P2RY6/ITGB3/HTR2B/FASLG/ITPR3/TRPV4/JPH4/ANK2/CXCL10	41
GO:0051092	positive regulation of NF-kappaB transcription factor activity	42/2449	134/12472	0.000812741663772893	0.00674135921845227	0.0045285102410813	RELA/RIPK2/CARD16/TRIM25/CARD14/CFLAR/PSMA6/CLU/FLOT1/CARD9/CD40/RAB7B/CAMK2A/WNT5A/CLEC7A/PRKCH/MAP3K13/RHEBL1/TRAF1/IRAK2/TNF/FLOT2/TRAF5/IL1RAP/LGALS9/AIM2/TLR2/SPHK1/ALK/ADAM8/PYCARD/EIF2AK2/CD36/S100A9/EDA2R/CX3CR1/IL18/IL18RAP/CARD11/NLRP3/S100A12/IL18R1	42
GO:0010039	response to iron ion	12/2449	24/12472	0.000813156613796654	0.00674135921845227	0.0045285102410813	HIF1A/SLC11A2/MAP1LC3A/ABAT/ALAD/FXN/BCL2/BMP6/HAMP/HFE/CYBRD1/SLC40A1	12
GO:0032740	positive regulation of interleukin-17 production	12/2449	24/12472	0.000813156613796654	0.00674135921845227	0.0045285102410813	IL15/RFTN1/SLC7A5/CARD9/PHB1/OSM/CCL1/SPHK1/IL12B/IL18/IL23A/LY9	12
GO:0033687	osteoblast proliferation	12/2449	24/12472	0.000813156613796654	0.00674135921845227	0.0045285102410813	ITGAV/FIGNL1/MN1/PLXNB1/BCL2/GREM1/EIF2AK2/TMEM119/CTHRC1/ITGB3/SOX8/LRP5	12
GO:0034755	iron ion transmembrane transport	12/2449	24/12472	0.000813156613796654	0.00674135921845227	0.0045285102410813	SLC25A28/SLC11A2/SLC39A14/SLC39A8/FXN/HAMP/SLC25A37/HFE/IFNG/SLC11A1/SLC40A1/LCN2	12
GO:0060142	regulation of syncytium formation by plasma membrane fusion	12/2449	24/12472	0.000813156613796654	0.00674135921845227	0.0045285102410813	CFLAR/FLOT1/EHD1/CAMK1/ADGRB1/RIPOR2/TREM2/EHD2/OCSTAMP/DCSTAMP/NFATC2/CXCL10	12
GO:0042278	purine nucleoside metabolic process	11/2449	21/12472	0.00081560880760961	0.00674135921845227	0.0045285102410813	ENPP4/ADK/MTAP/PGM2/ACP3/NUDT1/PNP/ADA/APRT/ADA2/MACROD1	11
GO:0044331	cell-cell adhesion mediated by cadherin	11/2449	21/12472	0.00081560880760961	0.00674135921845227	0.0045285102410813	ADAM19/FLOT1/MAD2L2/VEGFA/WNT5A/CDH1/PLEKHA7/SERPINF2/BMP6/AFDN/TJP1	11
GO:1904996	positive regulation of leukocyte adhesion to vascular endothelial cell	11/2449	21/12472	0.00081560880760961	0.00674135921845227	0.0045285102410813	RELA/CHST2/ITGB2/ST3GAL4/MDK/NFAT5/TNF/FUT7/ETS1/CCR2/ITGA4	11
GO:0097006	regulation of plasma lipoprotein particle levels	21/2449	54/12472	0.000822359117434863	0.00678668017408494	0.00455895460772421	PLAGL2/APOC2/LDLR/SOAT1/EHD1/FECH/ABCA5/APOC1/SCARB1/TREM2/APOE/MFSD2A/CES3/CD36/LIPA/DGAT2/LIPG/MPO/MSR1/IL19/PCSK6	21
GO:0007422	peripheral nervous system development	19/2449	47/12472	0.000825227129733123	0.00679987154900093	0.00456781591810172	RELA/NEFH/SLC5A3/NDRG1/NAB1/CDK5/PALS1/ALDH3A2/NAB2/RUNX1/ADGRB1/SCN8A/GPC1/EDNRB/PMP22/PLXNA4/SOX8/ISL2/CDK1	19
GO:0006638	neutral lipid metabolic process	31/2449	91/12472	0.000829847922680485	0.00682181608581383	0.00458255716782196	INSIG2/PGS1/GK5/GPAT4/ABHD2/GK/FITM2/APOC2/AGPAT5/LDLR/SLC22A4/ACSL1/GPAM/DAGLA/PCK2/INSIG1/AVIL/PLB1/APOC1/PNPLA1/CAT/SLC27A1/SCARB1/APOE/MFSD2A/LIPA/DGAT2/GPAT2/LIPG/GPAT3/SORL1	31
GO:0019058	viral life cycle	76/2449	276/12472	0.00083171133383802	0.00682181608581383	0.00458255716782196	ADARB1/STOM/CD80/DDB1/LAMP3/N4BP1/CTSL/ITGA5/ITGAV/ICAM1/TRIM25/SLC1A5/SLAMF1/ZC3H12A/NECTIN2/NPC1/TNIP1/HACD3/CIITA/GSN/CD4/LDLR/DYNLT1/ISG20/CD74/PVR/PHB1/DPP4/CD86/IFIT5/HLA-DRB1/PLSCR1/VAMP8/ZNFX1/NFIA/CCL5/TNF/BCL2/NEDD4/IFI27/APOBEC3F/LGALS9/RSAD2/TPCN1/IFITM1/TYRO3/IFIH1/SCARB1/APOBEC3G/EIF2AK2/FCN1/OASL/CCL8/CD55/APOE/NECTIN3/EPHA2/CCR5/CCL2/IFITM3/MX1/ITGA2/CH25H/CXCL8/ISG15/CR1/GBP7/ITGB3/PTX3/ITGB5/GPR15/CR2/CLEC4M/CDK1/IFIT1/CXCR6	76
GO:0051235	maintenance of location	76/2449	276/12472	0.00083171133383802	0.00682181608581383	0.00458255716782196	MCOLN2/PTPN2/CCR7/PLCB4/INSIG2/CCL19/NFKBIA/ITGAV/STARD4/SQLE/ZC3H12A/NPC1/CDK5/CALM2/FITM2/IL10/GSN/CD4/CHCHD10/SOAT1/SUFU/PLCB2/NFKB1/LYN/TXN/NOL3/EHD1/RYR1/HK2/PML/INSIG1/TNF/SRGN/MIR146A/PLCB1/TRPM2/FFAR2/APOC4/TTC39B/MTLN/PDE4D/TPCN1/SCARB1/DMD/GSTM2/CASQ1/TREM2/APOE/CCL3/CD19/CD36/S100A9/ACVR1C/CCR5/ANK3/LIPA/DGAT2/B4GALNT1/ACACB/CEMIP/P2RY6/PPARG/ITGB3/HTR2B/MSR1/FASLG/ITPR3/LEP/DBN1/JPH4/SORL1/FBN1/ANK2/SCIN/CXCL10/MIR34A	76
GO:0042326	negative regulation of phosphorylation	72/2449	259/12472	0.000845770808945583	0.0069265266861048	0.00465289654752294	PTPN2/ADARB1/SOCS1/CEP85/SLC8A3/PPP1R15B/CEBPA/SOCS3/NCK2/ZC3H12A/GADD45A/PTPN1/DNAJA1/ERRFI1/SEMA4D/NIBAN1/PRKDC/RABGEF1/CALM2/CDKN2B/NNT/IMPACT/ANKLE2/DUSP7/ZBED3/HHEX/LYN/TRIB1/CDKN2D/SAMSN1/MIDN/GPD1L/INSM1/CNKSR3/PARP14/SPRED2/CDKN2A/MIR146A/DUSP1/HEG1/UCHL1/MLXIPL/PDE4D/PTPRO/GRB10/DMD/PYCARD/INPP5J/DUSP16/RGS14/HGF/APOE/IFNG/PKIG/EPHB2/DUSP19/DEPTOR/CTDSPL/INHBA/TRIB2/TFAP4/GCKR/PPARG/IGFBP3/STAP1/PTPN13/TRIB3/LRP5/CEACAM1/SORL1/MIR34A/LAX1	72
GO:0002720	positive regulation of cytokine production involved in immune response	27/2449	76/12472	0.000851109924209797	0.0069490011494934	0.00466799377559224	SLC7A5/RIPK2/PANX1/SLAMF1/MAPKAPK2/CARD9/NR4A3/CD74/WNT5A/CLEC7A/LILRB1/SCIMP/FFAR2/RSAD2/PYCARD/CD226/RIGI/GPRC5B/CD55/CD36/TLR7/FFAR3/IL18/TNFSF4/TBX21/NLRP3/IL18R1	27
GO:0048593	camera-type eye morphogenesis	27/2449	76/12472	0.000851109924209797	0.0069490011494934	0.00466799377559224	HIF1A/JAG1/TDRD7/VEGFA/COL8A2/FJX1/EPHB1/IFT172/RDH13/NDP/WNT5A/ZHX2/LCTL/CABP4/GLI3/HIPK2/THRB/MFSD2A/EPHB2/NECTIN3/EPHA2/SDK1/SOX8/LRP5/ZEB1/DLL1/GDF11	27
GO:0007160	cell-matrix adhesion	52/2449	175/12472	0.000856713286704191	0.00698410405416689	0.00469157416318982	CCR7/ITGA11/JAG1/ITGA5/BCL6/ITGAV/RCC2/RIN2/CDK5/VEGFA/SDC4/ADAM15/PARVG/ITGB2/MMP14/CDK6/CD44/DDR1/FMN1/BCL2/GREM1/CDKN2A/MMP12/ITGA9/ITGB8/CTTN/EPB41L5/FERMT2/VCL/COL5A3/ITGAM/VTN/OTOA/CD36/DLC1/ACVRL1/ITGA6/NID2/ITGA2/SORBS1/ITGA3/ITGB3/ITGA4/ITGB5/EMILIN1/SERPINE1/ITGA1/APOD/PTPRK/THBS1/CSF1/CD96	52
GO:0043086	negative regulation of catalytic activity	95/2449	359/12472	0.000867720084060207	0.00702115573923596	0.00471646364465008	ADARB1/RFFL/LAMP3/CPEB2/CEP85/TMBIM1/SLC8A3/CARD16/DNAJB6/CEBPA/SIAH2/RCC2/ABCE1/PHPT1/GADD45A/PTPN1/MAD2L2/SERPINA1/DNAJA1/ERRFI1/SEMA4D/VEGFA/SLC39A14/RDX/SERPINB9/CSTA/CAMK2A/CD44/DUSP7/NFKB1/HHEX/SERPINB8/LYN/NOL3/TRIB1/CDKN2D/TIMP2/RASA4/MIDN/SERPINA2/TRIAP1/SORT1/TP53/SERPINE2/CYP27B1/PPP1R15A/DTX3L/PLAUR/TNF/CDKN2A/PLA2R1/DUSP1/HEG1/LIMK1/APOC1/UCHL1/SERPINF2/PTPRO/PYCARD/PARP9/DUSP16/RGS14/CST3/HGF/VTN/APOE/IFNG/PKIG/EPHB2/AOC3/ZFP36/DUSP19/PPP4R4/EDNRB/SERPINF1/DEPTOR/CCR2/TRIB2/TFAP4/GCKR/CR1/PPARG/PIF1/PTX3/TRIB3/HDAC9/SERPINE1/LRP5/CEACAM1/SORL1/IFIT1/GCHFR/THBS1/MIR34A/LAX1	95
GO:0006576	biogenic amine metabolic process	24/2449	65/12472	0.000867812751936932	0.00702115573923596	0.00471646364465008	IDO1/IDO2/KL/SAT1/AZIN1/ABAT/NAAA/PNKD/GCH1/ITGB2/OAZ3/SMOX/INSM1/MAOA/HAAO/AFMID/SRM/AOC2/ITGAM/GDPD1/HDC/MAOB/TDO2/NR4A2	24
GO:0019218	regulation of steroid metabolic process	24/2449	65/12472	0.000867812751936932	0.00702115573923596	0.00471646364465008	INSIG2/STARD4/NR3C1/ADM/LDLR/NFKB1/CYP27B1/INSIG1/TNF/TTC39B/BMP6/NR1D1/APOE/IFNG/PDE8B/IGFBP7/SNAI1/ABCA2/CH25H/DKK3/SEC14L2/LEP/EPHX2/IL1A	24
GO:0043406	positive regulation of MAP kinase activity	24/2449	65/12472	0.000867812751936932	0.00702115573923596	0.00471646364465008	CCL19/MAP3K4/EZH2/MAP3K5/RASGRP1/PTPN1/CD40/VEGFA/PAK1/WNT5A/PDGFA/MAP3K13/TNF/EDN1/PDGFC/ADAM8/SASH1/ARHGEF5/DUSP19/ROBO1/HTR2B/PDGFRB/S100A12/THBS1	24
GO:1903035	negative regulation of response to wounding	24/2449	65/12472	0.000867812751936932	0.00702115573923596	0.00471646364465008	PDGFRA/SIGLEC10/PLAT/ADTRP/MDK/PDGFA/SERPINE2/PLAUR/TNF/EDN1/SERPINF2/PROC/C1QTNF1/VTN/RTN4R/APOE/CD9/KREMEN1/THBD/SERPINE1/CEACAM1/TFPI/THBS1/MIR34A	24
GO:0021545	cranial nerve development	16/2449	37/12472	0.000882846430914451	0.0071105646375606	0.00477652410109314	ADARB1/NRP2/EPHB1/NDP/DCANP1/TIFAB/ACKR3/PLXNA1/GLI3/EXT1/EPHB2/HES1/SCN8A/HOXA1/PLXNA4/ATP8B1	16
GO:0070232	regulation of T cell apoptotic process	16/2449	37/12472	0.000882846430914451	0.0071105646375606	0.00477652410109314	HIF1A/IDO1/JAK3/CD274/IL7R/WNT5A/GPAM/TP53/ADA/CCL5/PTCRA/BCL2/LGALS9/ADAM8/ARG2/PDCD1	16
GO:2000403	positive regulation of lymphocyte migration	16/2449	37/12472	0.000882846430914451	0.0071105646375606	0.00477652410109314	CXCL13/WNT5A/ABL2/CCL5/CCL4/SPN/ADAM8/PYCARD/ASCL2/AIF1/CCL3/NEDD9/CCR2/ITGB3/ITGA4/CXCL10	16
GO:0010001	glial cell differentiation	50/2449	167/12472	0.000885676725650432	0.00712264946333891	0.00478464208672859	RELA/SLC8A3/NDRG1/CLU/HAPLN3/NAB1/NR3C1/CDK5/PALS1/B4GALT5/TNFRSF1B/CNP/LDLR/VCAN/CDK6/EIF2B3/NAB2/NDP/LYN/MDK/ID2/SERPINE2/ADORA2A/NFIA/TNF/CLCF1/TLR2/NR1D1/PRDM8/GLI3/VTN/TREM2/PHGDH/IFNG/S100A9/KCNJ10/HES1/MYRF/ZNF365/GPC1/ABCA2/C1QA/GFAP/HAPLN4/B4GALT6/LIF/SOX8/DLL1/CDK1/WASF3	50
GO:0048568	embryonic organ development	74/2449	268/12472	0.00088901481617275	0.00713877564530922	0.00479547485469654	HIF1A/SLC39A1/INSIG2/E2F7/RUNX2/ECE1/DNAAF1/DNAJB6/CEBPA/SOCS3/CSF2/HLX/OVOL2/PDGFRA/VEGFA/TGFBR2/IL10/ADM/IFT172/FZD6/FOXF1/SUFU/MMP14/MTHFD1/CCDC103/WNT5A/HS6ST1/NTN1/VASH1/PBX4/PDGFA/HPN/TP53/ID2/INSIG1/ADA/BBS5/PBX3/MICAL2/TSHZ1/TNF/EDN1/DCANP1/PCGF2/IFT57/TIFAB/TUBB2B/GLI3/VANGL2/HIPK2/TEAD3/KCNQ4/A2M/ASCL2/SHOX2/EPHB2/EPHA2/HES1/SNAI1/KCNQ1/HOXA1/CTHRC1/CXCL8/COBL/CDH23/PLXNA4/GATA2/LIF/HEY1/GLI1/ZEB1/DLL1/FBN1/PHLDA2	74
GO:0072001	renal system development	56/2449	192/12472	0.000909029597288021	0.00728856665130934	0.0048960970115513	BASP1/JAG1/EZH2/CFLAR/ACE/BMP10/TRAF3IP2/ARID5B/PDGFRA/VEGFA/GCNT4/SDC4/FOXF1/ASS1/ACTA2/HS3ST3B1/WNT5A/PDGFA/AKR1B1/NFIA/FMN1/SULF2/BCL2/GREM1/PRKX/NOTCH3/TIPARP/PECAM1/CAT/CTNNBIP1/MTSS1/BMP6/PTPRO/DLG5/GLI3/VANGL2/EXT1/DCHS1/HES1/EDNRB/SERPINF1/NKX3-1/HS3ST3A1/ITGA3/ITGB3/PDGFRB/MME/LIF/SOX8/LRP4/DLL1/ARG2/FBN1/GDF11/LAMA5/LGR4	56
GO:0032963	collagen metabolic process	25/2449	69/12472	0.000941369888198181	0.00752533898684993	0.00505514890473116	HIF1A/CTSL/ADAMTS14/RETREG1/FOSL2/CIITA/ADAM15/MMP14/CTSK/RUNX1/VSIR/MMP12/SERPINF2/MMP7/CST3/MRC2/CYGB/DDR2/ITGA2/INHBA/COL1A1/MMP19/EMILIN1/MMP2/SMPD3	25
GO:0045833	negative regulation of lipid metabolic process	25/2449	69/12472	0.000941369888198181	0.00752533898684993	0.00505514890473116	INSIG2/APOC2/NFKB1/PDGFA/ADORA1/CYP27B1/INSIG1/TNF/SPHK1/ALK/APOC1/SLC27A1/HCAR2/APOE/MFSD2A/PDE8B/SNAI1/ABCA2/CH25H/ACACB/DKK3/TRIB3/CEACAM1/APOD/SORL1	25
GO:0030048	actin filament-based movement	29/2449	84/12472	0.000945968920641236	0.00755083388815866	0.00507227511295277	SCN1B/KCNJ2/MYO1G/MYH10/KCNE5/GSN/ACTA2/PDE4B/MYO1C/ADORA1/PDPN/GPD1L/TNNT2/PDE4D/FNBP1L/FGF13/EPB41L5/TRPM4/KCNJ5/KCNE1/MYO1B/NEDD4L/KCNQ1/SYNE2/MYO7B/MYO5C/SCN4B/DSP/ANK2	29
GO:0019233	sensory perception of pain	18/2449	44/12472	0.000951727054744819	0.00755152090055735	0.00507273661375438	PTGES/RETREG1/CDK5/P2RX4/EPHB1/ACP3/ZFHX2/ADORA1/BACE1/NR2F6/TNF/CCL3/GPR171/CCL2/CCR2/ITGA2/PROK2/MME	18
GO:0030838	positive regulation of actin filament polymerization	18/2449	44/12472	0.000951727054744819	0.00755152090055735	0.00507273661375438	CRACD/CCR7/PFN2/BAIAP2/NCK2/HCK/CDC42EP2/CDC42EP4/BAIAP2L1/FMN1/EVL/CTTN/PYCARD/CDC42EP3/SNX9/NCKAP1/ALOX15/CDC42EP5	18
GO:0072538	T-helper 17 type immune response	18/2449	44/12472	0.000951727054744819	0.00755152090055735	0.00507273661375438	IL27RA/BATF/SOCS3/ZC3H12A/CARD9/TRAF3IP2/ENTPD7/PHB1/CLEC7A/NFKBIZ/IRF4/LOXL3/IL12B/ASCL2/EPHB2/IL23A/TBX21/LY9	18
GO:0140374	antiviral innate immune response	18/2449	44/12472	0.000951727054744819	0.00755152090055735	0.00507273661375438	TBK1/TRIM25/DHX58/PHB1/AKAP1/TRIM65/DUS2/TNF/USP18/IFIH1/EIF2AK2/RIGI/ZBP1/IFIT3/MX1/NMB/IFIT1/CXCL10	18
GO:0007259	receptor signaling pathway via JAK-STAT	38/2449	119/12472	0.000954514497699276	0.00755152090055735	0.00507273661375438	PTPN2/IL15/SOCS1/IL15RA/JAK3/SOCS2/SOCS3/CSF2/GADD45A/CD40/STAT4/IL10/IL7R/CAMK2A/IL31RA/LYN/OSM/PARP14/CCL5/TNF/CLCF1/MIR146A/IL12B/HAMP/PARP9/IFNG/EPHB2/CSF2RB/CSF1R/HES1/CCL2/CCR2/IL22RA2/IL18/GBP7/IL23A/LIF/LEP	38
GO:0030324	lung development	38/2449	119/12472	0.000954514497699276	0.00755152090055735	0.00507273661375438	DNAAF1/CEBPA/ELK1/ACE/ERRFI1/PDGFRA/VEGFA/TGFBR2/FOSL2/FOXF1/MMP14/WNT5A/TAB1/HS6ST1/PDGFA/THRA/PDPN/ADA/TNF/MMP12/LTA4H/HEG1/LOXL3/DLG5/GLI3/HIPK2/THRB/EXT1/HES1/LIPA/CRISPLD2/ITGA3/MME/LIF/SLC7A11/GLI1/LAMA5/SMPD3	38
GO:0014823	response to activity	20/2449	51/12472	0.000959557854847017	0.00756906019228369	0.00508451863865918	HIF1A/KL/SLC7A5/ATP5F1A/GCLM/IL10/ALAD/GCLC/SRD5A1/HADH/TNF/EDN1/CAT/BMP6/ITGA2/ITGB3/ZEB1/LEP/CDK1/MMP2	20
GO:0032890	regulation of organic acid transport	20/2449	51/12472	0.000959557854847017	0.00756906019228369	0.00508451863865918	SLC7A5/PTGES/ABAT/P2RX4/EPRS1/ERFE/ACSL1/FABP3/ACSL5/ADORA1/STXBP1/ADORA2A/TNF/EDN1/PLA2R1/SLC43A1/SV2A/LEP/THBS1/IL1A	20
GO:1900744	regulation of p38MAPK cascade	15/2449	34/12472	0.000989313952086943	0.00779230224614363	0.00523448156073246	MAP3K4/GADD45B/MAP3K5/GADD45G/PHLPP1/ZC3H12A/GADD45A/VEGFA/RELL1/DUSP1/SPHK1/SASH1/HGF/TREM2/LEP	15
GO:0007599	hemostasis	51/2449	172/12472	0.00100692717539826	0.00791938612545243	0.00531985019786888	VAV2/ENPP4/SERPINA1/GPI/PDGFRA/CD40/PLAT/FZD6/FCER1G/ADTRP/ST3GAL4/LYN/ZNF385A/PDGFA/PROCR/PLSCR1/PDPN/F2RL2/SERPINE2/TSPAN32/PLEK/STXBP1/ADORA2A/FLI1/PLAUR/EDN1/RAP2B/VWF/F5/SERPINF2/TYRO3/F13A1/VCL/PROC/C1QTNF1/VTN/P2RY1/APOE/EPHB2/CD36/CD9/ITGA2/TREML1/ITGB3/THBD/SLC7A11/EMILIN1/SERPINE1/CEACAM1/TFPI/THBS1	51
GO:0002532	production of molecular mediator involved in inflammatory response	26/2449	73/12472	0.00100858153088411	0.00792076639210453	0.00532077739244001	HIF1A/EZH2/ZC3H12A/CARD9/PLD3/MEFV/CHID1/LYN/CLEC7A/IL1R2/VAMP8/TNF/MIR146A/IL17RC/PYCARD/TREM2/SLAMF8/EPHB2/CD36/LIPA/GBP5/ALOX5AP/SERPINE1/PLD4/APOD/LEP	26
GO:0006939	smooth muscle contraction	23/2449	62/12472	0.00102362170410858	0.00801428157317534	0.00538359624564941	SSTR2/CD38/ABAT/MYH11/ACTA2/CHRM3/ADA/DOCK4/EDN1/KCNMA1/MYLK/SULF2/DCANP1/TIFAB/SPHK1/CTTN/APBB1/ADORA2B/EDNRB/ITGA2/PROK2/APBB2/HTR2B	23
GO:0048002	antigen processing and presentation of peptide antigen	23/2449	62/12472	0.00102362170410858	0.00801428157317534	0.00538359624564941	CTSL/HLA-DMA/ACE/HLA-DPB1/HLA-DPA1/HLA-DMB/CD74/FCER1G/MICA/HLA-DRB1/HLA-DRA/HLA-DQB1/TAP1/PYCARD/HFE/TREM2/HLA-DRB5/LGMN/HLA-DOA/SLC11A1/HLA-DOB/HLA-DQB2/CLEC4M	23
GO:0051896	regulation of phosphatidylinositol 3-kinase/protein kinase B signal transduction	50/2449	168/12472	0.00102497813249162	0.00801428157317534	0.00538359624564941	CCR7/CCL19/PHLDA3/PHLPP1/PIK3AP1/SEMA4D/PDGFRA/P2RX4/MAZ/SESN3/PHB1/ERFE/TXN/DIPK2A/PLXNB1/PDGFA/DDR1/OSM/HCST/CCL5/TNF/NEDD4/HIP1/MIR146A/AIM2/PDGFC/ADAM8/FERMT2/C1QTNF1/HGF/TREM2/CCL3/CSF1R/EPHA2/DDR2/HBEGF/NKX3-1/PPP1R16B/BANK1/CX3CR1/IL18/PDGFRB/PTPN13/MEIS3/CASS4/CEACAM1/LEP/LTK/THBS1/MIR34A	50
GO:0002220	innate immune response activating cell surface receptor signaling pathway	27/2449	77/12472	0.00106922970174378	0.00832143194137905	0.00558992460509288	RELA/RIPK2/NFKBIA/ACOD1/PIK3AP1/TNFAIP3/TLR1/PELI1/NINJ1/RAB7B/TNIP2/LYN/PAK1/CLEC7A/ZNRF1/IRAK2/TNIP3/SCIMP/MIR146A/TLR2/FFAR2/NR1D1/TLR5/FCN1/TREM2/FCN2/KLRC1	27
GO:0022600	digestive system process	21/2449	55/12472	0.00108741416153152	0.00832143194137905	0.00558992460509288	UGCG/CRACD/SNX10/NPC1/LDLR/CHRM3/MDK/DCANP1/TIFAB/HAMP/SCARB1/SLC46A1/TJP2/CD36/SLC22A5/HRH2/LIPA/SGK1/KCNN4/KCNQ1/LEP	21
GO:0050886	endocrine process	21/2449	55/12472	0.00108741416153152	0.00832143194137905	0.00558992460509288	NDST2/ATP6AP2/ECE1/ACE/RPS6KA2/RETN/EDN1/TRPV6/FZD4/SERPINF2/BMP6/C1QTNF1/HCAR2/EDNRB/NKX3-1/KCNQ1/INHBA/PPARG/LEP/CRHBP/SUCNR1	21
GO:0140895	cell surface toll-like receptor signaling pathway	21/2449	55/12472	0.00108741416153152	0.00832143194137905	0.00558992460509288	RELA/RIPK2/NFKBIA/ACOD1/PIK3AP1/TNFAIP3/TLR1/PELI1/NINJ1/RAB7B/TNIP2/LYN/ZNRF1/IRAK2/TNIP3/SCIMP/MIR146A/TLR2/NR1D1/TLR5/TREM2	21
GO:0002468	dendritic cell antigen processing and presentation	8/2449	13/12472	0.00108920887413637	0.00832143194137905	0.00558992460509288	CCR7/CCL19/FGL2/CD74/HLA-DRB1/HLA-DRA/SLC11A1/THBS1	8
GO:0010544	negative regulation of platelet activation	8/2449	13/12472	0.00108920887413637	0.00832143194137905	0.00558992460509288	PDGFRA/PDGFA/SERPINE2/C1QTNF1/APOE/CD9/THBD/CEACAM1	8
GO:0032604	granulocyte macrophage colony-stimulating factor production	8/2449	13/12472	0.00108920887413637	0.00832143194137905	0.00558992460509288	CD80/RASGRP1/CARD9/CD84/IL12B/RIGI/IL18/IL23A	8
GO:0032645	regulation of granulocyte macrophage colony-stimulating factor production	8/2449	13/12472	0.00108920887413637	0.00832143194137905	0.00558992460509288	CD80/RASGRP1/CARD9/CD84/IL12B/RIGI/IL18/IL23A	8
GO:0035809	regulation of urine volume	8/2449	13/12472	0.00108920887413637	0.00832143194137905	0.00558992460509288	ADM/MLLT6/AKR1B1/ADORA2A/EDN1/ADCY6/TRPV5/EDNRB	8
GO:0036006	cellular response to macrophage colony-stimulating factor stimulus	8/2449	13/12472	0.00108920887413637	0.00832143194137905	0.00558992460509288	PTPN2/TLR2/TREM2/CSF1R/DCSTAMP/STAP1/PDE2A/CSF1	8
GO:0043101	purine-containing compound salvage	8/2449	13/12472	0.00108920887413637	0.00832143194137905	0.00558992460509288	ADK/MTAP/PGM2/AMPD3/PNP/ADA/AMPD2/APRT	8
GO:0046851	negative regulation of bone remodeling	8/2449	13/12472	0.00108920887413637	0.00832143194137905	0.00558992460509288	GPR137B/CD38/TNFAIP3/INPP5D/GREM1/TNFRSF11B/HAMP/TMEM119	8
GO:0048844	artery morphogenesis	17/2449	41/12472	0.00109335465411466	0.00832143194137905	0.00558992460509288	JAG1/VEGFA/TGFBR2/DLL4/FOXF1/LDLR/MDK/AKT3/EDN1/MYLK/NOTCH3/APOE/HES1/ACVRL1/HOXA1/PDGFRB/HEY1	17
GO:0060350	endochondral bone morphogenesis	17/2449	41/12472	0.00109335465411466	0.00832143194137905	0.00558992460509288	RUNX2/NAB1/TGFBR2/FOSL2/MMP14/NAB2/BMP6/LOC102724560/CBS/EXT1/SHOX2/TMEM119/PHOSPHO1/ALPL/COL1A1/TRPV4/SMPD3	17
GO:0086003	cardiac muscle cell contraction	17/2449	41/12472	0.00109335465411466	0.00832143194137905	0.00558992460509288	SCN1B/KCNJ2/KCNE5/GSN/PDE4B/ADORA1/GPD1L/PDE4D/FGF13/TRPM4/KCNJ5/KCNE1/NEDD4L/KCNQ1/SCN4B/DSP/ANK2	17
GO:0097028	dendritic cell differentiation	17/2449	41/12472	0.00109335465411466	0.00832143194137905	0.00558992460509288	CCR7/CCL19/BATF/CSF2/TGFBR2/BATF3/RELB/LYN/IRF4/LILRB1/LGALS9/LILRB2/TRPM2/ITGB8/TREM2/BATF2/DCSTAMP	17
GO:0046165	alcohol biosynthetic process	34/2449	104/12472	0.00109470904875054	0.00832143194137905	0.00558992460509288	INSIG2/SRD5A3/LSS/CYB5R3/MSMO1/HMGCS1/IDI1/SC5D/FDFT1/CYP51A1/HMGCR/FDPS/MVD/GCH1/DHCR7/NFKB1/MVK/HRH1/PCK2/CYP27B1/INSIG1/PLEK/SPHK1/BMP6/P2RY1/APOE/LIPA/ABCA2/P2RY6/DKK3/ITPKA/SEC14L2/IMPA2/LEP	34
GO:0002230	positive regulation of defense response to virus by host	14/2449	31/12472	0.00109688778017431	0.00832143194137905	0.00558992460509288	ZC3H12A/TRAF3IP2/CGAS/LILRB1/DTX3L/APOBEC3F/AIM2/IL12B/PYCARD/PARP9/APOBEC3G/RIGI/IL27/IL23A	14
GO:0032692	negative regulation of interleukin-1 production	14/2449	31/12472	0.00109688778017431	0.00832143194137905	0.00558992460509288	CARD16/ZC3H12A/TNFAIP3/IL10/MEFV/ACP5/IL1R2/PML/TREM2/FFAR1/CX3CR1/FFAR4/CEACAM1/NLRP3	14
GO:0045601	regulation of endothelial cell differentiation	14/2449	31/12472	0.00109688778017431	0.00832143194137905	0.00558992460509288	JAG1/BTG1/VEGFA/TNF/PLCB1/BMP6/VCL/PROC/ATOH8/ACVRL1/S1PR3/ZEB1/CEACAM1/MIR34A	14
GO:0051965	positive regulation of synapse assembly	14/2449	31/12472	0.00109688778017431	0.00832143194137905	0.00558992460509288	SEMA4D/EEF2K/EPHB1/FLRT2/AGRN/AMIGO2/IL1RAP/DLG5/ADGRB1/EPHB2/LRRN3/CLSTN3/EPHB3/SLITRK4	14
GO:0048638	regulation of developmental growth	59/2449	206/12472	0.00110011434257309	0.00833410526000207	0.00559843791098759	ULK2/PLAC8/BASP1/SOCS2/GPAT4/SEMA4B/SEMA3C/LPAR3/BMP10/HLX/SEMA4D/CDK5/VEGFA/FOSL2/SMURF1/MAPK11/WNT5A/ZP3/CPNE9/NTN1/GPAM/AGRN/MAP3K13/RUNX1/UNC13A/CDH1/EDN1/FXN/BCL2/PIM1/PLCB1/LIMK1/SEMA4C/CTTN/FGF13/RASAL1/NRCAM/SEMA3A/RTN4R/APOE/IL7/MFSD2A/LGMN/SEMA3B/NEDD4L/SPTBN4/SEMA6B/SEMA6A/ACACB/DRAXIN/SYT1/OLFM1/PLXNA4/CPNE5/GLI1/DLL1/LEP/CDK1/CSF1	59
GO:0010977	negative regulation of neuron projection development	35/2449	108/12472	0.00111088882752716	0.00840384259920264	0.00564528399120998	ULK2/IL15RA/CD38/SEMA4B/SEMA3C/KANK1/SEMA4D/DENND5A/CDK5/WNT5A/NTN1/CDH1/ADCY6/NEU4/PRAG1/SEMA4C/PTPRO/FGF13/INPP5J/SEMA3A/RTN4R/APOE/EPHB2/HES1/SEMA3B/ZNF365/KREMEN1/SEMA6B/SEMA6A/PMP22/DRAXIN/GFAP/MCF2/LRP4/TRPV4	35
GO:0048008	platelet-derived growth factor receptor signaling pathway	19/2449	48/12472	0.00111757166664874	0.00843058288249384	0.00566324678518217	PTPN2/PTGIR/PTPN1/ARID5B/PDGFRA/VEGFA/NR4A3/PLAT/CSRNP1/PDGFA/HIP1/TIPARP/PDGFC/RGS14/PDGFRL/ITGB3/PDGFRB/APOD/SMPD3	19
GO:0050771	negative regulation of axonogenesis	19/2449	48/12472	0.00111757166664874	0.00843058288249384	0.00566324678518217	ULK2/SEMA4B/SEMA3C/SEMA4D/CDK5/WNT5A/NTN1/CDH1/SEMA4C/FGF13/SEMA3A/RTN4R/EPHB2/SEMA3B/SEMA6B/SEMA6A/DRAXIN/MCF2/LRP4	19
GO:0002824	positive regulation of adaptive immune response based on somatic recombination of immune receptors built from immunoglobulin superfamily domains	36/2449	112/12472	0.0011231533552542	0.00844975108419603	0.00567612303089148	IL27RA/RIPK2/SLAMF1/CD274/CARD9/MAD2L2/NECTIN2/CD40/CD4/PVR/MICA/CLEC7A/NFKBIZ/ZP3/HLA-DRB1/CD1D/HLA-DRA/ADA/TNF/CLCF1/CD1E/IL12B/RSAD2/CD226/HFE/TREM2/CD55/LTA/CCR2/SLC11A1/IL18/IL23A/TNFSF4/TBX21/NLRP3/IL18R1	36
GO:0060048	cardiac muscle contraction	28/2449	81/12472	0.00112326788124488	0.00844975108419603	0.00567612303089148	SCN1B/KCNJ2/BMP10/ZC3H12A/P2RX4/KCNE5/CALM2/GSN/PDE4B/ADORA1/GPD1L/MAP2K3/TNNT2/PDE4D/TNNI2/FGF13/DMD/GSTM2/TRPM4/KCNJ5/KCNE1/NEDD4L/ATP1B1/KCNQ1/SCN4B/DSP/ANK2/TTN	28
GO:0097696	receptor signaling pathway via STAT	39/2449	124/12472	0.00113921189630807	0.00855767028979805	0.00574861779225065	PTPN2/IL15/SOCS1/IL15RA/JAK3/SOCS2/SOCS3/CSF2/GADD45A/CD40/STAT4/IL10/IL7R/CAMK2A/IL31RA/LYN/OSM/PARP14/CCL5/TNF/CLCF1/MIR146A/IL12B/HAMP/PARP9/IFNG/EPHB2/CSF2RB/CSF1R/HES1/CCL2/CCR2/IL22RA2/IL18/GBP7/PPARG/IL23A/LIF/LEP	39
GO:0006898	receptor-mediated endocytosis	57/2449	198/12472	0.00115888785600949	0.00869328201230645	0.0058397150108218	ACHE/CCL19/CTSL/ITGAV/CLU/FLOT1/PPT1/SLC9B2/VEGFA/RABGEF1/ADM/MICALL1/VAC14/APOC2/LDLR/ITGB2/FCER1G/DPP4/OPHN1/SCARF1/LILRB1/NEDD4/GREM1/HIP1/PLA2R1/ACKR3/APOC1/STAB1/STON2/CTTN/FNBP1L/HFE/ITGAM/VTN/CALCRL/APOE/WASF1/CD36/CD9/HSPG2/SNX9/LRP3/DNM1/ABCA2/CXCL8/ITGB3/HTR2B/ITGA4/ASGR1/RAMP1/MSR1/DNAJC6/SERPINE1/CEACAM1/DLL1/CLEC4M/SORL1	57
GO:0031098	stress-activated protein kinase signaling cascade	56/2449	194/12472	0.00118843916818151	0.00890248976892333	0.00598025038917101	CCR7/CCL19/RIPK2/MAP3K4/GADD45B/MAP3K5/STK26/GADD45G/MAP3K20/PHLPP1/PTGER4/SLAMF1/RASGRP1/MAPKAPK2/ZC3H12A/GADD45A/CARD9/DNAJA1/VEGFA/EPHB1/HACD3/NFKB1/LYN/TRIB1/MAPK11/WNT5A/RELL1/MAP3K13/MAP2K3/MAPK8IP2/TNF/SCIMP/LGALS9/PLCB1/DUSP1/SPHK1/SH2D3A/SERPINF2/SASH1/SEMA4C/HIPK2/PYCARD/DUSP16/EIF2AK2/SEMA3A/HGF/TREM2/ZFP36/DUSP19/TLR7/EDA2R/CDC42EP5/BIRC7/TRPV4/LEP/IL1A	56
GO:0002691	regulation of cellular extravasation	13/2449	28/12472	0.00119920767348055	0.0089331798319358	0.0060008664489518	IL27RA/ICAM1/PTGER4/CHST2/ST3GAL4/MDK/MIR146A/PLCB1/ADAM8/FUT7/RIPOR2/CCR2/ITGA4	13
GO:0009119	ribonucleoside metabolic process	13/2449	28/12472	0.00119920767348055	0.0089331798319358	0.0060008664489518	ENPP4/ADK/MTAP/PGM2/ACP3/UPP1/PNP/ADA/APRT/APOBEC3F/ADA2/APOBEC3G/CDA	13
GO:0050869	negative regulation of B cell activation	13/2449	28/12472	0.00119920767348055	0.0089331798319358	0.0060008664489518	BCL6/TNFAIP3/CASP3/IL10/LYN/INPP5D/SAMSN1/ID2/MNDA/INHBA/BANK1/CR1/TNFRSF13B	13
GO:1901658	glycosyl compound catabolic process	13/2449	28/12472	0.00119920767348055	0.0089331798319358	0.0060008664489518	ENPP4/GUSB/ABHD10/FUCA1/UPP1/NUDT1/PNP/ADA/APOBEC3F/ADA2/UPB1/APOBEC3G/CDA	13
GO:0007586	digestion	22/2449	59/12472	0.0012069590741143	0.00896598169342051	0.00602290111004114	UGCG/CRACD/SNX10/NPC1/LDLR/CHRM3/MDK/DCANP1/TIFAB/HAMP/SCARB1/SLC46A1/TJP2/CD36/SLC22A5/HRH2/LIPA/SGK1/KCNN4/KCNQ1/CHIT1/LEP	22
GO:0071277	cellular response to calcium ion	22/2449	59/12472	0.0012069590741143	0.00896598169342051	0.00602290111004114	CLIC4/EEF2K/PPIF/WNT5A/RASA4/CPNE9/RASA4B/RYR1/KCNQ3/EDN1/TRPM2/RASAL1/LGMN/CPNE4/ALOX15/ALOX5AP/SYT1/ITPKA/CPNE5/NFATC2/CRHBP/SYT6	22
GO:0007420	brain development	120/2449	474/12472	0.00121833305638274	0.00903793885039605	0.0060712383535737	HIF1A/SSTR2/SLC1A2/TWSG1/RAPGEF2/BASP1/CASP5/EZH2/CKB/PPT1/ABAT/NRP2/CASP3/PRKDC/CDK5/PALS1/TGFBR2/CALM2/BRCA2/EPHB1/CNP/DDIT4/IFT172/FZD6/PGAP1/CDK6/SELENOP/OPHN1/WNT5A/SRD5A1/GAS8/MDK/PBX4/AMIGO2/TP53/SMARCA1/LRP8/ANXA3/ID2/SERPINE2/AKT3/PBX3/UNC5C/CDH1/BCL2/NOTCH3/FAIM2/PHACTR1/AIM2/FZD4/PLCB1/SPHK1/ALK/TUBB2B/TUBB2A/PLXNA1/LAMB1/CSNK1E/PRDM8/MDGA1/TYRO3/SEMA4C/SSTR3/DLG5/GLI3/FGF13/RTN1/LOC102724560/TTLL1/CBS/NRCAM/FUT10/ATP1B2/SEMA3A/EXT1/ITGAM/ATIC/PHGDH/RTN4R/MFSD2A/EPHB2/KCNE1/CSF1R/HSPG2/HES1/ARNT2/DLC1/DPCD/ROBO1/AK8/POU6F1/ZNF365/FEZ1/SEMA6B/SYNGR3/DIXDC1/INHBA/SYNE2/DRAXIN/CX3CR1/SYPL2/NANOS1/LHX2/PLXNA4/KIF14/GATA2/EPHB3/CELSR2/MEIS3/SLC7A11/GLI1/ZEB1/DCLK2/CCDC85C/DLL1/APOD/PCDH9/MAOB/PITX1/NR4A2	120
GO:0009306	protein secretion	71/2449	258/12472	0.00123233828423456	0.00911657990381261	0.00612406550670797	RAB12/HIF1A/ACHE/TMEM132A/CD38/SLC9B2/ABAT/RAB13/PIM3/TANGO6/MYH10/CD200/CYP51A1/PFKFB2/HMGCR/COPG2/CHRM3/ADTRP/MIDN/HLA-DRB1/PCK2/TM7SF3/F2RL2/NDUFAF2/PLEK/TVP23A/ADORA2A/KLF7/SLC16A1/ACSL4/HADH/CCL5/TNF/MIR146A/TLR2/PLCB1/FFAR2/IL12B/RHBDF1/IL1RN/BMP6/ADAM8/NR1D1/RSAD2/APBB1/FRMD4A/TRPM4/TREM2/HCAR2/APOE/IFNG/IRS1/SLC4A8/PDE8B/ACVR1C/CTAGE9/UCP2/EDNRB/PRF1/KCNN4/STX1A/FFAR1/PPARG/CAVIN1/OLFM2/LRP5/LEP/SUCNR1/PTPRN2/IL1A/TTN	71
GO:0035592	establishment of protein localization to extracellular region	71/2449	258/12472	0.00123233828423456	0.00911657990381261	0.00612406550670797	RAB12/HIF1A/ACHE/TMEM132A/CD38/SLC9B2/ABAT/RAB13/PIM3/TANGO6/MYH10/CD200/CYP51A1/PFKFB2/HMGCR/COPG2/CHRM3/ADTRP/MIDN/HLA-DRB1/PCK2/TM7SF3/F2RL2/NDUFAF2/PLEK/TVP23A/ADORA2A/KLF7/SLC16A1/ACSL4/HADH/CCL5/TNF/MIR146A/TLR2/PLCB1/FFAR2/IL12B/RHBDF1/IL1RN/BMP6/ADAM8/NR1D1/RSAD2/APBB1/FRMD4A/TRPM4/TREM2/HCAR2/APOE/IFNG/IRS1/SLC4A8/PDE8B/ACVR1C/CTAGE9/UCP2/EDNRB/PRF1/KCNN4/STX1A/FFAR1/PPARG/CAVIN1/OLFM2/LRP5/LEP/SUCNR1/PTPRN2/IL1A/TTN	71
GO:0001558	regulation of cell growth	83/2449	310/12472	0.00123430814106152	0.00911855779796623	0.00612539415774706	ULK2/BTG1/BCL6/DCUN1D3/SOCS2/CD38/SEMA4B/PPT1/SEMA3C/LPAR3/BMP10/DNPH1/MAD2L2/SEMA4D/CDK5/VEGFA/OSGIN2/SMURF1/ADAM15/MMP14/ACVR1B/PHB1/FBP1/CISH/CDKN2D/WNT5A/CPNE9/NTN1/ST20/HPN/SESN2/TP53/PRR5/MAP3K13/SERPINE2/PML/CYP27B1/DDR1/UNC13A/CDH1/EDN1/FXN/BCL2/GREM1/CDKN2A/SPHK1/LIMK1/PSRC1/SEMA4C/TMEM97/CTTN/JADE3/FGF13/RASAL1/NRCAM/CDA/SEMA3A/RTN4R/APOE/MFSD2A/S100A9/SEMA3B/NEDD4L/HBEGF/ACVRL1/CLSTN3/SGK1/IGFBP7/SEMA6B/PTCH2/SEMA6A/INHBA/DRAXIN/SYT1/OLFM1/NANOS1/DCSTAMP/IGFBP3/PLXNA4/KIF14/IGFBP4/CPNE5/CEACAM1	83
GO:0007264	small GTPase mediated signal transduction	109/2449	425/12472	0.00124991627353111	0.00918371502167863	0.00616916354390502	VAV2/RAB12/RAP2C/RAPGEF2/TIAM2/BCL6/ITGAV/PLD1/FLOT1/SIAH2/RRAGC/KANK1/RASGRP1/RIN2/CYTH2/RALGDS/CDC42EP2/RABGEF1/CDK2/CDC42EP4/HACD3/RDX/RASA2/FBP1/ARHGAP23/OPHN1/ARHGAP18/RASA4/TGM2/NTN1/ABL2/RASA4B/RHOH/RHOF/TP53/RHEBL1/PDPN/F2RL2/CGNL1/RHOU/DOCK4/PREX2/ARHGDIB/FRMD7/FGD4/ARHGAP22/CDKN2A/RND1/HEG1/LIMK1/SH2D3A/RAP2B/RGL1/ARFGEF3/PRAG1/SPATA13/DOK2/RAB33A/STARD13/RRAD/RASAL1/CDC42EP3/FAM13A/RHOBTB2/AIF1/RIPOR2/LPAR6/RTN4R/APOE/RHOV/WASF1/EPHB2/CHN1/ARHGAP11A/ARHGEF5/CHN2/DLC1/RHOBTB1/LAT/RHOC/ROBO1/LIPA/NCKAP1/RASGRF1/PLEKHG1/RAP1GAP/DEF6/RTKN/ITGA3/DOCK3/RASL10A/RAB15/GARNL3/DOCK9/KIF14/CDC42EP5/IQGAP3/RASGRF2/NGFR/MCF2/RAB39B/RGL4/ARHGAP20/MET/RAPGEF5/EPS8L1/CSF1/MCF2L/LPAR4	109
GO:0042446	hormone biosynthetic process	16/2449	38/12472	0.00124998660395887	0.00918371502167863	0.00616916354390502	HIF1A/SRD5A3/NR3C1/ADM/NFKB1/SRD5A1/AKR1B1/CYP27B1/DUOX2/TG/BMP6/HFE/PDE8B/FFAR3/DHRS11/DKK3	16
GO:0046850	regulation of bone remodeling	16/2449	38/12472	0.00124998660395887	0.00918371502167863	0.00616916354390502	GPR137B/CD38/TNFAIP3/PPARGC1B/INPP5D/MDK/GREM1/TNFRSF11B/ADAM8/HAMP/CSF1R/TMEM119/SIGLEC15/DCSTAMP/ITGB3/LEP	16
GO:1904645	response to amyloid-beta	16/2449	38/12472	0.00124998660395887	0.00918371502167863	0.00616916354390502	CASP4/ICAM1/CDK5/FPR2/BACE1/TNF/MMP12/MIR146A/CACNA1A/TREM2/EPHB2/CD36/LGMN/ITGA4/NGFR/MMP2	16
GO:0048562	embryonic organ morphogenesis	46/2449	153/12472	0.00126543627787958	0.00928448863605893	0.00623685825204383	HIF1A/SLC39A1/INSIG2/RUNX2/DNAAF1/HLX/OVOL2/PDGFRA/TGFBR2/IFT172/FZD6/FOXF1/SUFU/MMP14/MTHFD1/CCDC103/WNT5A/NTN1/HPN/ID2/INSIG1/BBS5/MICAL2/TSHZ1/EDN1/DCANP1/PCGF2/IFT57/TIFAB/GLI3/VANGL2/HIPK2/KCNQ4/SHOX2/EPHB2/EPHA2/HES1/KCNQ1/HOXA1/CTHRC1/CDH23/GATA2/GLI1/ZEB1/DLL1/FBN1	46
GO:2001237	negative regulation of extrinsic apoptotic signaling pathway	26/2449	74/12472	0.00126892220281069	0.00928474444355504	0.0062370300908123	RFFL/RELA/MCL1/TMBIM1/ITGAV/ICAM1/CFLAR/SIAH2/CSF2/TNFAIP3/GCLM/NOL3/GCLC/ITPRIP/TNF/BCL2/FAIM2/CTTN/HGF/FAIM/IL7/ITGA6/SERPINE1/IL19/THBS1/IL1A	26
GO:0002820	negative regulation of adaptive immune response	20/2449	52/12472	0.00127530822575236	0.00928474444355504	0.0062370300908123	CD80/IL27RA/BCL6/JAK3/SLAMF1/ZC3H12A/IL7R/SAMSN1/LILRB1/SPN/LOXL3/ASCL2/HFE/ALOX15/CR1/TNFSF4/TBX21/CEACAM1/KLRC1/CR2	20
GO:2000107	negative regulation of leukocyte apoptotic process	20/2449	52/12472	0.00127530822575236	0.00928474444355504	0.0062370300908123	HIF1A/IDO1/CCR7/CCL19/BCL6/JAK3/IL7R/CD74/SLC39A10/IRF7/GPAM/LILRB1/ADA/CCL5/PTCRA/BCL2/HSH2D/CCR5/ARG2/PDCD1	20
GO:0001990	regulation of systemic arterial blood pressure by hormone	9/2449	16/12472	0.00127587227603744	0.00928474444355504	0.0062370300908123	NDST2/ATP6AP2/ECE1/ACE/RPS6KA2/EDN1/SERPINF2/EDNRB/SUCNR1	9
GO:0023035	CD40 signaling pathway	9/2449	16/12472	0.00127587227603744	0.00928474444355504	0.0062370300908123	ITGA5/SLAMF1/TRAF3IP2/TNFAIP3/CD40/PHB1/TNIP2/CD86/TREM2	9
GO:2000193	positive regulation of fatty acid transport	9/2449	16/12472	0.00127587227603744	0.00928474444355504	0.0062370300908123	PTGES/P2RX4/ERFE/ACSL1/FABP3/ACSL5/EDN1/PLA2R1/IL1A	9
GO:0051091	positive regulation of DNA-binding transcription factor activity	58/2449	203/12472	0.00128460301203163	0.00931050322733851	0.00625433356217189	RELA/RIPK2/CARD16/TRIM25/CARD14/CFLAR/PSMA6/CLU/FLOT1/CRTC2/CARD9/ARID5B/PPARGC1B/CD200/CD40/IL10/RAB7B/CAMK2A/CAMK1D/WNT5A/CLEC7A/PRKCH/MAP3K13/LRP8/RHEBL1/ANXA3/TRAF1/IRAK2/TNF/FLOT2/EDN1/TRAF5/IL1RAP/LGALS9/AIM2/TLR2/FZD4/SPHK1/ALK/ADAM8/HIPK2/PYCARD/EIF2AK2/RIGI/CD36/S100A9/ARHGEF5/DDR2/EDA2R/CX3CR1/IL18/PPARG/NFAM1/IL18RAP/CARD11/NLRP3/S100A12/IL18R1	58
GO:0002719	negative regulation of cytokine production involved in immune response	12/2449	25/12472	0.00128636527039404	0.00931050322733851	0.00625433356217189	BCL6/JAK3/SLAMF1/RABGEF1/IL10/ACP5/PRG2/LILRB1/TNF/HFE/TBX21/CD96	12
GO:0140448	signaling receptor ligand precursor processing	12/2449	25/12472	0.00128636527039404	0.00931050322733851	0.00625433356217189	ATP6AP2/ECE1/CTSL/CASP1/ACE/DPP4/ERO1B/BACE1/SCG5/MME/PCSK4/PCSK6	12
GO:1904994	regulation of leukocyte adhesion to vascular endothelial cell	12/2449	25/12472	0.00128636527039404	0.00931050322733851	0.00625433356217189	RELA/CHST2/ITGB2/ST3GAL4/MDK/NFAT5/TNF/MIR146A/FUT7/ETS1/CCR2/ITGA4	12
GO:0034113	heterotypic cell-cell adhesion	18/2449	45/12472	0.00129866783730238	0.00938455179984593	0.0063040757147662	ITGA5/ITGAV/FLOT1/CD200/IL10/NINJ1/ITGB2/CD44/CD1D/TNF/PERP/LILRB2/IL1RN/NRCAM/CD200R1/ITGB3/ITGA4/DSP	18
GO:0007416	synapse assembly	33/2449	101/12472	0.0013001003426971	0.00938455179984593	0.0063040757147662	ACHE/SEMA4D/CDK5/EEF2K/EPHB1/FLRT2/WNT5A/NTN1/AGRN/PLXNB1/AMIGO2/CDH1/IL1RAP/TLR2/ABI3/MDGA1/DLG5/FGF13/NRCAM/ADGRB1/NRXN2/EPHB2/LRRN3/CLSTN3/NTNG2/LRFN4/HAPLN4/FARP1/PTPN13/SDK1/EPHB3/LRP4/SLITRK4	33
GO:1901224	positive regulation of non-canonical NF-kappaB signal transduction	23/2449	63/12472	0.00131700562968106	0.00949378486214236	0.0063774530597859	RELA/CCL19/PHB1/CD86/NFAT5/TNF/EDN1/GREM1/LGALS9/TLR2/SPHK1/ADISSP/IL12B/SASH1/PTP4A3/PYCARD/EIF2AK2/TREM2/TLR7/IL18/IL23A/NLRP3/IL18R1	23
GO:0071692	protein localization to extracellular region	72/2449	263/12472	0.00133183929226611	0.00958781081905551	0.00644061502683301	RAB12/HIF1A/ACHE/TMEM132A/CD38/SLC9B2/ABAT/RAB13/PIM3/TANGO6/MYH10/CD200/CYP51A1/PFKFB2/HMGCR/COPG2/CHRM3/ADTRP/MIDN/HLA-DRB1/PCK2/TM7SF3/F2RL2/NDUFAF2/PLEK/TVP23A/ADORA2A/KLF7/SLC16A1/ACSL4/HADH/CCL5/TNF/MIR146A/TLR2/PLCB1/FFAR2/IL12B/RHBDF1/IL1RN/BMP6/ADAM8/NR1D1/RSAD2/APBB1/FRMD4A/TRPM4/TREM2/HCAR2/APOE/IFNG/IRS1/SLC4A8/PDE8B/ACVR1C/CTAGE9/UCP2/EDNRB/PRF1/KCNN4/STX1A/FFAR1/PPARG/CAVIN1/OLFM2/LRP5/LEP/FBN1/SUCNR1/PTPRN2/IL1A/TTN	72
GO:0006814	sodium ion transport	40/2449	129/12472	0.001343050708037	0.00962460508722072	0.00646533158840463	SCN1B/SLC5A3/SLC8A3/SLC9B2/SLC9A8/P2RX4/SLC41A1/SLC22A4/MLLT6/SLC9A7/SLC24A3/GPD1L/SERPINE2/CNKSR3/SLC4A5/EDN1/NEDD4/TRPM2/SLC38A5/TPCN1/FGF13/DMD/SLC6A7/ATP1B2/TRPM4/PKD2L1/FGF11/SLC4A8/NEDD4L/SLC22A5/ANK3/SPTBN4/SCN8A/ATP1B1/EDNRB/SGK1/KCNQ1/HECW2/SCN4B/ATP1A4	40
GO:0002043	blood vessel endothelial cell proliferation involved in sprouting angiogenesis	11/2449	22/12472	0.001343542768477	0.00962460508722072	0.00646533158840463	VEGFA/DLL4/JCAD/MIR146A/IL12B/EPHA2/ACVRL1/PPP1R16B/GATA2/NGFR/THBS1	11
GO:1900745	positive regulation of p38MAPK cascade	11/2449	22/12472	0.001343542768477	0.00962460508722072	0.00646533158840463	MAP3K4/GADD45B/MAP3K5/GADD45G/ZC3H12A/GADD45A/VEGFA/RELL1/SPHK1/SASH1/LEP	11
GO:0007187	G protein-coupled receptor signaling pathway, coupled to cyclic nucleotide second messenger	10/2449	19/12472	0.00134952920472419	0.00962460508722072	0.00646533158840463	SSTR2/PTGIR/LPAR3/CHRM3/HRH1/SSTR3/CALCRL/HRH2/CCL2/HTR2B	10
GO:0032695	negative regulation of interleukin-12 production	10/2449	19/12472	0.00134952920472419	0.00962460508722072	0.00646533158840463	CCR7/JAK3/SLAMF1/IL10/MEFV/ACP5/NFKB1/LILRA5/LILRB1/THBS1	10
GO:0060603	mammary gland duct morphogenesis	10/2449	19/12472	0.00134952920472419	0.00962460508722072	0.00646533158840463	NR3C1/WNT5A/NTN1/PML/DDR1/CSF1R/EPHA2/LRP5/AREG/CSF1	10
GO:1902547	regulation of cellular response to vascular endothelial growth factor stimulus	10/2449	19/12472	0.00134952920472419	0.00962460508722072	0.00646533158840463	VEGFA/ADGRA2/MYO1C/JCAD/IL12B/PTP4A3/ROBO1/SEMA6A/EMILIN1/DLL1	10
GO:0002440	production of molecular mediator of immune response	60/2449	212/12472	0.00137737143033657	0.00981010821925884	0.00658994337750614	SLC7A5/IL27RA/RIPK2/NBN/BATF/BCL6/JAK3/PANX1/SLAMF1/MAPKAPK2/CARD9/MAD2L2/GPI/TRAF3IP2/PRKDC/CD40/RABGEF1/NR4A3/TNFRSF1B/IL10/CD74/CGAS/PHB1/ACP5/PRG2/CD86/WNT5A/CLEC7A/NFKBIZ/LILRB1/TNF/SCIMP/CLCF1/FFAR2/RSAD2/PYCARD/CD226/TREM1/RIGI/HFE/TRPM4/GPRC5B/CD55/EPHB2/CD36/GAPT/TLR7/FFAR3/CCR6/CCR2/IL18/CR1/TNFSF4/TBX21/POLQ/IGKV3D-15/NLRP3/IL18R1/IGKV1-12/CD96	60
GO:0019318	hexose metabolic process	55/2449	191/12472	0.00139006045160999	0.00988312660725764	0.00663899350332271	PTPN2/DDB1/B4GALT1/EPM2AIP1/DYRK2/MAN2A2/CRTC2/NR3C1/GPI/TKFC/SLC39A14/PFKFB2/PGM2/FUCA1/ERFE/FUOM/NLN/SORD/FBP1/CHST15/PMAIP1/G6PC3/DCXR/MIDN/SESN2/PCK2/PFKFB3/TP53/HK2/AKR1B1/TNF/NNMT/GDPGP1/SDHAF3/GALM/FUT7/PDK2/C1QTNF1/FUT10/GPT2/IRS1/ATF3/LIPA/KCNQ1/SORBS1/ACACB/GCKR/HK3/KHK/IGFBP3/SDS/IGFBP4/LRP5/APOD/LEP	55
GO:0002275	myeloid cell activation involved in immune response	28/2449	82/12472	0.00139131393985666	0.00988312660725764	0.00663899350332271	SLAMF1/RASGRP1/RABGEF1/NR4A3/FOXF1/ITGB2/FCER1G/LYN/FES/SBNO2/VAMP8/ANXA3/STXBP1/TNF/CD84/LGALS9/PYCARD/ITGAM/TREM2/IFNG/PRAM1/CCL3/ADORA2B/LAT/CCR2/CX3CR1/GATA2/SUCNR1	28
GO:0048661	positive regulation of smooth muscle cell proliferation	24/2449	67/12472	0.00141687759440563	0.0100379805739843	0.00674301670568735	MAP3K5/NR4A3/IL10/PHB1/ID2/CCL5/TNF/EDN1/NOTCH3/MIR146A/SERPINF2/AIF1/CALCRL/DDR2/HBEGF/ITGA2/P2RY6/EREG/IL18/ITGB3/PDGFRB/THBS1/MMP2/SMPD3	24
GO:0090288	negative regulation of cellular response to growth factor stimulus	24/2449	67/12472	0.00141687759440563	0.0100379805739843	0.00674301670568735	TWSG1/CFLAR/CXCL13/PTPN1/ADGRA2/SMURF1/HHEX/WNT5A/BAMBI/TNFAIP6/SULF2/NEDD4/GREM1/IL12B/HIPK2/GPC1/SEMA6A/HTRA3/PPARG/NGFR/EMILIN1/SORL1/FBN1/THBS1	24
GO:0003002	regionalization	63/2449	225/12472	0.00142189368684617	0.0100379805739843	0.00674301670568735	HIF1A/ATP6AP2/BASP1/DNAAF1/TDRD7/NRP2/ETS2/SEMA3C/KIF3B/OVOL2/PRKDC/TGFBR2/PKD1L1/DLL4/IFT172/PGAP1/FOXF1/SUFU/HHEX/CCDC103/WNT5A/GAS8/TP53/BHLHE40/BBS5/PBX3/MICAL2/TSHZ1/EDN1/DCANP1/GREM1/PCGF2/IFT57/TIFAB/TDRKH/CTNNBIP1/GLI3/INTU/VANGL2/HIPK2/EPB41L5/EXT1/ITGAM/HES1/DPCD/ROBO1/ACVRL1/NKX3-1/SNAI1/C1QA/DZIP1L/LHX2/COBL/HES4/CELSR2/HEY1/GLI1/LRP5/LRP4/DLL1/GDF11/LAMA5/PCSK6	63
GO:0042886	amide transport	63/2449	225/12472	0.00142189368684617	0.0100379805739843	0.00674301670568735	HIF1A/SLC1A2/CD38/SLC9B2/ABAT/PIM3/AQP9/PFKFB2/CD74/CHRM3/MIDN/HLA-DRB1/PCK2/TM7SF3/ADORA1/F2RL2/NDUFAF2/STXBP1/ADORA2A/KLF7/SLC16A1/ACSL4/HADH/CCL5/TNF/TAP1/EDN1/PLCB1/FFAR2/SLC38A5/IL1RN/SLC27A1/NR1D1/FOLR2/SLC46A1/HFE/TRPM4/IFNG/IRS1/PDE8B/SLC16A10/ACVR1C/KCNJ10/SLC19A1/UCP2/FFAR3/FOLR3/ABCG2/STX1A/APBA1/ABCA2/FFAR1/EXOC3L1/FFAR4/SLC7A11/CA2/LRP5/TRPV4/LEP/CRHBP/CLEC4M/PTPRN2/SMPD3	63
GO:0030888	regulation of B cell proliferation	21/2449	56/12472	0.001422484551093	0.0100379805739843	0.00674301670568735	BCL6/CD38/CASP3/CD40/PELI1/IL10/CD74/SLC39A10/LYN/INPP5D/ADA/BCL2/CLCF1/GPR183/IL7/EPHB2/MNDA/IKZF3/TNFRSF13B/NFATC2/CARD11	21
GO:0051403	stress-activated MAPK cascade	54/2449	187/12472	0.00142547169755379	0.0100458242264449	0.00674828568177129	CCR7/CCL19/RIPK2/MAP3K4/GADD45B/MAP3K5/GADD45G/MAP3K20/PHLPP1/PTGER4/SLAMF1/RASGRP1/MAPKAPK2/ZC3H12A/GADD45A/CARD9/DNAJA1/VEGFA/EPHB1/HACD3/NFKB1/TRIB1/MAPK11/WNT5A/RELL1/MAP3K13/MAP2K3/MAPK8IP2/TNF/SCIMP/LGALS9/PLCB1/DUSP1/SPHK1/SH2D3A/SERPINF2/SASH1/SEMA4C/HIPK2/PYCARD/DUSP16/EIF2AK2/SEMA3A/HGF/TREM2/ZFP36/DUSP19/TLR7/EDA2R/CDC42EP5/BIRC7/TRPV4/LEP/IL1A	54
GO:0043087	regulation of GTPase activity	72/2449	264/12472	0.00148671250431273	0.010463642803021	0.00702895544607638	VAV2/CCL15/CCL14/CCR7/CCL23/TBC1D13/GPR137B/FGD6/RAPGEF2/TBC1D9/CCL19/TIAM2/CPEB2/CCL18/EZH2/TBC1D10A/RCC2/CXCL13/RASGRP1/SEMA4D/RALGDS/CD40/RDX/RGS10/TBC1D30/RASA4/TGM2/AGRN/PLXNB1/TBC1D7/TBC1D7-LOC100130357/TBC1D16/PREX2/CCL1/FGD4/CCL5/ARHGAP22/CCL4/PLXNA1/RGS1/RGL1/FERMT2/RIPOR2/CCL8/CCL17/RTN4R/CCL3/CCL4L1/MTSS2/CHN1/EPHA2/ARHGAP11A/ARHGEF5/RGS16/CHN2/CCL2/SNX9/ITGA6/RASGRF1/RAP1GAP/PLXNA4/GARNL3/DOCK9/EPHB3/RASGRF2/CCL13/RGL4/CCL22/MET/CCL3L1/CCL3L3/RAPGEF5	72
GO:0014032	neural crest cell development	19/2449	49/12472	0.0014938358394671	0.0104862185533234	0.0070441207136629	HIF1A/JAG1/SEMA4B/NRP2/SEMA3C/SEMA4D/OVOL2/EDN1/SEMA4C/SEMA3A/HES1/SEMA3B/KBTBD8/EDNRB/SEMA6B/SEMA6A/HTR2B/SOX8/LAMA5	19
GO:0050810	regulation of steroid biosynthetic process	19/2449	49/12472	0.0014938358394671	0.0104862185533234	0.0070441207136629	INSIG2/STARD4/NR3C1/ADM/NFKB1/CYP27B1/INSIG1/TNF/BMP6/NR1D1/APOE/IFNG/PDE8B/IGFBP7/SNAI1/DKK3/SEC14L2/LEP/IL1A	19
GO:0001656	metanephros development	17/2449	42/12472	0.00150491462791704	0.0104911439272161	0.0070474293351725	BASP1/PDGFRA/PDGFA/AKR1B1/FMN1/BCL2/GREM1/DLG5/GLI3/HES1/NKX3-1/PDGFRB/LIF/SOX8/FBN1/GDF11/LGR4	17
GO:0050691	regulation of defense response to virus by host	17/2449	42/12472	0.00150491462791704	0.0104911439272161	0.0070474293351725	IL15/ZC3H12A/TRAF3IP2/TNFAIP3/CGAS/LILRB1/DTX3L/MMP12/APOBEC3F/AIM2/IL12B/PYCARD/PARP9/APOBEC3G/RIGI/IL27/IL23A	17
GO:0061035	regulation of cartilage development	17/2449	42/12472	0.00150491462791704	0.0104911439272161	0.0070474293351725	RUNX2/BMP10/MBOAT2/WNT5A/MDK/ZNF219/CTSK/GREM1/BMP6/GLI3/SHOX2/SOX5/ACVRL1/MAF/LEP/SCIN/SMPD3	17
GO:0016525	negative regulation of angiogenesis	25/2449	71/12472	0.00150629008215631	0.0104911439272161	0.0070474293351725	AGO1/GTF2I/GADD45A/HHEX/VASH1/PML/TNF/MIR146A/STAB1/ADGRB1/EPHA2/HSPG2/SERPINF1/SPARC/CCR2/SEMA6A/ECSCR/PPARG/EFNA3/FASLG/EMILIN1/SERPINE1/THBS1/CXCL10/MIR34A	25
GO:1901343	negative regulation of vasculature development	25/2449	71/12472	0.00150629008215631	0.0104911439272161	0.0070474293351725	AGO1/GTF2I/GADD45A/HHEX/VASH1/PML/TNF/MIR146A/STAB1/ADGRB1/EPHA2/HSPG2/SERPINF1/SPARC/CCR2/SEMA6A/ECSCR/PPARG/EFNA3/FASLG/EMILIN1/SERPINE1/THBS1/CXCL10/MIR34A	25
GO:2000181	negative regulation of blood vessel morphogenesis	25/2449	71/12472	0.00150629008215631	0.0104911439272161	0.0070474293351725	AGO1/GTF2I/GADD45A/HHEX/VASH1/PML/TNF/MIR146A/STAB1/ADGRB1/EPHA2/HSPG2/SERPINF1/SPARC/CCR2/SEMA6A/ECSCR/PPARG/EFNA3/FASLG/EMILIN1/SERPINE1/THBS1/CXCL10/MIR34A	25
GO:0006937	regulation of muscle contraction	32/2449	98/12472	0.00154449094787167	0.0107432383335073	0.00721677383434772	KCNJ2/SLC8A3/ABAT/BMP10/ZC3H12A/P2RX4/CALM2/CHRM3/PDE4B/ADORA1/TNNT2/ADA/DOCK4/EDN1/SPHK1/PDE4D/CTTN/FGF13/DMD/GSTM2/MYBPH/CASQ1/TRPM4/ADORA2B/ATP1B1/KCNQ1/ITGA2/PROK2/DSP/TRPV4/NR4A1/ANK2	32
GO:0060541	respiratory system development	42/2449	138/12472	0.0015504492748041	0.0107706956107014	0.00723521826920665	BASP1/DNAAF1/CEBPA/ELK1/ACE/MSC/ERRFI1/PDGFRA/VEGFA/TGFBR2/FOSL2/FOXF1/MMP14/ASS1/WNT5A/TAB1/HS6ST1/PDGFA/THRA/PDPN/ADA/TNF/MMP12/LTA4H/HEG1/LOXL3/GNG8/DLG5/GLI3/HIPK2/THRB/EXT1/HES1/LIPA/CRISPLD2/ITGA3/MME/LIF/SLC7A11/GLI1/LAMA5/SMPD3	42
GO:0072009	nephron epithelium development	22/2449	60/12472	0.00155755650207299	0.0108060526231903	0.00725896935381168	BASP1/JAG1/VEGFA/HS3ST3B1/FMN1/BCL2/GREM1/PECAM1/CTNNBIP1/MTSS1/PTPRO/GLI3/EXT1/DCHS1/HES1/EDNRB/HS3ST3A1/LIF/SOX8/DLL1/LAMA5/LGR4	22
GO:0045216	cell-cell junction organization	41/2449	134/12472	0.0015660214332531	0.0108507254805998	0.00728897836026297	ACE/RAB13/TLN2/HDAC7/VEGFA/GJB2/RDX/PRKCH/MYO1C/CDH1/TNF/PLEKHA7/PERP/HEG1/PECAM1/FSCN1/KIFC3/MTSS1/BMP6/AFDN/PTPRO/DLG5/FERMT2/VCL/EXT1/TJP2/AJM1/EPHB2/CD9/CSF1R/EPHA2/ZNF703/RHOC/SNAI1/NPHP1/TJP1/DSP/CLDN7/TRPV4/ESAM/ANK2	41
GO:0001936	regulation of endothelial cell proliferation	34/2449	106/12472	0.00158175838393119	0.0109313068202083	0.00734310890127591	HIF1A/NRP2/ATP5F1A/VEGFA/IL10/DLL4/WNT5A/VASH1/MDK/JCAD/AKT3/TNF/MIR146A/IL12B/BMP6/MIR22/LRG1/APOE/ATOH8/HSPG2/CCL2/ACVRL1/PPP1R16B/SPARC/PPARG/ITGB3/HTR2B/ITGA4/GATA2/NGFR/LEP/NR4A1/THBS1/MIR34A	34
GO:0009566	fertilization	34/2449	106/12472	0.00158175838393119	0.0109313068202083	0.00734310890127591	B4GALT1/CLIC4/NECTIN2/ABHD2/CECR2/PLAT/SPACA6/SPAG1/ZP3/REC8/RIMBP3B/STXBP1/RIMBP3/PLCB1/PLB1/CLGN/TDRKH/FOLR2/RIMBP3C/FUT10/SPAG8/NECTIN3/ASTL/CD9/FOLR3/TRIM36/IRAG2/SPTBN4/ATP1A4/CCDC136/CDK1/SYT6/TDRD9/PCSK4	34
GO:0032273	positive regulation of protein polymerization	26/2449	75/12472	0.00158525114820117	0.0109313068202083	0.00734310890127591	CRACD/CCR7/PFN2/CLIP1/BAIAP2/NCK2/TOGARAM1/HCK/CDC42EP2/CDC42EP4/PDE4DIP/PAK1/BAIAP2L1/FES/FMN1/EVL/PSRC1/CTTN/PYCARD/CDC42EP3/SNX9/NAV3/NCKAP1/ALOX15/CDC42EP5/MET	26
GO:0032970	regulation of actin filament-based process	79/2449	295/12472	0.00158581504841334	0.0109313068202083	0.00734310890127591	DNAI3/CRACD/CCR7/SYNPO2/PFN2/KCNJ2/BAIAP2/PTGER4/KANK1/NCK2/BMP10/HCK/PDGFRA/PLEKHG2/CDC42EP2/CYRIA/CDC42EP4/SDC4/GSN/RDX/ACTA2/PAK1/BAIAP2L1/ARHGAP18/PDE4B/COTL1/ABL2/PDGFA/ADORA1/TMOD1/PDXP/PDPN/CGNL1/PLEK/IQGAP2/AVIL/FRMD7/FMN1/ARPIN/EDN1/SORBS3/VILL/TRPM2/LIMK1/EVL/FSCN1/MTSS1/SERPINF2/PDE4D/CTTN/FGF13/PYCARD/FERMT2/CDC42EP3/SYNPO/TRPM4/WASF1/CSF1R/ARHGEF5/SIGLEC15/DLC1/RHOC/SNX9/SPTBN4/NEDD9/NCKAP1/DIXDC1/ALOX15/ITGB3/PDGFRB/CDC42EP5/TJP1/DSP/ESAM/MET/ANK2/SCIN/WASF3/IL1A	79
GO:0071902	positive regulation of protein serine/threonine kinase activity	35/2449	110/12472	0.00159214986442403	0.0109530449677461	0.00735771150893367	RAPGEF2/CCL19/MAP3K4/EZH2/MAP3K5/RASGRP1/PTPN1/CD40/VEGFA/CALM2/PAK1/WNT5A/TAB1/DIPK2A/PDGFA/CAMK1/MAP3K13/MAPRE3/TNF/EDN1/PDGFC/PSRC1/ADAM8/SASH1/FERMT2/IFNG/ARHGEF5/DUSP19/ROBO1/CEMIP/HTR2B/PDGFRB/CCND2/S100A12/THBS1	35
GO:0002821	positive regulation of adaptive immune response	37/2449	118/12472	0.00159867272025492	0.0109530449677461	0.00735771150893367	IL27RA/RIPK2/SLAMF1/CD274/CARD9/MAD2L2/NECTIN2/CD40/CD4/PVR/MICA/CLEC7A/NFKBIZ/ZP3/HLA-DRB1/CD1D/HLA-DRA/ADA/TNF/CLCF1/CD1E/IL12B/RSAD2/PYCARD/CD226/HFE/TREM2/CD55/LTA/CCR2/SLC11A1/IL18/IL23A/TNFSF4/TBX21/NLRP3/IL18R1	37
GO:0050864	regulation of B cell activation	37/2449	118/12472	0.00159867272025492	0.0109530449677461	0.00735771150893367	IL27RA/BCL6/CD38/MAD2L2/TNFAIP3/CASP3/CD40/PELI1/IL10/ZFP36L2/CD74/MMP14/SLC39A10/TNIP2/LYN/INPP5D/SAMSN1/ID2/ADA/BCL2/CLCF1/GPR183/SLAMF8/IL7/EPHB2/CD19/MNDA/INHBA/BANK1/CR1/IKZF3/NFAM1/TNFSF4/TNFRSF13B/TBX21/NFATC2/CARD11	37
GO:0048872	homeostasis of number of cells	73/2449	269/12472	0.00159949528311484	0.0109530449677461	0.00735771150893367	PTPN2/HIF1A/CCR7/SLC11A2/BPGM/FOXO3/BCL6/EZH2/HEATR3/JAK3/CFLAR/SLC1A5/CARD9/GPI/TRAF3IP2/TNFAIP3/XKR8/CASP3/PRKDC/VEGFA/FOSL2/GCNT4/IL7R/CD74/ACVR1B/FSTL1/CDK6/MTHFD1/LYN/PMAIP1/PDE4B/INPP5D/DYRK3/NFKBIZ/GPAM/THRA/ID2/AKT3/FECH/ADA/IL2RA/BCL2/FAM210B/LGALS9/AIM2/CCNB2/CHST3/HAMP/HIPK2/CXCL6/EXT1/GPR183/HCAR2/IL7/ZFP36/ARHGEF5/GAPT/ETS1/LAT/LIPA/KCNQ1/CCR2/INHBA/CX3CR1/ISG15/SEPTIN4/TNFRSF13B/GATA2/SLC7A11/SLC40A1/CARD11/CSF1/LGR4	73
GO:0002706	regulation of lymphocyte mediated immunity	49/2449	167/12472	0.0015998866469757	0.0109530449677461	0.00735771150893367	CD80/IL27RA/BCL6/SLAMF1/RASGRP1/MAD2L2/NECTIN2/CD40/TNFRSF1B/IL10/IL7R/SERPINB9/PVR/MICA/ZP3/HLA-DRB1/CD1D/HLA-DRA/LILRB1/TNF/CLCF1/LGALS9/SPN/CD1E/IL12B/RSAD2/FUT7/CD226/LAG3/HFE/TRPM4/TREM2/CD55/LTA/NCR1/CCR2/IL18/CR1/IL23A/TNFSF4/IL18RAP/TBX21/CEACAM1/LEP/KLRC1/CR2/NLRP3/IL18R1/CD96	49
GO:0036336	dendritic cell migration	14/2449	32/12472	0.00160123865006446	0.0109530449677461	0.00735771150893367	CCR7/CCL19/SLAMF1/CCL5/LGALS9/TRPM2/TRPM4/EXT1/GPR183/SLAMF8/ARHGEF5/CCR5/CCR6/CCR2	14
GO:0001822	kidney development	54/2449	188/12472	0.00162541719827345	0.0111042532065722	0.00745928569239882	BASP1/JAG1/EZH2/CFLAR/ACE/BMP10/TRAF3IP2/ARID5B/PDGFRA/VEGFA/GCNT4/SDC4/ASS1/ACTA2/HS3ST3B1/WNT5A/PDGFA/AKR1B1/FMN1/SULF2/BCL2/GREM1/PRKX/NOTCH3/TIPARP/PECAM1/CAT/CTNNBIP1/MTSS1/BMP6/PTPRO/DLG5/GLI3/VANGL2/EXT1/DCHS1/HES1/EDNRB/SERPINF1/NKX3-1/HS3ST3A1/ITGA3/ITGB3/PDGFRB/MME/LIF/SOX8/LRP4/DLL1/ARG2/FBN1/GDF11/LAMA5/LGR4	54
GO:0007492	endoderm development	20/2449	53/12472	0.00167554836066964	0.0114312172785642	0.00767892391378725	LAMA3/ITGA5/ITGAV/DUSP5/ITGB2/MMP14/LAMB3/DUSP4/DUSP1/COL6A1/LAMB1/PELO/EPB41L5/DUSP2/EXT1/VTN/INHBA/ITGA4/ITGB5/MMP2	20
GO:0032732	positive regulation of interleukin-1 production	23/2449	64/12472	0.001679680358146	0.0114312172785642	0.00767892391378725	RELA/CCL19/RIPK2/CASP1/PANX1/MEFV/WNT5A/CLEC7A/LILRA5/TNF/TMEM106A/LGALS9/PANX2/AIM2/PYCARD/IFNG/CCL3/CD36/ORM2/ORM1/GBP5/NLRP2/NLRP3	23
GO:0051963	regulation of synapse assembly	23/2449	64/12472	0.001679680358146	0.0114312172785642	0.00767892391378725	SEMA4D/EEF2K/EPHB1/FLRT2/WNT5A/NTN1/AGRN/AMIGO2/IL1RAP/TLR2/ABI3/MDGA1/DLG5/ADGRB1/EPHB2/LRRN3/CLSTN3/NTNG2/LRFN4/FARP1/PTPN13/EPHB3/SLITRK4	23
GO:0044000	movement in host	46/2449	155/12472	0.00169735497049235	0.0115368441903008	0.00774987882599898	CD80/DDB1/CTSL/ITGA5/ITGAV/ICAM1/TRIM25/SLC1A5/SLAMF1/NECTIN2/NPC1/CIITA/GSN/CD4/LDLR/DYNLT1/CD74/PVR/PHB1/DPP4/CD86/HLA-DRB1/PLSCR1/VAMP8/LGALS9/TPCN1/IFITM1/TYRO3/SCARB1/FCN1/CD55/NECTIN3/EPHA2/CCR5/IFITM3/ITGA2/CH25H/CXCL8/CR1/ITGB3/PTX3/ITGB5/GPR15/CR2/CLEC4M/CDK1	46
GO:0046683	response to organophosphorus	28/2449	83/12472	0.00171285828644211	0.0116274638557464	0.00781075261564822	RELA/RAPGEF2/PANX1/AQP9/P2RX4/EEF2K/ASS1/FBP1/CRLS1/SRD5A1/CIB2/PDXP/DUOX2/FOSL1/P2RY11/TRPM4/BCKDHB/P2RY1/P2RX5/KCNE1/TLR7/KCNQ1/COL1A1/P2RY6/THBD/PDE2A/AREG/CRHBP	28
GO:0050829	defense response to Gram-negative bacterium	16/2449	39/12472	0.00173787471259317	0.011711979379664	0.00786752594624656	RNASE6/CD4/OPTN/NFKBIZ/LYZ/IL12B/PYCARD/ADGRB1/TREM1/CXCL6/TREM2/MPEG1/FCN2/SLC11A1/IL23A/SERPINE1	16
GO:0002829	negative regulation of type 2 immune response	7/2449	11/12472	0.00174581107370023	0.011711979379664	0.00786752594624656	IL27RA/BCL6/HLX/ASCL2/CCR2/TBX21/ARG2	7
GO:0006957	complement activation, alternative pathway	7/2449	11/12472	0.00174581107370023	0.011711979379664	0.00786752594624656	CFB/C5/CFD/CR1/CFH/VSIG4/CR2	7
GO:0007351	tripartite regional subdivision	7/2449	11/12472	0.00174581107370023	0.011711979379664	0.00786752594624656	BASP1/TDRD7/WNT5A/DCANP1/TIFAB/TDRKH/PCSK6	7
GO:0008595	anterior/posterior axis specification, embryo	7/2449	11/12472	0.00174581107370023	0.011711979379664	0.00786752594624656	BASP1/TDRD7/WNT5A/DCANP1/TIFAB/TDRKH/PCSK6	7
GO:0043379	memory T cell differentiation	7/2449	11/12472	0.00174581107370023	0.011711979379664	0.00786752594624656	BCL6/FGL2/HLA-DRB1/HLA-DRA/IL12B/IL23A/TNFSF4	7
GO:0051917	regulation of fibrinolysis	7/2449	11/12472	0.00174581107370023	0.011711979379664	0.00786752594624656	PLAT/PLAUR/SERPINF2/VTN/THBD/SERPINE1/THBS1	7
GO:0052646	alditol phosphate metabolic process	7/2449	11/12472	0.00174581107370023	0.011711979379664	0.00786752594624656	GPD2/GK5/GK/GPAM/GPD1L/GPAT2/GPAT3	7
GO:0097094	craniofacial suture morphogenesis	7/2449	11/12472	0.00174581107370023	0.011711979379664	0.00786752594624656	INSIG2/FOXN3/MMP14/INSIG1/DCANP1/TIFAB/GLI3	7
GO:0045669	positive regulation of osteoblast differentiation	18/2449	46/12472	0.00174717541530089	0.011711979379664	0.00786752594624656	DNAI3/RUNX2/JAG1/CEBPA/FAM20C/CTNNBIP1/BMP6/ZHX3/IFITM1/GLI3/FERMT2/HGF/TMEM119/DDR2/LRP3/CTHRC1/FFAR4/LRP5	18
GO:0045926	negative regulation of growth	51/2449	176/12472	0.00175264607458332	0.0117339654693354	0.0078822951091129	ULK2/HIF1A/PLAC8/BTG1/BCL6/DCUN1D3/SOCS2/SEMA4B/PPT1/SEMA3C/BMP10/SEMA4D/CDK5/OSGIN2/ADAM15/ACVR1B/PHB1/FBP1/CDKN2D/MAPK11/WNT5A/NTN1/ST20/SESN2/TP53/SERPINE2/PML/CYP27B1/CDH1/FXN/BCL2/GREM1/CDKN2A/PSRC1/MT1F/SEMA4C/FGF13/MT2A/CDA/SEMA3A/RTN4R/LGMN/SEMA3B/ACVRL1/SEMA6B/SEMA6A/INHBA/DRAXIN/DCSTAMP/MT1M/MT1E	51
GO:0005996	monosaccharide metabolic process	60/2449	214/12472	0.00175862547695278	0.0117402609137458	0.0078865240759371	PTPN2/DDB1/B4GALT1/EPM2AIP1/DSE/DYRK2/MAN2A2/CRTC2/NR3C1/GPI/TKFC/SLC39A14/PFKFB2/PGM2/FUCA1/ERFE/FUOM/NLN/SORD/FBP1/CHST15/PMAIP1/G6PC3/GCLC/DCXR/MIDN/XYLB/SESN2/PCK2/PFKFB3/TP53/HK2/GSTO2/AKR1B1/TNF/NNMT/GDPGP1/SDHAF3/GALM/FUT7/SLC2A3/PDK2/C1QTNF1/FUT10/GPT2/IRS1/ATF3/LIPA/KCNQ1/SORBS1/ACACB/GCKR/HK3/KHK/IGFBP3/SDS/IGFBP4/LRP5/APOD/LEP	60
GO:0051047	positive regulation of secretion	60/2449	214/12472	0.00175862547695278	0.0117402609137458	0.0078865240759371	HIF1A/ACHE/TMEM132A/PTGES/CD38/ABAT/MYH10/CDK5/P2RX4/PFKFB2/SDC4/ITGB2/CHRM3/RETN/ZP3/HLA-DRB1/PCK2/TM7SF3/VAMP8/ADORA1/F2RL2/STXBP1/ADORA2A/ACSL4/EDN1/TLR2/PLA2R1/PLCB1/FFAR2/BMP6/ADAM8/APBB1/C1QTNF1/FRMD4A/HFE/TRPM4/ITGAM/P2RY1/TREM2/HCAR2/IFNG/SLC4A8/ADORA2B/NKX3-1/KCNN4/STX1A/INHBA/SCAMP5/FFAR1/SYT1/PPARG/RAB15/GATA2/FFAR4/LEP/NMB/SCIN/SMPD3/IL1A/TTN	60
GO:0002709	regulation of T cell mediated immunity	29/2449	87/12472	0.00176235432685803	0.0117402609137458	0.0078865240759371	CD80/SLAMF1/NECTIN2/TNFRSF1B/IL7R/PVR/MICA/ZP3/HLA-DRB1/CD1D/HLA-DRA/LILRB1/SPN/CD1E/IL12B/RSAD2/FUT7/HFE/TRPM4/CD55/CCR2/IL18/IL23A/TNFSF4/TBX21/CEACAM1/KLRC1/NLRP3/IL18R1	29
GO:0010595	positive regulation of endothelial cell migration	29/2449	87/12472	0.00176235432685803	0.0117402609137458	0.0078865240759371	HIF1A/NRP2/ATP5F1A/ZC3H12A/RIN2/HDAC7/GPI/CD40/P2RX4/VEGFA/ADGRA2/WNT5A/ANXA3/MAP2K3/JCAD/AKT3/EDN1/MIR146A/SASH1/SCARB1/ATOH8/LGMN/ETS1/SPARC/ITGB3/GATA2/HDAC9/MET/THBS1	29
GO:0032892	positive regulation of organic acid transport	13/2449	29/12472	0.00178662332295689	0.0118724001461006	0.00797528864812152	SLC7A5/PTGES/ABAT/P2RX4/ERFE/ACSL1/FABP3/ACSL5/STXBP1/ADORA2A/EDN1/PLA2R1/IL1A	13
GO:0051180	vitamin transport	13/2449	29/12472	0.00178662332295689	0.0118724001461006	0.00797528864812152	SLC2A6/SLC27A1/SCARB1/SLC2A3/FOLR2/SLC46A1/SLC2A8/SLC47A1/SLC19A1/FOLR3/ABCG2/SLC2A14/TCN2	13
GO:0007229	integrin-mediated signaling pathway	30/2449	91/12472	0.00180301318424837	0.0119516567015275	0.00802852926493085	ITGA11/ITGA5/ITGAV/RCC2/HCK/ADAM15/ITGB2/DST/TSPAN32/PLEK/ITGA9/LOXL3/LAMB1/ITGB8/FERMT2/ITGAM/PRAM1/ADAM11/LAT/ITGA6/NEDD9/ITGA2/ISG15/ITGA3/ITGB3/ITGA4/ITGB5/ITGA1/CEACAM1/LAMA5	30
GO:0030879	mammary gland development	30/2449	91/12472	0.00180301318424837	0.0119516567015275	0.00802852926493085	HIF1A/SOCS2/GPAT4/NR3C1/VEGFA/TGFBR2/BRCA2/FOXF1/NFKB1/WNT5A/NTN1/TGFA/HK2/ID2/PML/DDR1/NME1/GLI3/FASN/SLC29A1/CSF1R/EPHA2/ZNF703/ROBO1/ITGA2/IRF6/IQGAP3/LRP5/AREG/CSF1	30
GO:0032868	response to insulin	59/2449	210/12472	0.00181322644376811	0.0120045004113992	0.00806402704417329	PTPN2/SOCS1/EPM2AIP1/RELA/INSIG2/CPEB2/SNX5/BAIAP2/CFLAR/SOCS3/KANK1/RAB13/PTPN1/PRKDC/SLC39A14/EEF2K/EPRS1/IL10/ADM/SESN3/ERFE/ZBED3/FBP1/LYN/GCLC/RETN/ZDHHC7/SRD5A1/MYO1C/SESN2/PCK2/SORT1/INSIG1/CTSK/HADH/TLR2/CAT/SLC27A1/GRB10/FUT7/PDK2/GPT2/SLC2A8/IRS1/ACVR1C/UCP2/FFAR3/KCNQ1/ALPL/SORBS1/COL1A1/KHK/PPARG/TRIB3/HDAC9/CEACAM1/TRPV4/LEP/SORL1	59
GO:0050766	positive regulation of phagocytosis	21/2449	57/12472	0.00184177831821394	0.0121784749041406	0.00818089446608869	IL15/IL15RA/FPR2/FCER1G/CAMK1D/CLEC7A/TNF/PYCARD/FCN1/TREM2/IFNG/CD36/FCN2/CCL2/ITGA2/SLC11A1/STAP1/C2/PTX3/GATA2/IL2RB	21
GO:0021953	central nervous system neuron differentiation	32/2449	99/12472	0.00186015548590015	0.0122848246393109	0.00825233493517645	ADARB1/SCN1B/RAPGEF2/NRP2/CDK5/PALS1/B4GALT5/EPHB1/DLL4/IFT172/SUFU/OPHN1/FAIM2/PLXNA1/PRDM8/MDGA1/GLI3/TTLL1/EPHB2/CSF1R/HES1/SPTBN4/INHBA/DRAXIN/PLXNA4/B4GALT6/GATA2/EPHB3/DCLK2/LEP/ISL2/NR4A2	32
GO:0030323	respiratory tube development	38/2449	123/12472	0.00188004805615441	0.0123825400269517	0.00831797527851122	DNAAF1/CEBPA/ELK1/ACE/ERRFI1/PDGFRA/VEGFA/TGFBR2/FOSL2/FOXF1/MMP14/WNT5A/TAB1/HS6ST1/PDGFA/THRA/PDPN/ADA/TNF/MMP12/LTA4H/HEG1/LOXL3/DLG5/GLI3/HIPK2/THRB/EXT1/HES1/LIPA/CRISPLD2/ITGA3/MME/LIF/SLC7A11/GLI1/LAMA5/SMPD3	38
GO:1903900	regulation of viral life cycle	38/2449	123/12472	0.00188004805615441	0.0123825400269517	0.00831797527851122	ADARB1/DDB1/LAMP3/N4BP1/TRIM25/NECTIN2/TNIP1/HACD3/CIITA/GSN/CD4/ISG20/CD74/IFIT5/HLA-DRB1/PLSCR1/ZNFX1/CCL5/TNF/BCL2/APOBEC3F/LGALS9/RSAD2/IFITM1/TYRO3/IFIH1/APOBEC3G/EIF2AK2/FCN1/OASL/IFITM3/MX1/CH25H/CXCL8/ISG15/GBP7/PTX3/IFIT1	38
GO:0015908	fatty acid transport	25/2449	72/12472	0.00188419905189799	0.0123825400269517	0.00831797527851122	PTGES/ACE/P2RX4/EPRS1/PNPLA8/ERFE/ACSL1/FABP3/ACSL5/EDN1/PLA2R1/CRABP1/SLC27A1/SLC27A2/APOE/MFSD2A/SLCO4A1/CD36/PPARG/RBP7/LEP/SLCO2B1/NMB/THBS1/IL1A	25
GO:0072524	pyridine-containing compound metabolic process	25/2449	72/12472	0.00188419905189799	0.0123825400269517	0.00831797527851122	NOCT/IDO1/IDO2/CD38/RPE/PNPO/ME1/NMRK1/NNT/DCXR/PNP/RPEL1/TP53/PDXP/GPD1L/NAMPT/IDH2/NNMT/HAAO/AFMID/PARP10/NQO1/PARP9/ALPL/NMNAT2	25
GO:0062012	regulation of small molecule metabolic process	68/2449	249/12472	0.00190736669612919	0.0125194314025342	0.00840993210444991	PTPN2/HIF1A/DDB1/EPM2AIP1/INSIG2/DYRK2/STARD4/NR3C1/ME1/NR4A3/ADM/DDIT4/APOC2/LDLR/SLC2A6/CD74/CBFA2T3/ERFE/NLN/NFKB1/FBP1/PMAIP1/FABP3/HRH1/MIDN/SESN2/TP53/CYP27B1/INSIG1/PLEK/TNF/NNMT/CLYBL/SDHAF3/APOC1/TTC39B/MLXIPL/MTLN/BMP6/NR1D1/PDK2/IER3/C1QTNF1/CDA/P2RY1/TREM2/GPT2/APOE/IFNG/MFSD2A/IRS1/SNAI1/SORBS1/CH25H/ACACB/GCKR/P2RY6/DKK3/SEC14L2/PPARG/IGFBP3/IGFBP4/NUPR1/SLC7A11/TRIB3/CEACAM1/LEP/EPHX2	68
GO:0006874	intracellular calcium ion homeostasis	57/2449	202/12472	0.00192542948666748	0.0126225218244689	0.00847918312881462	MCOLN2/CCL15/CCL14/GRINA/CCR7/CCL23/PLCB4/CCL19/SLC8A3/CD40/CALM2/PLCB2/LYN/NOL3/WNT5A/TGM2/SLC24A3/RYR1/ADORA1/PML/CCL1/CCL5/EDN1/BCL2/KEL/ATP13A3/PLCB1/TRPM2/MTLN/PDE4D/TPCN1/DMD/GSTM2/CASQ1/CCL8/P2RY1/APOE/CCL3/CD19/CCR5/HCRTR1/ATP1B1/CCR2/CEMIP/P2RY6/SYPL2/SV2A/CDH23/ITGB3/HTR2B/FASLG/CCL13/ITPR3/TRPV4/JPH4/ANK2/CXCL10	57
GO:0030947	regulation of vascular endothelial growth factor receptor signaling pathway	12/2449	26/12472	0.00196593502508821	0.0128478982384491	0.00863057980799086	HIF1A/ITGA5/PTPN1/HHEX/NEDD4/FZD4/GRB10/VTN/ROBO1/ITGB3/EMILIN1/DLL1	12
GO:0034110	regulation of homotypic cell-cell adhesion	12/2449	26/12472	0.00196593502508821	0.0128478982384491	0.00863057980799086	RDX/LYN/PDPN/SERPINE2/PLAUR/CCL5/C1QTNF1/CD9/ZNF703/ANK3/EMILIN1/CEACAM1	12
GO:1901655	cellular response to ketone	26/2449	76/12472	0.00196700458467668	0.0128478982384491	0.00863057980799086	CFLAR/ELK1/PTGER4/ACOD1/ATP5F1A/ACE/NR3C1/GJB2/DDIT4/ADAM15/TRERF1/ASS1/XRN1/FBP1/SRD5A1/PCK2/FECH/ADCY6/GNG2/SMYD3/SERPINF1/SGK1/TFAP4/P2RY6/TNFSF4/GNAI1	26
GO:0045058	T cell selection	19/2449	50/12472	0.00197224188151118	0.0128664159773129	0.00864301910507752	PTPN2/IL15/CCR7/CTSL/BATF/SOCS3/CD4/CD74/IRF4/CD1D/BCL2/SPN/LOXL3/IL12B/GLI3/IL23A/TBX21/CARD11/LY9	19
GO:0002704	negative regulation of leukocyte mediated immunity	22/2449	61/12472	0.0019914685125551	0.0129445453316081	0.00869550252416113	CD80/BCL6/JAK3/SLAMF1/RABGEF1/IL7R/SERPINB9/FOXF1/MICA/LILRB1/CD84/LGALS9/SPN/HFE/CCR2/CX3CR1/CR1/TBX21/CEACAM1/KLRC1/CR2/CD96	22
GO:0050830	defense response to Gram-positive bacterium	22/2449	61/12472	0.0019914685125551	0.0129445453316081	0.00869550252416113	CASP4/IL27RA/RIPK2/TBK1/CARD9/IL7R/RNASE6/ACP5/LYZ/GBP2/TNF/GBP6/TLR2/PYCARD/CD36/MPEG1/EPHA2/FCN2/LTA/GBP4/IL18/GBP7	22
GO:0060760	positive regulation of response to cytokine stimulus	22/2449	61/12472	0.0019914685125551	0.0129445453316081	0.00869550252416113	HIF1A/CASP4/RIPK2/CASP1/TBK1/CD74/IRF7/WNT5A/NLRC5/USP27X/PARP14/EDN1/MMP12/TLR2/IFIH1/PARP9/RIGI/TREM2/IL7/ZBP1/LRRC70/CSF1	22
GO:0051495	positive regulation of cytoskeleton organization	45/2449	152/12472	0.00199644892067448	0.0129562771540319	0.00870338337967871	CRACD/CCR7/SYNPO2/PFN2/CLIP1/BAIAP2/NCK2/BMP10/TOGARAM1/HCK/CDC42EP2/CDC42EP4/SDC4/GSN/PDE4DIP/PAK1/BAIAP2L1/FES/PDXP/PLEK/FMN1/EDN1/SORBS3/LIMK1/EVL/PSRC1/MTSS1/SERPINF2/CTTN/PYCARD/FERMT2/CDC42EP3/SYNPO/WASF1/ARHGEF5/RHOC/SNX9/NAV3/NCKAP1/ALOX15/CDC42EP5/TRPV4/MET/SCIN/WASF3	45
GO:0070229	negative regulation of lymphocyte apoptotic process	15/2449	36/12472	0.00199811145056579	0.0129562771540319	0.00870338337967871	HIF1A/IDO1/BCL6/JAK3/IL7R/CD74/SLC39A10/GPAM/ADA/CCL5/PTCRA/BCL2/HSH2D/ARG2/PDCD1	15
GO:0002269	leukocyte activation involved in inflammatory response	17/2449	43/12472	0.00203966497744115	0.0131778596129973	0.0088522314683434	CLU/TRAF3IP2/LDLR/ITGB2/TNF/TLR2/TAFA3/SPHK1/NR1D1/AIF1/ITGAM/TREM2/IFNG/CCL3/C1QA/CX3CR1/STAP1	17
GO:0042310	vasoconstriction	17/2449	43/12472	0.00203966497744115	0.0131778596129973	0.0088522314683434	ECE1/CD38/ACE/ADM/ACTA2/CHRM3/HRH1/CYSLTR1/DOCK4/EDN1/KEL/TRPM4/HRH2/EDNRB/HTR2B/LEP/MMP2	17
GO:0071622	regulation of granulocyte chemotaxis	17/2449	43/12472	0.00203966497744115	0.0131778596129973	0.0088522314683434	CCR7/CCL19/SLAMF1/CD74/DPP4/CAMK1D/MDK/TNFAIP6/CCL5/EDN1/RIPOR2/CSF1R/CXCL8/IL23A/TRPV4/THBS1/CSF1	17
GO:0050817	coagulation	49/2449	169/12472	0.00210338565745768	0.0135192445063494	0.00908155688115687	VAV2/ENPP4/SERPINA1/PDGFRA/CD40/PLAT/FZD6/FCER1G/ADTRP/ST3GAL4/LYN/PDGFA/PROCR/PLSCR1/PDPN/F2RL2/SERPINE2/TSPAN32/PLEK/STXBP1/ADORA2A/PLAUR/EDN1/RAP2B/VWF/F5/SERPINF2/TYRO3/F13A1/VCL/PROC/C1QTNF1/VTN/P2RY1/APOE/EPHB2/CD36/CD9/ITGA2/TREML1/ITGB3/THBD/SLC7A11/EMILIN1/SERPINE1/CEACAM1/TFPI/THBS1/SEMG2	49
GO:0043117	positive regulation of vascular permeability	8/2449	14/12472	0.00210512507809848	0.0135192445063494	0.00908155688115687	VEGFA/BMP6/PTP4A3/TJP2/APOE/PDE2A/TJP1/TRPV4	8
GO:0060749	mammary gland alveolus development	8/2449	14/12472	0.00210512507809848	0.0135192445063494	0.00908155688115687	HIF1A/SOCS2/VEGFA/FOXF1/TGFA/ID2/DDR1/AREG	8
GO:0061377	mammary gland lobule development	8/2449	14/12472	0.00210512507809848	0.0135192445063494	0.00908155688115687	HIF1A/SOCS2/VEGFA/FOXF1/TGFA/ID2/DDR1/AREG	8
GO:0072012	glomerulus vasculature development	8/2449	14/12472	0.00210512507809848	0.0135192445063494	0.00908155688115687	CFLAR/PDGFRA/ACTA2/NOTCH3/PECAM1/HES1/ITGB3/PDGFRB	8
GO:0002418	immune response to tumor cell	11/2449	23/12472	0.00212188845761016	0.0135780580393787	0.00912106489104133	CD274/NECTIN2/ADAM15/PVR/MICA/HLA-DRB1/NKG7/IL12B/CD226/PRF1/CEACAM1	11
GO:0048841	regulation of axon extension involved in axon guidance	11/2449	23/12472	0.00212188845761016	0.0135780580393787	0.00912106489104133	SEMA4B/SEMA3C/SEMA4D/VEGFA/WNT5A/SEMA4C/SEMA3A/SEMA3B/SEMA6B/SEMA6A/PLXNA4	11
GO:1903514	release of sequestered calcium ion into cytosol by endoplasmic reticulum	11/2449	23/12472	0.00212188845761016	0.0135780580393787	0.00912106489104133	CALM2/NOL3/RYR1/PDE4D/DMD/GSTM2/CASQ1/CCL3/CCR5/FASLG/ANK2	11
GO:0044706	multi-multicellular organism process	41/2449	136/12472	0.00213288375355636	0.01363213052989	0.00915738810407691	IDO1/B4GALT1/ITGA5/CD38/ACOD1/ACE/VEGFA/GJB2/ADM/ACVR1B/NDP/APOL2/SERPINE2/CYP27B1/DDR1/ARHGDIB/ACSL4/FOSL1/EDN1/BCL2/LGALS9/TEAD3/FUT7/LOC102724560/CBS/HFE/ACVR1C/HSPG2/SLC19A1/UCP2/MAFF/IGFBP7/ITGA2/PZP/ITGA3/ITGB3/THBD/LIF/LEP/CRHBP/MMP2	41
GO:0044703	multi-organism reproductive process	40/2449	132/12472	0.00216102654153639	0.0137955401149808	0.00926715854585206	IDO1/ITGA5/CD38/ACOD1/ACE/VEGFA/GJB2/ADM/ACVR1B/NDP/APOL2/SERPINE2/CYP27B1/DDR1/ARHGDIB/ACSL4/FOSL1/EDN1/BCL2/LGALS9/TEAD3/FUT7/LOC102724560/CBS/HFE/ACVR1C/HSPG2/SLC19A1/UCP2/MAFF/IGFBP7/ITGA2/PZP/ITGA3/ITGB3/THBD/LIF/LEP/CRHBP/MMP2	40
GO:1903532	positive regulation of secretion by cell	57/2449	203/12472	0.00217561516512121	0.0138462614237409	0.00930123060145952	HIF1A/ACHE/TMEM132A/PTGES/CD38/ABAT/MYH10/CDK5/P2RX4/PFKFB2/SDC4/ITGB2/CHRM3/RETN/ZP3/HLA-DRB1/PCK2/TM7SF3/VAMP8/F2RL2/STXBP1/ADORA2A/ACSL4/EDN1/TLR2/PLCB1/FFAR2/BMP6/ADAM8/APBB1/C1QTNF1/FRMD4A/HFE/TRPM4/ITGAM/P2RY1/TREM2/HCAR2/IFNG/SLC4A8/ADORA2B/NKX3-1/KCNN4/STX1A/INHBA/SCAMP5/FFAR1/SYT1/PPARG/RAB15/GATA2/FFAR4/LEP/NMB/SMPD3/IL1A/TTN	57
GO:0045576	mast cell activation	20/2449	54/12472	0.00217742438610185	0.0138462614237409	0.00930123060145952	NDRG1/LCP2/RASGRP1/NECTIN2/RABGEF1/NR4A3/FOXF1/LYN/RHOH/FES/PLSCR1/VAMP8/STXBP1/CD84/LGALS9/CD226/ADORA2B/LAT/GATA2/S100A12	20
GO:0048864	stem cell development	20/2449	54/12472	0.00217742438610185	0.0138462614237409	0.00930123060145952	HIF1A/JAG1/SEMA4B/NRP2/SEMA3C/SEMA4D/OVOL2/EDN1/BCL2/SEMA4C/SEMA3A/HES1/SEMA3B/KBTBD8/EDNRB/SEMA6B/SEMA6A/HTR2B/SOX8/LAMA5	20
GO:0006022	aminoglycan metabolic process	30/2449	92/12472	0.00218189780463729	0.0138462614237409	0.00930123060145952	NDST2/CHI3L2/DSE/PXYLP1/ST3GAL3/GUSB/B4GALT5/FUCA1/CHST2/CD44/ST3GAL4/NFKB1/CEMIP2/CHST15/HS3ST3B1/CHST13/TNFAIP6/CHST3/EXT1/B3GNT7/CHPF/EDNRB/HS3ST3A1/CHIT1/ITIH3/CEMIP/HS3ST2/ITIH1/HAS1/SMPD3	30
GO:0048592	eye morphogenesis	30/2449	92/12472	0.00218189780463729	0.0138462614237409	0.00930123060145952	HIF1A/JAG1/TDRD7/VEGFA/COL8A2/FJX1/EPHB1/IFT172/RDH13/NDP/WNT5A/ZHX2/LCTL/BCL2/CABP4/GLI3/HIPK2/THRB/MFSD2A/EPHB2/NECTIN3/EPHA2/SDK1/FASLG/SOX8/LRP5/ZEB1/DLL1/FBN1/GDF11	30
GO:0050803	regulation of synapse structure or activity	47/2449	161/12472	0.00220372541008335	0.0139682287531437	0.0093831621945374	BAIAP2/PPT1/NRP2/SEMA4D/CDK5/EEF2K/EPHB1/IL10/FLRT2/ABHD17C/WNT5A/NTN1/AGRN/AMIGO2/CAMK1/LRP8/TNF/ARHGAP22/NEDD4/SRGN/IL1RAP/TLR2/LILRB2/ABI3/MDGA1/PTPRO/DLG5/TANC1/NRCAM/ADGRB1/CTTNBP2/TREM2/APOE/EPHB2/LRRN3/NEDD9/CLSTN3/NTNG2/LRFN4/FARP1/ITPKA/PTPN13/EPHB3/SLC7A11/LRP4/DBN1/SLITRK4	47
GO:1990845	adaptive thermogenesis	38/2449	124/12472	0.00220739426631907	0.0139689910473733	0.00938367426593332	IL15/PLAC8/ACHE/CKB/GADD45G/PGAM5/PPARGC1B/VEGFA/ACSL1/IRF4/G0S2/PEMT/THRA/IGF2BP2/ALDH1A1/HADH/GATM/PLCL1/PDGFC/ADISSP/NR1D1/GRB10/ACOT11/CD36/ELOVL6/UCP2/LIPA/CCR2/ALPL/IL18/FFAR4/SLC25A4/TRPV4/LEP/SORL1/LCN2/IL18R1/LGR4	38
GO:0007565	female pregnancy	37/2449	120/12472	0.00222468613327721	0.0139689910473733	0.00938367426593332	IDO1/ITGA5/CD38/ACOD1/ACE/VEGFA/GJB2/ADM/ACVR1B/NDP/APOL2/CYP27B1/DDR1/ARHGDIB/ACSL4/FOSL1/BCL2/LGALS9/TEAD3/FUT7/LOC102724560/CBS/HFE/ACVR1C/HSPG2/SLC19A1/UCP2/IGFBP7/ITGA2/PZP/ITGA3/ITGB3/THBD/LIF/LEP/CRHBP/MMP2	37
GO:0003044	regulation of systemic arterial blood pressure mediated by a chemical signal	10/2449	20/12472	0.00222731858746393	0.0139689910473733	0.00938367426593332	NDST2/ATP6AP2/ECE1/ACE/RPS6KA2/EDN1/SERPINF2/PDE4D/EDNRB/SUCNR1	10
GO:0007431	salivary gland development	10/2449	20/12472	0.00222731858746393	0.0139689910473733	0.00938367426593332	TWSG1/SEMA3C/TGM2/PDGFA/TNF/PLXNA1/HGF/TFCP2L1/NKX3-1/LAMA5	10
GO:0009164	nucleoside catabolic process	10/2449	20/12472	0.00222731858746393	0.0139689910473733	0.00938367426593332	ENPP4/UPP1/NUDT1/PNP/ADA/APOBEC3F/ADA2/UPB1/APOBEC3G/CDA	10
GO:0009435	NAD biosynthetic process	10/2449	20/12472	0.00222731858746393	0.0139689910473733	0.00938367426593332	IDO1/IDO2/NMRK1/NAMPT/NNMT/HAAO/AFMID/PARP10/PARP9/NMNAT2	10
GO:0034383	low-density lipoprotein particle clearance	10/2449	20/12472	0.00222731858746393	0.0139689910473733	0.00938367426593332	LDLR/SOAT1/EHD1/SCARB1/TREM2/CES3/CD36/LIPA/DGAT2/IL19	10
GO:0060143	positive regulation of syncytium formation by plasma membrane fusion	10/2449	20/12472	0.00222731858746393	0.0139689910473733	0.00938367426593332	FLOT1/EHD1/CAMK1/ADGRB1/RIPOR2/TREM2/EHD2/OCSTAMP/DCSTAMP/NFATC2	10
GO:0072576	liver morphogenesis	10/2449	20/12472	0.00222731858746393	0.0139689910473733	0.00938367426593332	CFLAR/TNFAIP3/MDK/HPN/TGFA/TNF/SULF2/LIPA/GLI1/CEACAM1	10
GO:0010755	regulation of plasminogen activation	9/2449	17/12472	0.00224120833562768	0.0139742861997926	0.0093872312862881	PLAT/HPN/SERPINE2/RUNX1/PLAUR/CLEC3B/SERPINF2/SERPINE1/THBS1	9
GO:0034134	toll-like receptor 2 signaling pathway	9/2449	17/12472	0.00224120833562768	0.0139742861997926	0.0093872312862881	RIPK2/ACOD1/PIK3AP1/TNFAIP3/TLR1/TNIP2/LYN/TLR2/TREM2	9
GO:0043011	myeloid dendritic cell differentiation	9/2449	17/12472	0.00224120833562768	0.0139742861997926	0.0093872312862881	BATF/CSF2/TGFBR2/BATF3/RELB/IRF4/ITGB8/BATF2/DCSTAMP	9
GO:0046128	purine ribonucleoside metabolic process	9/2449	17/12472	0.00224120833562768	0.0139742861997926	0.0093872312862881	ENPP4/ADK/MTAP/PGM2/ACP3/PNP/ADA/APRT/ADA2	9
GO:0140354	lipid import into cell	9/2449	17/12472	0.00224120833562768	0.0139742861997926	0.0093872312862881	EPRS1/ACSL1/FABP3/ACSL5/SLC27A1/SLC27A2/CD36/LIPA/THBS1	9
GO:0016051	carbohydrate biosynthetic process	46/2449	157/12472	0.0022528808032156	0.0140307320721195	0.00942514881932793	PTPN2/NDST2/DDB1/B4GALT1/EPM2AIP1/DSE/DYRK2/CRTC2/NR3C1/ST3GAL3/GPI/SLC39A14/PPP1R3B/ERFE/NLN/SORD/ST3GAL4/NFKB1/FBP1/CHST15/NHLRC1/G6PC3/HRH1/SESN2/PCK2/AKR1B1/PLEK/CHST13/NNMT/SDHAF3/NR1D1/FUT7/PDK2/FUT10/EXT1/P2RY1/GPT2/IRS1/ATF3/SORBS1/P2RY6/SDS/LEP/HAS1/SMPD3/B3GALNT1	46
GO:0016485	protein processing	51/2449	178/12472	0.00228113062509673	0.0140959309963545	0.00946894621782551	ATP6AP2/CASP4/ADAM19/RIPK2/ECE1/CTSL/C1RL/CASP1/CARD16/DDI2/TBC1D10A/ACE/CASP3/PLAT/GSN/IFT172/RPS6KA2/MMP14/DPP4/NOL3/IL1R2/HPN/SERPINE2/ERO1B/RUNX1/C1R/PLAUR/BACE1/MIPEP/VSIR/FXN/SRGN/KEL/CLEC3B/PERP/ASRGL1/SERPINF2/ADAM8/GLI3/CPD/ASTL/LGMN/SCG5/CUZD1/MYRF/THBD/MME/SERPINE1/THBS1/PCSK4/PCSK6	51
GO:0001974	blood vessel remodeling	14/2449	33/12472	0.00228440405243385	0.0140959309963545	0.00946894621782551	JAG1/TMBIM1/SEMA3C/ACE/DLL4/NDP/LOC102724560/CBS/CST3/EXT1/ACVRL1/CCR2/LIF/CEACAM1	14
GO:0002792	negative regulation of peptide secretion	14/2449	33/12472	0.00228440405243385	0.0140959309963545	0.00946894621782551	PIM3/CD74/MIDN/NDUFAF2/KLF7/HADH/FFAR2/IRS1/PDE8B/ACVR1C/UCP2/FFAR4/LEP/CRHBP	14
GO:0030517	negative regulation of axon extension	14/2449	33/12472	0.00228440405243385	0.0140959309963545	0.00946894621782551	SEMA4B/SEMA3C/SEMA4D/CDK5/WNT5A/NTN1/CDH1/SEMA4C/SEMA3A/RTN4R/SEMA3B/SEMA6B/SEMA6A/DRAXIN	14
GO:0032743	positive regulation of interleukin-2 production	14/2449	33/12472	0.00228440405243385	0.0140959309963545	0.00946894621782551	CD80/RIPK2/CD4/CD83/CD86/PDE4B/CLEC7A/IRF4/PNP/RUNX1/PDE4D/CCR2/CARD11/IL1A	14
GO:0045589	regulation of regulatory T cell differentiation	14/2449	33/12472	0.00228440405243385	0.0140959309963545	0.00946894621782551	SOCS1/FOXO3/BCL6/MDK/HLA-DRB1/HLA-DRA/VSIR/LGALS9/LILRB2/LAG3/IFNG/IRF1/CR1/TNFSF4	14
GO:0048246	macrophage chemotaxis	14/2449	33/12472	0.00228440405243385	0.0140959309963545	0.00946894621782551	SLAMF1/C5/MDK/CCL5/SLAMF8/CCL3/CSF1R/CCL2/EDNRB/STAP1/TRPV4/THBS1/MMP2/CSF1	14
GO:0060251	regulation of glial cell proliferation	14/2449	33/12472	0.00228440405243385	0.0140959309963545	0.00946894621782551	SLC7A5/CDKN2B/LYN/NTN1/PRKCH/TP53/CYSLTR1/TNF/MIR146A/ETV5/ASCL2/HES1/LTA/GFAP	14
GO:0001657	ureteric bud development	18/2449	47/12472	0.00231941917875675	0.0142790909441622	0.00959198397216039	BASP1/VEGFA/SDC4/HS3ST3B1/FMN1/BCL2/GREM1/CAT/CTNNBIP1/GLI3/DCHS1/HES1/HS3ST3A1/SOX8/ARG2/GDF11/LAMA5/LGR4	18
GO:0061180	mammary gland epithelium development	18/2449	47/12472	0.00231941917875675	0.0142790909441622	0.00959198397216039	HIF1A/NR3C1/BRCA2/FOXF1/WNT5A/NTN1/ID2/PML/DDR1/CSF1R/EPHA2/ZNF703/ROBO1/IRF6/IQGAP3/LRP5/AREG/CSF1	18
GO:0098659	inorganic cation import across plasma membrane	25/2449	73/12472	0.00234024984409272	0.0143694919550127	0.00965271088051441	PPP3CC/KCNJ2/SLC8A3/SLC39A14/SLC39A8/SLC39A10/SLC9A7/KCNK5/TRPV6/TRPM2/CACNA1A/KCNJ1/ATP1B2/TRPM4/IFNG/KCNJ5/TRPV5/KCNJ10/CACNA1E/SCN8A/ATP1B1/KCNQ1/SLC12A5/ATP1A4/TRPV4	25
GO:0099587	inorganic ion import across plasma membrane	25/2449	73/12472	0.00234024984409272	0.0143694919550127	0.00965271088051441	PPP3CC/KCNJ2/SLC8A3/SLC39A14/SLC39A8/SLC39A10/SLC9A7/KCNK5/TRPV6/TRPM2/CACNA1A/KCNJ1/ATP1B2/TRPM4/IFNG/KCNJ5/TRPV5/KCNJ10/CACNA1E/SCN8A/ATP1B1/KCNQ1/SLC12A5/ATP1A4/TRPV4	25
GO:0072593	reactive oxygen species metabolic process	50/2449	174/12472	0.00234215206809673	0.0143694919550127	0.00965271088051441	HIF1A/SLC5A3/CFLAR/ACOD1/PRCP/SH3PXD2B/ZC3H12A/GADD45A/TGFBR2/FPR2/DDIT4/NNT/STK17A/CBR1/GCH1/ITGB2/ACP5/TXN/PMAIP1/CLEC7A/DCXR/SESN2/TP53/HK2/HVCN1/TRAP1/TNF/DUOX2/EDN1/BCL2/NQO1/PLA2R1/CAT/LOC102724560/IER3/CBS/ADGRB1/ITGAM/CD36/UCP2/LIPA/MPV17L/MPO/PDGFRB/GPX3/LEP/ARG2/IL19/THBS1/MAOB	50
GO:2001233	regulation of apoptotic signaling pathway	84/2449	321/12472	0.00235996302431109	0.0144544125471888	0.00970975631584676	PTPN2/BCL2L14/HIF1A/PLAGL2/GRINA/RFFL/RELA/MCL1/CTSL/TMBIM1/ITGAV/ICAM1/FIGNL1/CFLAR/CLU/SIAH2/NCK2/CSF2/PTPN1/DNAJA1/MUC1/TNFAIP3/GCLM/IL10/MAZ/CD74/CD44/PPIF/DDIAS/NOL3/SGMS1/CDKN2D/PMAIP1/WNT5A/GCLC/G0S2/ZNF385A/TRIAP1/TP53/PML/TRAF1/CTSK/ITPRIP/ADORA2A/PLAUR/TRAP1/MAPK8IP2/TNF/FXN/BCL2/FAIM2/PCGF2/TIFAB/ACKR3/CTTN/PYCARD/IER3/HGF/TREM2/FAIM/IL7/S100A9/ATF3/IVNS1ABP/TMC8/ITGA6/NKX3-1/SNAI1/DEPTOR/MPV17L/INHBA/VNN1/CX3CR1/SEPTIN4/NGFR/NUPR1/MEIS3/SERPINE1/SLC25A4/NANOS3/IL19/THBS1/IL1A/NR4A2	84
GO:0070252	actin-mediated cell contraction	21/2449	58/12472	0.00236139114615202	0.0144544125471888	0.00970975631584676	SCN1B/KCNJ2/KCNE5/GSN/ACTA2/PDE4B/ADORA1/PDPN/GPD1L/TNNT2/PDE4D/FGF13/EPB41L5/TRPM4/KCNJ5/KCNE1/NEDD4L/KCNQ1/SCN4B/DSP/ANK2	21
GO:0030900	forebrain development	68/2449	251/12472	0.00237011628515412	0.0144912589306912	0.00973450788591297	HIF1A/SSTR2/SLC1A2/TWSG1/RAPGEF2/EZH2/NRP2/CASP3/CDK5/PALS1/CNP/PGAP1/CDK6/OPHN1/WNT5A/SRD5A1/MDK/LRP8/ANXA3/ID2/CDH1/NOTCH3/PHACTR1/PLCB1/ALK/TUBB2B/TUBB2A/PLXNA1/LAMB1/PRDM8/MDGA1/TYRO3/SSTR3/GLI3/FGF13/FUT10/ATP1B2/SEMA3A/EXT1/ITGAM/ATIC/RTN4R/MFSD2A/EPHB2/CSF1R/HES1/DLC1/DPCD/ROBO1/FEZ1/SEMA6B/DIXDC1/INHBA/SYNE2/DRAXIN/LHX2/PLXNA4/KIF14/GATA2/EPHB3/SLC7A11/GLI1/ZEB1/DCLK2/CCDC85C/PCDH9/PITX1/NR4A2	68
GO:0000302	response to reactive oxygen species	49/2449	170/12472	0.00240330004032442	0.0146773945450143	0.00985954454519458	HIF1A/RELA/MAP1LC3A/EZH2/PPP1R15B/MAP3K5/STK26/OSER1/TNFAIP3/PPARGC1B/CASP3/PDGFRA/SESN3/IL18BP/GCH1/PPIF/TXN/SESN2/PLK3/TRAP1/FOSL1/EDN1/FXN/BCL2/NQO1/PCGF2/SPHK1/TRPM2/CAT/PDK2/HGF/APOE/CD36/DDR2/UCP2/MPV17L/COL1A1/MPO/NME8/IL18RAP/AREG/APOD/PTPRK/MET/CDK1/MMP2/SMPD3/MIR34A/IL1A	49
GO:0007596	blood coagulation	48/2449	166/12472	0.00246439224036769	0.0150162512393735	0.0100871716395147	VAV2/ENPP4/SERPINA1/PDGFRA/CD40/PLAT/FZD6/FCER1G/ADTRP/ST3GAL4/LYN/PDGFA/PROCR/PLSCR1/PDPN/F2RL2/SERPINE2/TSPAN32/PLEK/STXBP1/ADORA2A/PLAUR/EDN1/RAP2B/VWF/F5/SERPINF2/TYRO3/F13A1/VCL/PROC/C1QTNF1/VTN/P2RY1/APOE/EPHB2/CD36/CD9/ITGA2/TREML1/ITGB3/THBD/SLC7A11/EMILIN1/SERPINE1/CEACAM1/TFPI/THBS1	48
GO:0060560	developmental growth involved in morphogenesis	48/2449	166/12472	0.00246439224036769	0.0150162512393735	0.0100871716395147	ULK2/SEMA4B/NRP2/SEMA3C/LPAR3/SEMA4D/CDK5/VEGFA/TGFBR2/SMURF1/IMPACT/WNT5A/CPNE9/NTN1/MAP3K13/DDR1/UNC13A/CDH1/FMN1/EDN1/LIMK1/PLXNA1/SEMA4C/CTTN/FGF13/EPB41L5/VCL/RASAL1/NRCAM/SEMA3A/EXT1/RTN4R/APOE/WASF1/SEMA3B/NEDD4L/SEMA6B/SEMA6A/DRAXIN/SYT1/OLFM1/LHX2/COBL/PLXNA4/ITGA4/CPNE5/AREG/CSF1	48
GO:0016049	cell growth	94/2449	366/12472	0.00249340255349561	0.0151757546324119	0.0101943180955119	ULK2/BTG1/BCL6/DCUN1D3/SOCS2/CD38/SEMA4B/PPT1/NRP2/SEMA3C/LPAR3/BMP10/DNPH1/MAD2L2/SEMA4D/CDK5/VEGFA/TGFBR2/OSGIN2/SMURF1/ADAM15/IMPACT/MMP14/ACVR1B/PHB1/FBP1/CISH/CDKN2D/WNT5A/CPNE9/NTN1/ST20/HPN/SESN2/TP53/PRR5/MAP3K13/SERPINE2/PML/CYP27B1/DDR1/UNC13A/CDH1/EDN1/FXN/BCL2/GREM1/CDKN2A/SPHK1/LIMK1/PLXNA1/PSRC1/SEMA4C/TMEM97/CTTN/JADE3/FGF13/EPB41L5/VCL/RASAL1/NRCAM/CDA/SEMA3A/EXT1/RTN4R/APOE/MFSD2A/WASF1/S100A9/SEMA3B/NEDD4L/HBEGF/ACVRL1/CLSTN3/SGK1/IGFBP7/SEMA6B/PTCH2/SEMA6A/INHBA/DRAXIN/SYT1/OLFM1/NANOS1/LHX2/COBL/DCSTAMP/IGFBP3/PLXNA4/KIF14/ITGA4/IGFBP4/CPNE5/CEACAM1	94
GO:0032870	cellular response to hormone stimulus	110/2449	438/12472	0.00253008407016986	0.0153815326672301	0.0103325495571307	UGCG/PTPN2/SSTR2/SOCS1/RELA/INSIG2/CPEB2/CTSL/NPFFR1/SNX5/STRN3/JAK3/SOCS2/BAIAP2/CFLAR/SOCS3/PTGER4/ACOD1/ATP5F1A/KANK1/ACE/PRCP/RAB13/PTPN1/NR3C1/DNAJA1/PPARGC1B/GCLM/PRKDC/ABHD2/NPC1/SLC39A14/GJB2/EEF2K/NR4A3/EPRS1/DDIT4/SESN3/RDX/SERPINB9/ZFP36L2/CYP7B1/CAMK2A/PAQR8/TRERF1/PLPP1/PHB1/ASS1/ERFE/ADTRP/NFKB1/FBP1/LYN/PAK1/GCLC/ZDHHC7/ACSL1/SRD5A1/MYO1C/THRA/PCK2/INSIG1/FECH/EDN1/ADCY6/NEDD4/PLCB1/SLC27A1/NR1D1/SSTR3/GRB10/FUT7/THRB/PDK2/GNG2/GPT2/SLC2A8/IRS1/SMYD3/ZFP36/DDR2/UCP2/FFAR3/HCRTR1/SERPINF1/SGK1/NKX3-1/IGFBP7/INHBA/TFAP4/SORBS1/OCSTAMP/P2RY6/PPARG/ITGB3/TNFSF4/BRIP1/FFAR4/RAMP1/TRIB3/HDAC9/CA2/CEACAM1/LEP/NR4A1/CRHBP/SORL1/FBN1/TFPI/NR4A2	110
GO:0002534	cytokine production involved in inflammatory response	19/2449	51/12472	0.00257352302234304	0.0155841500697417	0.0104686578629726	HIF1A/EZH2/ZC3H12A/CARD9/PLD3/MEFV/CHID1/CLEC7A/IL1R2/TNF/MIR146A/IL17RC/PYCARD/TREM2/EPHB2/GBP5/PLD4/APOD/LEP	19
GO:0045071	negative regulation of viral genome replication	19/2449	51/12472	0.00257352302234304	0.0155841500697417	0.0104686578629726	N4BP1/TNIP1/ISG20/IFIT5/PLSCR1/ZNFX1/CCL5/TNF/APOBEC3F/RSAD2/IFITM1/IFIH1/APOBEC3G/EIF2AK2/OASL/IFITM3/MX1/ISG15/IFIT1	19
GO:1900015	regulation of cytokine production involved in inflammatory response	19/2449	51/12472	0.00257352302234304	0.0155841500697417	0.0104686578629726	HIF1A/EZH2/ZC3H12A/CARD9/PLD3/MEFV/CHID1/CLEC7A/IL1R2/TNF/MIR146A/IL17RC/PYCARD/TREM2/EPHB2/GBP5/PLD4/APOD/LEP	19
GO:0050807	regulation of synapse organization	46/2449	158/12472	0.00258556092502861	0.0155841500697417	0.0104686578629726	BAIAP2/NRP2/SEMA4D/CDK5/EEF2K/EPHB1/IL10/FLRT2/ABHD17C/WNT5A/NTN1/AGRN/AMIGO2/CAMK1/LRP8/TNF/ARHGAP22/NEDD4/SRGN/IL1RAP/TLR2/LILRB2/ABI3/MDGA1/PTPRO/DLG5/TANC1/NRCAM/ADGRB1/CTTNBP2/TREM2/APOE/EPHB2/LRRN3/NEDD9/CLSTN3/NTNG2/LRFN4/FARP1/ITPKA/PTPN13/EPHB3/SLC7A11/LRP4/DBN1/SLITRK4	46
GO:2000116	regulation of cysteine-type endopeptidase activity	46/2449	158/12472	0.00258556092502861	0.0155841500697417	0.0104686578629726	RFFL/LAMP3/RIPK2/CASP1/MAP3K5/CARD16/DNAJB6/TBC1D10A/SIAH2/CARD9/VEGFA/FAM162A/GSN/MEFV/CD44/NOL3/CDKN2D/PMAIP1/CLEC7A/ST20/UACA/TRIAP1/PLAUR/TNF/HIP1/IFT57/LGALS9/AIM2/PERP/BIRC3/PYCARD/CST3/HGF/S100A9/ACVR1C/LGMN/DLC1/ROBO1/NKX3-1/NLRP2/PPARG/ST18/NGFR/FASLG/NLRP3/THBS1	46
GO:0014911	positive regulation of smooth muscle cell migration	13/2449	30/12472	0.00259250890816651	0.0155841500697417	0.0104686578629726	NR4A3/MDK/DOCK4/CCL5/BCL2/MIR146A/AIF1/VTN/DDR2/ITGA2/P2RY6/ITGB3/PDGFRB	13
GO:0045577	regulation of B cell differentiation	13/2449	30/12472	0.00259250890816651	0.0155841500697417	0.0104686578629726	BCL6/IL10/ZFP36L2/MMP14/INPP5D/ID2/SLAMF8/IL7/INHBA/CR1/IKZF3/NFAM1/CARD11	13
GO:0060675	ureteric bud morphogenesis	13/2449	30/12472	0.00259250890816651	0.0155841500697417	0.0104686578629726	VEGFA/HS3ST3B1/FMN1/BCL2/GREM1/CTNNBIP1/GLI3/DCHS1/HES1/HS3ST3A1/SOX8/LAMA5/LGR4	13
GO:0061383	trabecula morphogenesis	13/2449	30/12472	0.00259250890816651	0.0155841500697417	0.0104686578629726	BMP10/SEMA4D/PPARGC1B/OVOL2/DLL4/SBNO2/PLXNB1/GREM1/HEG1/COL1A1/HEY1/SLC40A1/MMP2	13
GO:0072171	mesonephric tubule morphogenesis	13/2449	30/12472	0.00259250890816651	0.0155841500697417	0.0104686578629726	VEGFA/HS3ST3B1/FMN1/BCL2/GREM1/CTNNBIP1/GLI3/DCHS1/HES1/HS3ST3A1/SOX8/LAMA5/LGR4	13
GO:0045807	positive regulation of endocytosis	37/2449	121/12472	0.0026102159655078	0.0156730007973764	0.0105283433680737	IL15/PPP3CC/IL15RA/CCL19/CLU/FLOT1/PPT1/VEGFA/EEF2K/FPR2/FCER1G/CAMK1D/WNT5A/CLEC7A/TNF/GREM1/HIP1/PYCARD/FCN1/HFE/VTN/TREM2/APOE/IFNG/CD36/FCN2/NEDD4L/CCL2/ITGA2/SLC11A1/STAP1/C2/PTX3/GATA2/SERPINE1/DLL1/IL2RB	37
GO:0032409	regulation of transporter activity	45/2449	154/12472	0.00264514637213707	0.0158649540528177	0.0106572880296629	SCN1B/CACNB3/KCNE5/CALM2/CHRM3/PPIF/PDE4B/GPD1L/MAPK8IP2/EDN1/BCL2/NEDD4/CABP4/PIM1/PDE4D/FGF13/DMD/GSTM2/CASQ1/TCAF2/ATP1B2/TREM2/FGF11/IFNG/EPHB2/KCNE1/NEDD4L/CCL2/ANK3/ATP1B1/SGK1/NDFIP2/CCR2/SYNGR3/STAC/KCNAB1/P2RY6/HECW2/SCN4B/PPARG/ANO9/JPH4/CRHBP/ANK2/MIR34A	45
GO:0034109	homotypic cell-cell adhesion	23/2449	66/12472	0.00266492418231584	0.0159656978976327	0.0107249627400866	PDGFRA/RDX/LYN/PDPN/SERPINE2/TSPAN32/PLEK/STXBP1/PLAUR/CCL5/RAP2B/TYRO3/VCL/C1QTNF1/TJP2/CD9/ZNF703/ANK3/ITGB3/SLC7A11/EMILIN1/DSP/CEACAM1	23
GO:0015833	peptide transport	49/2449	171/12472	0.00273968268719173	0.0163952407515072	0.0110135082914688	HIF1A/CD38/SLC9B2/ABAT/PIM3/PFKFB2/CD74/CHRM3/MIDN/HLA-DRB1/PCK2/TM7SF3/ADORA1/F2RL2/NDUFAF2/KLF7/SLC16A1/ACSL4/HADH/CCL5/TNF/TAP1/EDN1/PLCB1/FFAR2/IL1RN/NR1D1/HFE/TRPM4/IFNG/IRS1/PDE8B/SLC16A10/ACVR1C/UCP2/FFAR3/STX1A/FFAR1/EXOC3L1/FFAR4/SLC7A11/CA2/LRP5/TRPV4/LEP/CRHBP/CLEC4M/PTPRN2/SMPD3	49
GO:0002478	antigen processing and presentation of exogenous peptide antigen	15/2449	37/12472	0.00275851941850989	0.0164528173781057	0.0110521854090573	CTSL/HLA-DMA/HLA-DPB1/HLA-DPA1/HLA-DMB/CD74/FCER1G/HLA-DRB1/HLA-DRA/HLA-DQB1/HLA-DRB5/LGMN/HLA-DOA/HLA-DOB/HLA-DQB2	15
GO:0009880	embryonic pattern specification	15/2449	37/12472	0.00275851941850989	0.0164528173781057	0.0110521854090573	BASP1/TDRD7/NRP2/DOP1B/PGAP1/WNT5A/DCANP1/TIFAB/TDRKH/EPB41L5/COBL/MEIS3/DLL1/LAMA5/PCSK6	15
GO:0045066	regulatory T cell differentiation	15/2449	37/12472	0.00275851941850989	0.0164528173781057	0.0110521854090573	SOCS1/FOXO3/BCL6/MDK/HLA-DRB1/HLA-DRA/VSIR/LGALS9/LILRB2/FUT7/LAG3/IFNG/IRF1/CR1/TNFSF4	15
GO:0043547	positive regulation of GTPase activity	57/2449	205/12472	0.0027623772644677	0.0164575001429244	0.0110553310578428	CCL15/CCL14/CCR7/CCL23/TBC1D13/RAPGEF2/TBC1D9/CCL19/TIAM2/CCL18/EZH2/TBC1D10A/CXCL13/RASGRP1/SEMA4D/RALGDS/CD40/RGS10/TBC1D30/TGM2/AGRN/PLXNB1/TBC1D7/TBC1D7-LOC100130357/TBC1D16/PREX2/CCL1/CCL5/ARHGAP22/CCL4/RGS1/RGL1/FERMT2/CCL8/CCL17/RTN4R/CCL3/CCL4L1/MTSS2/EPHA2/ARHGAP11A/ARHGEF5/RGS16/CCL2/SNX9/ITGA6/RASGRF1/RAP1GAP/GARNL3/DOCK9/RASGRF2/CCL13/RGL4/CCL22/CCL3L1/CCL3L3/RAPGEF5	57
GO:0021954	central nervous system neuron development	20/2449	55/12472	0.00280028737157061	0.0166463253741756	0.0111821744681679	ADARB1/SCN1B/RAPGEF2/NRP2/CDK5/PALS1/B4GALT5/EPHB1/PLXNA1/PRDM8/EPHB2/SPTBN4/DRAXIN/PLXNA4/B4GALT6/GATA2/EPHB3/DCLK2/LEP/NR4A2	20
GO:1903036	positive regulation of response to wounding	20/2449	55/12472	0.00280028737157061	0.0166463253741756	0.0111821744681679	ENPP4/INSL3/KANK1/PLAT/ST3GAL4/CLEC7A/MDK/SCARF1/DUOX2/MYLK/SERPINF2/FERMT2/VTN/CD36/DDR2/HBEGF/THBD/EMILIN1/SERPINE1/THBS1	20
GO:0031667	response to nutrient levels	93/2449	363/12472	0.00283173409066468	0.0168145984363637	0.0112952119522603	ULK2/SSTR2/RELA/KL/SLC7A5/IL15RA/RUNX2/MAP1LC3A/FOXO3/TXN2/MAP3K5/STK26/TRIM25/PLD1/RRAGC/ACE/RASAL2/ZC3H12A/GCLM/CD40/CDKN2B/ADM/NNT/SESN3/BMT2/LDLR/IMPACT/ALAD/ASS1/LRP11/FBP1/CDKN2D/PMAIP1/UPP1/MN1/GCLC/ACSL1/SRD5A1/NFKBIZ/FES/SESN2/PCK2/TP53/PRR5/CYP27B1/TBC1D7/TBC1D7-LOC100130357/CYSLTR1/CTSK/SLC16A1/TNF/BCL2/NQO1/PIM1/TNFRSF11B/CAT/MLXIPL/F5/SSTR3/FOLR2/CASTOR1/A2M/PDK2/LOC102724560/CBS/EIF2AK2/HFE/BCKDHB/GPT2/APOE/MFSD2A/ACVR1C/ZFP36/ATF3/UCP2/LTA/LIPA/PIK3C2B/ALPL/ITGA2/LIPG/COL1A1/ACACB/MPO/PPARG/C2/BRIP1/ZEB1/TRPV4/LEP/SORL1/CXCL10/IL1A	93
GO:0043010	camera-type eye development	56/2449	201/12472	0.00285261320339815	0.0169198187346628	0.0113658937217636	HIF1A/ACHE/TWSG1/CLIC4/JAG1/MITF/TDRD7/LIMK2/PDGFRA/VEGFA/TGFBR2/COL8A2/FJX1/EPHB1/DLL4/IFT172/SPRED3/RDH13/NDP/WNT5A/WNT5B/ZHX2/TMOD1/SLC4A5/NFIA/SPRED2/LCTL/CABP4/FZD4/SIX5/GLI3/HIPK2/THRB/MFSD2A/EPHB2/NECTIN3/EPHA2/HES1/ACVRL1/SERPINF1/INHBA/NPHP1/CRYBB1/LHX2/PDGFRB/SDK1/BIRC7/B9D1/SLC7A11/MAF/SOX8/LRP5/ZEB1/DLL1/FBN1/GDF11	56
GO:0048846	axon extension involved in axon guidance	12/2449	27/12472	0.00291321209157855	0.0172030473676899	0.0115561526478448	SEMA4B/NRP2/SEMA3C/SEMA4D/VEGFA/WNT5A/SEMA4C/SEMA3A/SEMA3B/SEMA6B/SEMA6A/PLXNA4	12
GO:0086002	cardiac muscle cell action potential involved in contraction	12/2449	27/12472	0.00291321209157855	0.0172030473676899	0.0115561526478448	SCN1B/KCNJ2/KCNE5/GPD1L/TRPM4/KCNJ5/KCNE1/NEDD4L/KCNQ1/SCN4B/DSP/ANK2	12
GO:0086009	membrane repolarization	12/2449	27/12472	0.00291321209157855	0.0172030473676899	0.0115561526478448	SCN1B/KCNJ2/CACNB3/KCNE5/ATP1B2/KCNJ5/KCNE1/NEDD4L/ATP1B1/KCNQ1/SCN4B/ANK2	12
GO:1902284	neuron projection extension involved in neuron projection guidance	12/2449	27/12472	0.00291321209157855	0.0172030473676899	0.0115561526478448	SEMA4B/NRP2/SEMA3C/SEMA4D/VEGFA/WNT5A/SEMA4C/SEMA3A/SEMA3B/SEMA6B/SEMA6A/PLXNA4	12
GO:0001659	temperature homeostasis	40/2449	134/12472	0.00292035223418792	0.017226218685364	0.0115717179880064	IL15/PLAC8/ACHE/PTGES/GADD45G/ABAT/PGAM5/PPARGC1B/VEGFA/ACSL1/IRF4/G0S2/PEMT/THRA/IGF2BP2/ADORA1/ALDH1A1/HADH/TNF/GATM/PLCL1/PDGFC/TRPM2/SLC27A1/NR1D1/GRB10/ACOT11/CD36/ELOVL6/UCP2/EDNRB/CCR2/ALPL/IL18/FFAR4/LEP/LCN2/IL18R1/LGR4/IL1A	40
GO:0007369	gastrulation	39/2449	130/12472	0.00296800981893421	0.0174610380783668	0.0117294579914032	LAMA3/TWSG1/ITGA5/ITGAV/DUSP5/ARFRP1/ETS2/ZBTB17/GPI/TGFBR2/NR4A3/IL10/FOXF1/ITGB2/MMP14/LAMB3/WNT5A/WNT5B/TP53/DUSP4/DUSP1/COL6A1/LAMB1/IL1RN/EPB41L5/DUSP2/EXT1/VTN/EPHA2/ATOH8/SNAI1/ITGA2/INHBA/ITGA3/ITGB3/ITGA4/ITGB5/LRP5/MMP2	39
GO:0090087	regulation of peptide transport	39/2449	130/12472	0.00296800981893421	0.0174610380783668	0.0117294579914032	HIF1A/CD38/SLC9B2/ABAT/PIM3/PFKFB2/CD74/CHRM3/MIDN/HLA-DRB1/PCK2/TM7SF3/ADORA1/F2RL2/NDUFAF2/KLF7/SLC16A1/ACSL4/HADH/CCL5/TNF/PLCB1/FFAR2/NR1D1/HFE/TRPM4/IFNG/IRS1/PDE8B/ACVR1C/UCP2/FFAR3/STX1A/FFAR1/FFAR4/CA2/LRP5/LEP/CRHBP	39
GO:0061387	regulation of extent of cell growth	26/2449	78/12472	0.00296994131616732	0.0174610380783668	0.0117294579914032	ULK2/SEMA4B/SEMA3C/LPAR3/SEMA4D/CDK5/VEGFA/SMURF1/WNT5A/NTN1/MAP3K13/CDH1/LIMK1/SEMA4C/CTTN/FGF13/NRCAM/SEMA3A/RTN4R/APOE/SEMA3B/SEMA6B/SEMA6A/DRAXIN/OLFM1/PLXNA4	26
GO:0006942	regulation of striated muscle contraction	21/2449	59/12472	0.0029993667649097	0.0176147021851495	0.0118326819049646	KCNJ2/SLC8A3/BMP10/ZC3H12A/P2RX4/CALM2/PDE4B/ADORA1/PDE4D/FGF13/DMD/GSTM2/MYBPH/CASQ1/TRPM4/ATP1B1/KCNQ1/DSP/TRPV4/NR4A1/ANK2	21
GO:0060485	mesenchyme development	54/2449	193/12472	0.00303905231998037	0.0177784566444667	0.0119426840161132	HIF1A/BASP1/JAG1/EZH2/SEMA4B/NRP2/SEMA3C/MAD2L2/SEMA4D/OVOL2/TGFBR2/FOXF1/ADAM15/SPRED3/ACTA2/SLC39A10/WNT5A/MDK/HPN/BAMBI/PDPN/EDN1/SPRED2/BCL2/GREM1/LOXL3/ADAM8/SEMA4C/DLG5/S100A4/EPB41L5/FERMT2/SEMA3A/EXT1/HGF/LRG1/DCHS1/ZNF703/HES1/SEMA3B/KBTBD8/ROBO1/ACVRL1/EDNRB/SNAI1/SEMA6B/VASN/SEMA6A/COL1A1/OLFM1/HTR2B/HEY1/SOX8/LAMA5	54
GO:0002823	negative regulation of adaptive immune response based on somatic recombination of immune receptors built from immunoglobulin superfamily domains	18/2449	48/12472	0.00304052768602157	0.0177784566444667	0.0119426840161132	CD80/IL27RA/BCL6/JAK3/SLAMF1/ZC3H12A/IL7R/LILRB1/SPN/LOXL3/ASCL2/HFE/CR1/TNFSF4/TBX21/CEACAM1/KLRC1/CR2	18
GO:0072163	mesonephric epithelium development	18/2449	48/12472	0.00304052768602157	0.0177784566444667	0.0119426840161132	BASP1/VEGFA/SDC4/HS3ST3B1/FMN1/BCL2/GREM1/CAT/CTNNBIP1/GLI3/DCHS1/HES1/HS3ST3A1/SOX8/ARG2/GDF11/LAMA5/LGR4	18
GO:0072164	mesonephric tubule development	18/2449	48/12472	0.00304052768602157	0.0177784566444667	0.0119426840161132	BASP1/VEGFA/SDC4/HS3ST3B1/FMN1/BCL2/GREM1/CAT/CTNNBIP1/GLI3/DCHS1/HES1/HS3ST3A1/SOX8/ARG2/GDF11/LAMA5/LGR4	18
GO:0030183	B cell differentiation	37/2449	122/12472	0.00305185250963839	0.0178252148763612	0.0119740938735511	PTPN2/TPD52/BCL6/EZH2/JAK3/TRAF3IP2/PRKDC/FOSL2/IL10/KLF6/ZFP36L2/MMP14/HHEX/CMTM7/INPP5D/NFKBIZ/TP53/ID2/ADA/BCL2/CLCF1/MFNG/GPR183/SLAMF8/IL7/CD19/INHBA/BLNK/CR1/IKZF3/NFAM1/ITGA4/HDAC9/DLL1/CR2/CARD11/CD79A	37
GO:1904064	positive regulation of cation transmembrane transport	28/2449	86/12472	0.00308700918488689	0.0180109163336102	0.0120988388876773	SCN1B/PPP3CC/KCNJ2/CACNB3/P2RX4/KCNE5/CALM2/EDN1/KCNMB1/FGF13/DMD/GSTM2/CASQ1/ATP1B2/TREM2/P2RX5/IFNG/CD19/KCNE1/ANK3/ATP1B1/KCNN4/KCNQ1/STAC/CEMIP/P2RY6/ANK2/CXCL10	28
GO:0034767	positive regulation of monoatomic ion transmembrane transport	31/2449	98/12472	0.00315988920823742	0.0184073613664277	0.0123651509670316	SCN1B/PPP3CC/KCNJ2/CACNB3/P2RX4/KCNE5/CALM2/EDN1/KCNMB1/FGF13/DMD/GSTM2/CASQ1/ATP1B2/TREM2/P2RX5/IFNG/EPHB2/CD19/KCNE1/CCL2/ANK3/ATP1B1/KCNN4/KCNQ1/CCR2/STAC/CEMIP/P2RY6/ANK2/CXCL10	31
GO:0001776	leukocyte homeostasis	32/2449	102/12472	0.00316183204949842	0.0184073613664277	0.0123651509670316	HIF1A/JAK3/TRAF3IP2/TNFAIP3/XKR8/CASP3/GCNT4/IL7R/CD74/MTHFD1/LYN/PMAIP1/PDE4B/GPAM/ADA/IL2RA/BCL2/LGALS9/AIM2/CCNB2/CHST3/CXCL6/GPR183/HCAR2/GAPT/LAT/LIPA/CCR2/TNFRSF13B/SLC7A11/SLC40A1/CSF1	32
GO:0033003	regulation of mast cell activation	14/2449	34/12472	0.00319096712267666	0.0184467473151883	0.0123916084908836	NECTIN2/RABGEF1/NR4A3/FOXF1/LYN/FES/PLSCR1/VAMP8/STXBP1/CD84/LGALS9/CD226/ADORA2B/GATA2	14
GO:0042551	neuron maturation	14/2449	34/12472	0.00319096712267666	0.0184467473151883	0.0123916084908836	B4GALT5/AGRN/MAP3K13/SCARF1/KCNQ3/BCL2/RND1/NRCAM/SPTBN4/EDNRB/C1QA/B4GALT6/GATA2/NR4A2	14
GO:1904646	cellular response to amyloid-beta	14/2449	34/12472	0.00319096712267666	0.0184467473151883	0.0123916084908836	CASP4/ICAM1/CDK5/FPR2/BACE1/TNF/MIR146A/CACNA1A/TREM2/EPHB2/CD36/LGMN/ITGA4/NGFR	14
GO:0000768	syncytium formation by plasma membrane fusion	16/2449	41/12472	0.00319615039366967	0.0184467473151883	0.0123916084908836	CFLAR/FLOT1/PTGFRN/EHD1/SBNO2/CAMK1/TANC1/ADGRB1/RIPOR2/TREM2/CD9/EHD2/OCSTAMP/DCSTAMP/NFATC2/CXCL10	16
GO:0001774	microglial cell activation	16/2449	41/12472	0.00319615039366967	0.0184467473151883	0.0123916084908836	CLU/LDLR/ITGB2/TNF/TLR2/TAFA3/SPHK1/NR1D1/AIF1/ITGAM/TREM2/IFNG/CCL3/C1QA/CX3CR1/STAP1	16
GO:0002762	negative regulation of myeloid leukocyte differentiation	16/2449	41/12472	0.00319615039366967	0.0184467473151883	0.0123916084908836	PTPN2/GPR137B/CDK6/ERFE/LYN/TRIB1/INPP5D/LILRB1/TNFAIP6/TNFRSF11B/CCL3/C1QC/INHBA/GATA2/CEACAM1/FBN1	16
GO:0043277	apoptotic cell clearance	16/2449	41/12472	0.00319615039366967	0.0184467473151883	0.0123916084908836	ITGAV/XKR8/TGM2/TYRO3/SCARB1/ADGRB1/FCN1/TREM2/CD36/FCN2/CCL2/CCR2/ALOX15/ITGB3/C2/THBS1	16
GO:0140253	cell-cell fusion	16/2449	41/12472	0.00319615039366967	0.0184467473151883	0.0123916084908836	CFLAR/FLOT1/PTGFRN/EHD1/SBNO2/CAMK1/TANC1/ADGRB1/RIPOR2/TREM2/CD9/EHD2/OCSTAMP/DCSTAMP/NFATC2/CXCL10	16
GO:0048762	mesenchymal cell differentiation	48/2449	168/12472	0.00320369505748962	0.0184703882970015	0.0124074893280828	HIF1A/JAG1/EZH2/SEMA4B/NRP2/SEMA3C/MAD2L2/SEMA4D/OVOL2/TGFBR2/ADAM15/SPRED3/SLC39A10/WNT5A/MDK/HPN/BAMBI/PDPN/EDN1/SPRED2/BCL2/GREM1/LOXL3/ADAM8/SEMA4C/DLG5/S100A4/EPB41L5/FERMT2/SEMA3A/EXT1/HGF/LRG1/ZNF703/HES1/SEMA3B/KBTBD8/EDNRB/SNAI1/SEMA6B/VASN/SEMA6A/COL1A1/OLFM1/HTR2B/HEY1/SOX8/LAMA5	48
GO:0032941	secretion by tissue	11/2449	24/12472	0.00322927694083697	0.0184786402725671	0.012413032595345	TRAF3IP2/FOSL2/CHRM3/VAMP8/ADORA1/SLC4A5/ADA/DCANP1/TIFAB/KCNN4/CELSR2	11
GO:0034656	nucleobase-containing small molecule catabolic process	11/2449	24/12472	0.00322927694083697	0.0184786402725671	0.012413032595345	ENPP4/ENTPD7/UPP1/NUDT1/PNP/ADA/APOBEC3F/ADA2/UPB1/APOBEC3G/CDA	11
GO:0046639	negative regulation of alpha-beta T cell differentiation	11/2449	24/12472	0.00322927694083697	0.0184786402725671	0.012413032595345	SOCS1/BCL6/JAK3/ZC3H12A/HLX/RUNX1/LOXL3/GLI3/ASCL2/TNFSF4/TBX21	11
GO:0048663	neuron fate commitment	11/2449	24/12472	0.00322927694083697	0.0184786402725671	0.012413032595345	DLL4/SUFU/ID2/BHLHE22/NFIA/NOTCH3/GLI3/GATA2/EPOP/DLL1/ISL2	11
GO:0050901	leukocyte tethering or rolling	11/2449	24/12472	0.00322927694083697	0.0184786402725671	0.012413032595345	CHST2/ST3GAL4/TNF/SPN/FUT7/EXT1/CCR2/CX3CR1/ITGA4/LEP/SELL	11
GO:0060907	positive regulation of macrophage cytokine production	11/2449	24/12472	0.00322927694083697	0.0184786402725671	0.012413032595345	RIPK2/PANX1/MAPKAPK2/CARD9/CD74/WNT5A/LILRB1/PYCARD/GPRC5B/CD36/TLR7	11
GO:2000191	regulation of fatty acid transport	11/2449	24/12472	0.00322927694083697	0.0184786402725671	0.012413032595345	PTGES/P2RX4/EPRS1/ERFE/ACSL1/FABP3/ACSL5/EDN1/PLA2R1/THBS1/IL1A	11
GO:0042476	odontogenesis	23/2449	67/12472	0.00331731217145072	0.0189419232305864	0.0127242430726277	FAM20A/RUNX2/SNX10/TUFT1/PDGFRA/ADM/FAM20C/TMT1A/APCDD1/EDN1/PERP/TNFRSF11B/LAMB1/GLI3/ALPL/INHBA/COL1A1/NGFR/SERPINE1/LRP4/LAMA5/CSF1/SMPD3	23
GO:1901657	glycosyl compound metabolic process	23/2449	67/12472	0.00331731217145072	0.0189419232305864	0.0127242430726277	ENPP4/ADK/DNPH1/GUSB/ABHD10/MTAP/PGM2/FUCA1/ACP3/UPP1/NUDT1/NT5C3A/PNP/AKR1B1/ADA/TK2/APRT/APOBEC3F/ADA2/UPB1/APOBEC3G/CDA/MACROD1	23
GO:0048545	response to steroid hormone	64/2449	237/12472	0.00339042028969837	0.0193387551348504	0.0129908150330016	SSTR2/RELA/STRN3/CD38/CFLAR/ACOD1/ATP5F1A/ACE/CARD9/NR3C1/DNAJA1/GPI/PPARGC1B/CASP3/ABHD2/NPC1/GJB2/NR4A3/FOSL2/IL10/ADM/DDIT4/ZFP36L2/CYP7B1/PAQR8/ALAD/TRERF1/PLPP1/PHB1/ASS1/ADTRP/PAK1/ZDHHC7/SRD5A1/PCK2/ANXA3/FECH/TNF/FOSL1/EDN1/BCL2/NEDD4/TLR2/IL1RN/BMP6/NR1D1/SSTR3/A2M/BCKDHB/SMYD3/ZFP36/SERPINF1/SGK1/NKX3-1/IGFBP7/ABCA2/ALPL/INHBA/TFAP4/COL1A1/AREG/TFPI/THBS1/MAOB	64
GO:0098869	cellular oxidant detoxification	24/2449	71/12472	0.00343884642597762	0.0195457000008923	0.0131298303138732	PTGES/SELENOW/TXNRD3/NNT/MGST2/GCH1/TXN/SESN2/GSTO2/PTGS1/MGST1/DUOX2/NQO1/CAT/GSTM2/NXN/APOE/CYGB/CD36/S100A9/ALOX5AP/MPO/GPX3/IPCEF1	24
GO:1990138	neuron projection extension	39/2449	131/12472	0.00344186397397408	0.0195457000008923	0.0131298303138732	ULK2/SEMA4B/NRP2/SEMA3C/SEMA4D/CDK5/VEGFA/SMURF1/IMPACT/WNT5A/CPNE9/NTN1/MAP3K13/DDR1/UNC13A/CDH1/EDN1/LIMK1/PLXNA1/SEMA4C/CTTN/VCL/RASAL1/NRCAM/SEMA3A/RTN4R/APOE/WASF1/SEMA3B/NEDD4L/SEMA6B/SEMA6A/DRAXIN/SYT1/OLFM1/LHX2/PLXNA4/ITGA4/CPNE5	39
GO:0006000	fructose metabolic process	7/2449	12/12472	0.00348144096356445	0.0195457000008923	0.0131298303138732	TKFC/PFKFB2/SORD/FBP1/PFKFB3/AKR1B1/KHK	7
GO:0007588	excretion	7/2449	12/12472	0.00348144096356445	0.0195457000008923	0.0131298303138732	MLLT6/MDK/EDN1/KCNMA1/ABCG2/EDNRB/LIPA	7
GO:0032026	response to magnesium ion	7/2449	12/12472	0.00348144096356445	0.0195457000008923	0.0131298303138732	SLC41A1/FBP1/TNFRSF11B/BMP6/ANK3/THBS1/SMPD3	7
GO:0032725	positive regulation of granulocyte macrophage colony-stimulating factor production	7/2449	12/12472	0.00348144096356445	0.0195457000008923	0.0131298303138732	CD80/RASGRP1/CARD9/IL12B/RIGI/IL18/IL23A	7
GO:0042219	cellular modified amino acid catabolic process	7/2449	12/12472	0.00348144096356445	0.0195457000008923	0.0131298303138732	MTHFS/SARDH/PCYOX1/PCYOX1L/LOC102724560/CBS/GGACT	7
GO:0043116	negative regulation of vascular permeability	7/2449	12/12472	0.00348144096356445	0.0195457000008923	0.0131298303138732	VEGFA/ADM/ADORA2A/FERMT2/AKAP12/PDE2A/CEACAM1	7
GO:0045628	regulation of T-helper 2 cell differentiation	7/2449	12/12472	0.00348144096356445	0.0195457000008923	0.0131298303138732	BCL6/HLX/CD86/ASCL2/IL18/TNFSF4/NLRP3	7
GO:0045779	negative regulation of bone resorption	7/2449	12/12472	0.00348144096356445	0.0195457000008923	0.0131298303138732	GPR137B/CD38/TNFAIP3/INPP5D/TNFRSF11B/HAMP/TMEM119	7
GO:0055119	relaxation of cardiac muscle	7/2449	12/12472	0.00348144096356445	0.0195457000008923	0.0131298303138732	KCNJ2/P2RX4/GSN/PDE4B/PDE4D/GSTM2/ATP1B1	7
GO:0060445	branching involved in salivary gland morphogenesis	7/2449	12/12472	0.00348144096356445	0.0195457000008923	0.0131298303138732	SEMA3C/TGM2/PDGFA/TNF/PLXNA1/HGF/LAMA5	7
GO:0090715	immunological memory formation process	7/2449	12/12472	0.00348144096356445	0.0195457000008923	0.0131298303138732	BCL6/FGL2/HLA-DRB1/HLA-DRA/IL12B/IL23A/TNFSF4	7
GO:0150079	negative regulation of neuroinflammatory response	7/2449	12/12472	0.00348144096356445	0.0195457000008923	0.0131298303138732	CD200/TNFRSF1B/LDLR/TAFA3/NR1D1/TREM2/CD200R1	7
GO:2000562	negative regulation of CD4-positive, alpha-beta T cell proliferation	7/2449	12/12472	0.00348144096356445	0.0195457000008923	0.0131298303138732	TWSG1/CD274/LGALS9B/VSIR/LGALS9/LGALS9C/ARG2	7
GO:0010765	positive regulation of sodium ion transport	10/2449	21/12472	0.00351069111460421	0.0196071549633161	0.01317111270481	SCN1B/MLLT6/GPD1L/CNKSR3/FGF13/DMD/ATP1B2/ANK3/ATP1B1/SCN4B	10
GO:0010884	positive regulation of lipid storage	10/2449	21/12472	0.00351069111460421	0.0196071549633161	0.01317111270481	ZC3H12A/FITM2/NFKB1/EHD1/APOC4/SCARB1/CD36/ACACB/MSR1/MIR34A	10
GO:0010888	negative regulation of lipid storage	10/2449	21/12472	0.00351069111460421	0.0196071549633161	0.01317111270481	PTPN2/NFKBIA/ITGAV/TNF/MIR146A/TTC39B/TREM2/PPARG/ITGB3/LEP	10
GO:0043032	positive regulation of macrophage activation	10/2449	21/12472	0.00351069111460421	0.0196071549633161	0.01317111270481	CEBPA/IL10/TNIP2/WNT5A/TAFA3/HAMP/TREM2/CCL3/STAP1/THBS1	10
GO:0086091	regulation of heart rate by cardiac conduction	10/2449	21/12472	0.00351069111460421	0.0196071549633161	0.01317111270481	SCN1B/KCNJ2/KCNE5/TRPM4/KCNJ5/KCNE1/KCNQ1/SCN4B/DSP/ANK2	10
GO:0010634	positive regulation of epithelial cell migration	37/2449	123/12472	0.00355600093730008	0.01983952189602	0.0133272052672058	HIF1A/INSL3/NRP2/ATP5F1A/ZC3H12A/RIN2/HDAC7/GPI/CD40/P2RX4/VEGFA/TGFBR2/ADGRA2/WNT5A/ANXA3/MAP2K3/JCAD/ENPP2/AKT3/EDN1/MIR146A/SASH1/SCARB1/EPB41L5/IFNG/ATOH8/LGMN/ETS1/HBEGF/SPARC/ITGA2/ITGA3/ITGB3/GATA2/HDAC9/MET/THBS1	37
GO:0007200	phospholipase C-activating G protein-coupled receptor signaling pathway	20/2449	56/12472	0.00356573338294705	0.019852461537489	0.0133358974755586	FPR2/GNA15/CHRM3/PLCB2/HRH1/TGM2/F2RL2/P2RY11/PLCB1/FFAR2/P2RY1/LPAR6/FPR3/EDNRB/FFAR1/P2RY6/CX3CR1/HTR2B/FFAR4/LPAR4	20
GO:0014033	neural crest cell differentiation	20/2449	56/12472	0.00356573338294705	0.019852461537489	0.0133358974755586	HIF1A/JAG1/SEMA4B/NRP2/SEMA3C/SEMA4D/OVOL2/EDN1/SEMA4C/SEMA3A/EXT1/HES1/SEMA3B/KBTBD8/EDNRB/SEMA6B/SEMA6A/HTR2B/SOX8/LAMA5	20
GO:0006979	response to oxidative stress	85/2449	330/12472	0.0035810933525731	0.0198866876632338	0.0133588888866265	HIF1A/RELA/CPEB2/MAP1LC3A/FOXO3/TXN2/EZH2/HMOX2/PPP1R15B/MAP3K5/STK26/CD38/AIFM2/TRIM25/OSER1/ZC3H12A/TNFAIP3/PPARGC1B/GCLM/CASP3/PDGFRA/GJB2/MTF1/ERCC8/SESN3/IL18BP/GCH1/ALAD/MMP14/PNPLA8/SELENOP/PPIF/TXN/GCLC/NUDT1/VRK2/SESN2/TP53/PLK3/PTGS1/MGST1/MSRB3/TRAP1/DUOX2/FOSL1/EDN1/FXN/BCL2/NQO1/PCGF2/PLA2R1/SPHK1/TRPM2/CAT/ETV5/PDK2/AIF1/RGS14/HGF/APOE/CYGB/CD36/DDR2/UCP2/MGAT3/MPV17L/VNN1/COL1A1/RBM11/MPO/NME8/GPX3/IL18RAP/SLC7A11/AREG/APOD/PTPRK/MET/CDK1/MMP2/IPCEF1/SMPD3/MIR34A/IL1A/NR4A2	85
GO:0006968	cellular defense response	17/2449	45/12472	0.00359044566287286	0.0198866876632338	0.0133588888866265	RELA/ADORA2A/FOSL1/LILRB2/SPN/LSP1/IL1RL2/FCMR/CCR5/CCR6/MNDA/NCR1/PRF1/CCR2/CX3CR1/TRAT1/ITK	17
GO:0009593	detection of chemical stimulus	17/2449	45/12472	0.00359044566287286	0.0198866876632338	0.0133588888866265	TLR1/CALM2/PLCB2/CLEC7A/RTP4/KCNMB1/TLR2/OR2I1P/SCARB1/PKD2L1/TREM2/OR5B21/SYT1/FFAR4/OR6N1/NR4A1/OR52N4	17
GO:0032715	negative regulation of interleukin-6 production	17/2449	45/12472	0.00359044566287286	0.0198866876632338	0.0133588888866265	IL27RA/SLAMF1/ZC3H12A/TNFAIP3/CD200/RABGEF1/IL10/INPP5D/IL36RN/TNF/CD84/MIR146A/HGF/CD200R1/ORM1/BANK1/NMB	17
GO:2000242	negative regulation of reproductive process	17/2449	45/12472	0.00359044566287286	0.0198866876632338	0.0133588888866265	DDB1/PLAT/RPS6KA2/WNT5A/ZP3/SHB/ADA/ARHGDIB/DUSP1/ASTL/ACVR1C/SERPINF1/NKX3-1/SNAI1/LIF/IL1A/SEMG2	17
GO:0006766	vitamin metabolic process	26/2449	79/12472	0.00361550590594605	0.0199841585472106	0.0134243649845458	AIFM2/PNPO/MTHFS/CBR1/ACP3/NFKB1/GCLC/PDXP/GSTO2/AKR1B1/CYP27B1/TNF/NNMT/NQO1/CLYBL/SLC2A3/SLC46A1/SHMT1/IFNG/LGMN/SLC19A1/LIPA/SNAI1/ALPL/VNN1/VNN2	26
GO:0072073	kidney epithelium development	26/2449	79/12472	0.00361550590594605	0.0199841585472106	0.0134243649845458	BASP1/JAG1/VEGFA/SDC4/HS3ST3B1/FMN1/BCL2/GREM1/PECAM1/CAT/CTNNBIP1/MTSS1/PTPRO/GLI3/EXT1/DCHS1/HES1/EDNRB/HS3ST3A1/LIF/SOX8/DLL1/ARG2/GDF11/LAMA5/LGR4	26
GO:0032633	interleukin-4 production	13/2449	31/12472	0.00367267972282755	0.0202415182259568	0.0135972464322	SLC7A5/CD83/FCER1G/PRG2/CD86/IRF4/ZP3/HLA-DRB1/IL1RAP/LGALS9/CLECL1P/TNFSF4/NLRP3	13
GO:0032673	regulation of interleukin-4 production	13/2449	31/12472	0.00367267972282755	0.0202415182259568	0.0135972464322	SLC7A5/CD83/FCER1G/PRG2/CD86/IRF4/ZP3/HLA-DRB1/IL1RAP/LGALS9/CLECL1P/TNFSF4/NLRP3	13
GO:0010951	negative regulation of endopeptidase activity	27/2449	83/12472	0.00367425224864422	0.0202415182259568	0.0135972464322	RFFL/LAMP3/CARD16/DNAJB6/SIAH2/SERPINA1/VEGFA/SERPINB9/CD44/SERPINB8/NOL3/CDKN2D/TIMP2/SERPINA2/TRIAP1/SERPINE2/PLAUR/TNF/SERPINF2/CST3/HGF/VTN/SERPINF1/CR1/SERPINE1/SORL1/THBS1	27
GO:0045664	regulation of neuron differentiation	34/2449	111/12472	0.00368849591552074	0.0202415182259568	0.0135972464322	JAG1/BCL6/SOCS2/IMPACT/ZFHX2/ZHX2/MAP3K13/ID2/BCL2/NOTCH3/MYCL/MIR146A/ALK/ETV5/BMP6/CSNK1E/GLI3/CASZ1/NRCAM/GPRC5B/HES1/NREP/EDNRB/DIXDC1/RAP1GAP/EFNA3/GATA2/HEY1/SOX8/ZEB1/DLL1/ISL2/LTK/GDF11	34
GO:0007340	acrosome reaction	9/2449	18/12472	0.0037074047835115	0.0202415182259568	0.0135972464322	B4GALT1/ABHD2/ZP3/STXBP1/PLCB1/PLB1/TRIM36/SYT6/PCSK4	9
GO:0007435	salivary gland morphogenesis	9/2449	18/12472	0.0037074047835115	0.0202415182259568	0.0135972464322	TWSG1/SEMA3C/TGM2/PDGFA/TNF/PLXNA1/HGF/NKX3-1/LAMA5	9
GO:0072574	hepatocyte proliferation	9/2449	18/12472	0.0037074047835115	0.0202415182259568	0.0135972464322	CFLAR/TNFAIP3/MDK/HPN/TGFA/TNF/SULF2/GLI1/CEACAM1	9
GO:0072575	epithelial cell proliferation involved in liver morphogenesis	9/2449	18/12472	0.0037074047835115	0.0202415182259568	0.0135972464322	CFLAR/TNFAIP3/MDK/HPN/TGFA/TNF/SULF2/GLI1/CEACAM1	9
GO:1903587	regulation of blood vessel endothelial cell proliferation involved in sprouting angiogenesis	9/2449	18/12472	0.0037074047835115	0.0202415182259568	0.0135972464322	VEGFA/DLL4/JCAD/MIR146A/IL12B/PPP1R16B/GATA2/NGFR/THBS1	9
GO:0009063	amino acid catabolic process	28/2449	87/12472	0.00371565894801921	0.0202415182259568	0.0135972464322	IDO1/IDO2/ECHS1/ABAT/BCKDHA/HIBADH/AUH/HAAO/AFMID/IVD/SARDH/ASRGL1/AASS/LOC102724560/CBS/BCKDHB/SHMT1/GPT2/HAL/ALDH5A1/HPD/AMDHD1/SDS/CRYM/ARG2/HDC/GCAT/TDO2	28
GO:0030316	osteoclast differentiation	28/2449	87/12472	0.00371565894801921	0.0202415182259568	0.0135972464322	GPR137B/SNX10/SLC9B2/MITF/PPARGC1B/FOSL2/FAM20C/ERFE/INPP5D/SBNO2/LILRB1/TNFAIP6/TNF/TNFRSF11B/IL12B/TREM2/GPR183/IFNG/CCL3/CSF1R/EPHA2/SIGLEC15/NEDD9/OCSTAMP/DCSTAMP/IL23A/FBN1/CSF1	28
GO:0002070	epithelial cell maturation	8/2449	15/12472	0.00373884359071503	0.0202415182259568	0.0135972464322	HIF1A/GPAT4/CEBPA/AKR1B1/KCNE1/TFCP2L1/GATA2/GDF11	8
GO:0002922	positive regulation of humoral immune response	8/2449	15/12472	0.00373884359071503	0.0202415182259568	0.0135972464322	CCR7/ACOD1/PHB1/ZP3/TNF/TREM2/LTA/CR1	8
GO:0010894	negative regulation of steroid biosynthetic process	8/2449	15/12472	0.00373884359071503	0.0202415182259568	0.0135972464322	INSIG2/NFKB1/CYP27B1/INSIG1/APOE/PDE8B/SNAI1/DKK3	8
GO:0031290	retinal ganglion cell axon guidance	8/2449	15/12472	0.00373884359071503	0.0202415182259568	0.0135972464322	VEGFA/EPHB1/NDP/PTPRO/NRCAM/EPHB2/EPHB3/ISL2	8
GO:0060343	trabecula formation	8/2449	15/12472	0.00373884359071503	0.0202415182259568	0.0135972464322	BMP10/PPARGC1B/OVOL2/GREM1/COL1A1/HEY1/SLC40A1/MMP2	8
GO:0061298	retina vasculature development in camera-type eye	8/2449	15/12472	0.00373884359071503	0.0202415182259568	0.0135972464322	HIF1A/CLIC4/PDGFRA/NDP/FZD4/ACVRL1/PDGFRB/LRP5	8
GO:1900221	regulation of amyloid-beta clearance	8/2449	15/12472	0.00373884359071503	0.0202415182259568	0.0135972464322	CLU/CYP51A1/HMGCR/TNF/TREM2/APOE/IFNG/MIR34A	8
GO:2000402	negative regulation of lymphocyte migration	8/2449	15/12472	0.00373884359071503	0.0202415182259568	0.0135972464322	IL27RA/CD200/ADTRP/RIPOR2/CD200R1/CCL2/GCSAM/APOD	8
GO:0002444	myeloid leukocyte mediated immunity	29/2449	91/12472	0.00374143074004802	0.0202415182259568	0.0135972464322	NDST2/ACE/RASGRP1/CARD9/TRAF3IP2/RABGEF1/NR4A3/SERPINB9/FOXF1/ITGB2/LYN/FES/VAMP8/ANXA3/STXBP1/CD84/LGALS9/TREM1/RIGI/CXCL6/ITGAM/PRAM1/CCL3/ADORA2B/LAT/CCR2/CX3CR1/STAP1/GATA2	29
GO:1901222	regulation of non-canonical NF-kappaB signal transduction	29/2449	91/12472	0.00374143074004802	0.0202415182259568	0.0135972464322	RELA/CCL19/NFKBIA/ZC3H12A/HDAC7/PHB1/CD86/UACA/NFAT5/TNF/EDN1/GREM1/LGALS9/MIR146A/TLR2/SPHK1/ADISSP/IL12B/SASH1/PTP4A3/PYCARD/EIF2AK2/TREM2/TLR7/NLRP2/IL18/IL23A/NLRP3/IL18R1	29
GO:0048639	positive regulation of developmental growth	31/2449	99/12472	0.00375241487577354	0.0202600141881483	0.0136096711008001	BASP1/LPAR3/BMP10/HLX/SEMA4D/VEGFA/SMURF1/ZP3/CPNE9/NTN1/GPAM/AGRN/MAP3K13/UNC13A/EDN1/BCL2/PIM1/PLCB1/LIMK1/RASAL1/IL7/NEDD4L/SPTBN4/ACACB/SYT1/CPNE5/GLI1/DLL1/LEP/CDK1/CSF1	31
GO:0071322	cellular response to carbohydrate stimulus	31/2449	99/12472	0.00375241487577354	0.0202600141881483	0.0136096711008001	HIF1A/ICAM1/SLC9B2/ACE/PIM3/GCLM/SLC39A14/RPS6KA2/FBP1/GCLC/CLEC7A/HLA-DRB1/PCK2/MAP2K3/NDUFAF2/KLF7/MIR146A/PLCB1/MLXIPL/NR1D1/TRPM4/TREM2/CALCRL/SLC29A1/PDE8B/UCP2/SERPINF1/LRP5/LEP/COLEC12/PTPRN2	31
GO:0030308	negative regulation of cell growth	41/2449	140/12472	0.00381561499265061	0.0205597926565761	0.0138110473841785	ULK2/BTG1/BCL6/DCUN1D3/SEMA4B/PPT1/SEMA3C/BMP10/SEMA4D/CDK5/OSGIN2/ADAM15/ACVR1B/PHB1/FBP1/CDKN2D/WNT5A/NTN1/ST20/SESN2/TP53/SERPINE2/PML/CYP27B1/CDH1/BCL2/GREM1/CDKN2A/PSRC1/SEMA4C/FGF13/CDA/SEMA3A/RTN4R/SEMA3B/ACVRL1/SEMA6B/SEMA6A/INHBA/DRAXIN/DCSTAMP	41
GO:0034764	positive regulation of transmembrane transport	41/2449	140/12472	0.00381561499265061	0.0205597926565761	0.0138110473841785	SCN1B/SLC1A2/PPP3CC/SLC7A5/KCNJ2/CACNB3/AZIN1/P2RX4/KCNE5/CALM2/NR4A3/ERFE/ACSL1/ACSL5/EDN1/KCNMB1/FGF13/DMD/GSTM2/CASQ1/ATP1B2/TREM2/P2RX5/IFNG/EPHB2/IRS1/CD19/KCNE1/CCL2/ANK3/ATP1B1/KCNN4/KCNQ1/CCR2/STAC/SORBS1/CEMIP/P2RY6/CA2/ANK2/CXCL10	41
GO:0019216	regulation of lipid metabolic process	63/2449	234/12472	0.00390934033216672	0.0210436450443065	0.0141360753825399	CCR7/INSIG2/CCL19/RUBCNL/STARD4/NR3C1/PDGFRA/NR4A3/FITM2/ADM/APOC2/LDLR/CD74/PLPP1/ERFE/NFKB1/FABP3/PDGFA/THRA/ADORA1/ID2/CYP27B1/INSIG1/AVIL/TNF/ZFP69/SPHK1/ALK/APOC1/TTC39B/MLXIPL/SLC27A1/MTLN/BMP6/NR1D1/SCARB1/PDK2/TREM2/HCAR2/APOE/IFNG/MFSD2A/IRS1/CD19/PDE8B/IGFBP7/SNAI1/ABCA2/SORBS1/CH25H/ACACB/DKK3/SEC14L2/PPARG/HTR2B/PDGFRB/TRIB3/CEACAM1/APOD/LEP/SORL1/EPHX2/IL1A	63
GO:0001823	mesonephros development	18/2449	49/12472	0.00393860682273062	0.0211798977334791	0.0142276031706756	BASP1/VEGFA/SDC4/HS3ST3B1/FMN1/BCL2/GREM1/CAT/CTNNBIP1/GLI3/DCHS1/HES1/HS3ST3A1/SOX8/ARG2/GDF11/LAMA5/LGR4	18
GO:0050890	cognition	53/2449	191/12472	0.00397909799609053	0.0213761773992586	0.0143594540998125	HIF1A/SLC11A2/ITGA5/SLC8A3/PPT1/GPI/CASP3/CDK5/HMGCR/DOP1B/LDLR/ST3GAL4/HRH1/TAFA2/ZNF385A/MDK/THRA/ADORA1/HLA-DRA/MAPK8IP2/TNF/FOSL1/GATM/DCANP1/TLR2/PLCB1/TIFAB/LILRB2/FGF13/TANC1/RGS14/TREM2/APOE/NRXN2/MFSD2A/EPHB2/PDE8B/LGMN/MGAT3/NEDD9/SERPINF1/SGK1/RASGRF1/HOXA1/CX3CR1/SLC12A5/ITGA3/MME/CCND2/SLC7A11/ITPR3/JPH4/CRHBP	53
GO:0002791	regulation of peptide secretion	38/2449	128/12472	0.00405621516600884	0.0217686256805044	0.0146230813600023	HIF1A/CD38/SLC9B2/ABAT/PIM3/PFKFB2/CD74/CHRM3/MIDN/HLA-DRB1/PCK2/TM7SF3/ADORA1/F2RL2/NDUFAF2/KLF7/SLC16A1/ACSL4/HADH/CCL5/TNF/PLCB1/FFAR2/NR1D1/HFE/TRPM4/IFNG/IRS1/PDE8B/ACVR1C/UCP2/FFAR3/STX1A/FFAR1/FFAR4/LRP5/LEP/CRHBP	38
GO:0030516	regulation of axon extension	23/2449	68/12472	0.00409868535040126	0.0219745332700192	0.0147613998500306	SEMA4B/SEMA3C/SEMA4D/CDK5/VEGFA/SMURF1/WNT5A/NTN1/MAP3K13/CDH1/LIMK1/SEMA4C/CTTN/NRCAM/SEMA3A/RTN4R/APOE/SEMA3B/SEMA6B/SEMA6A/DRAXIN/OLFM1/PLXNA4	23
GO:0060759	regulation of response to cytokine stimulus	43/2449	149/12472	0.00417008952530834	0.0223349994975515	0.0150035431552673	PTPN2/HIF1A/CASP4/RFFL/RIPK2/CASP1/TBK1/CARD16/MAPKAPK2/PTPN1/TNFAIP3/RABGEF1/CD74/IRF7/WNT5A/IL1R2/VRK2/NLRC5/IRAK2/USP27X/PARP14/IL36RN/CCL5/EDN1/USP18/MMP12/TLR2/SPHK1/IL1RN/IFIH1/PYCARD/PARP9/RIGI/TREM2/IL7/ZBP1/ROBO1/ISG15/PPARG/STAP1/BIRC7/LRRC70/CSF1	43
GO:0043507	positive regulation of JUN kinase activity	12/2449	28/12472	0.00419871540515206	0.0224434328443058	0.0150763832911122	CCL19/MAP3K4/MAP3K5/PTPN1/PAK1/WNT5A/MAP3K13/TNF/EDN1/SASH1/ARHGEF5/DUSP19	12
GO:0050832	defense response to fungus	12/2449	28/12472	0.00419871540515206	0.0224434328443058	0.0150763832911122	CARD9/COTL1/CLEC7A/IL36RN/IL17RC/HAMP/S100A9/ZBP1/CLEC4E/CX3CR1/MPO/S100A12	12
GO:0042771	intrinsic apoptotic signaling pathway in response to DNA damage by p53 class mediator	16/2449	42/12472	0.00423691086490208	0.0226215565611225	0.0151960379556458	DYRK2/PHLDA3/MUC1/BRCA2/DDIT4/CD74/CHEK2/CD44/ZNF385A/TRIAP1/TP53/PML/BCL2/HIPK2/PYCARD/NUPR1	16
GO:2000379	positive regulation of reactive oxygen species metabolic process	19/2449	53/12472	0.00424048595731273	0.0226215565611225	0.0151960379556458	SLC5A3/ACOD1/ZC3H12A/GADD45A/TGFBR2/FPR2/NNT/CBR1/ITGB2/CLEC7A/DCXR/TP53/HVCN1/ADGRB1/ITGAM/CD36/PDGFRB/LEP/THBS1	19
GO:0010976	positive regulation of neuron projection development	35/2449	116/12472	0.00426126114195615	0.0227097658470817	0.0152552925720934	SCN1B/RAPGEF2/EZH2/NCKIPSD/BAIAP2/CFLAR/VEGFA/EEF2K/LYN/CAMK1D/WNT5A/EHD1/ABL2/MDK/FES/CAMK1/LRP8/SCARF1/DDR1/AVIL/ALK/TUBB2B/ATP1B2/APOE/EPHB2/S100A9/DDR2/ITGA6/SERPINF1/FEZ1/COBL/ITGA3/ITPKA/DBN1/LTK	35
GO:0050770	regulation of axonogenesis	34/2449	112/12472	0.00431777498222884	0.0229880743586657	0.0154422464049997	ULK2/TIAM2/SEMA4B/SEMA3C/LPAR3/SEMA4D/CDK5/VEGFA/SMURF1/PAK1/WNT5A/NTN1/PLXNB1/MAP3K13/CDH1/KEL/LIMK1/PLXNA1/SEMA4C/FGF13/SEMA3A/SHOX2/RTN4R/EPHB2/CHN1/SEMA3B/ROBO1/SEMA6B/SEMA6A/DRAXIN/PLXNA4/EPHB3/MCF2/LRP4	34
GO:0001508	action potential	26/2449	80/12472	0.00437529269993583	0.0232480830365638	0.0156169073186933	SCN1B/KCNJ2/CACNB3/P2RX4/KCNE5/GNA15/NDP/GPD1L/KCNQ3/TNF/FGF13/DMD/NRCAM/TRPM4/KCNJ5/CD36/KCNE1/NEDD4L/USP53/ANK3/SCN8A/ATP1B1/KCNQ1/SCN4B/DSP/ANK2	26
GO:0048525	negative regulation of viral process	26/2449	80/12472	0.00437529269993583	0.0232480830365638	0.0156169073186933	N4BP1/TRIM25/TNIP1/CIITA/GSN/ISG20/IFIT5/PLSCR1/ZNFX1/CCL5/TNF/APOBEC3F/RSAD2/IFITM1/IFIH1/APOBEC3G/EIF2AK2/FCN1/OASL/ZFP36/IFITM3/MX1/CH25H/ISG15/PTX3/IFIT1	26
GO:0021782	glial cell development	27/2449	84/12472	0.00442170190726079	0.0234713928793744	0.0157669157780162	NDRG1/CLU/CDK5/PALS1/B4GALT5/LDLR/CDK6/EIF2B3/LYN/MDK/ADORA2A/TNF/TLR2/NR1D1/PRDM8/TREM2/PHGDH/IFNG/S100A9/KCNJ10/MYRF/ABCA2/C1QA/GFAP/B4GALT6/DLL1/WASF3	27
GO:0010466	negative regulation of peptidase activity	28/2449	88/12472	0.00444901430109014	0.0235696543982579	0.0158329229851904	RFFL/LAMP3/CARD16/DNAJB6/SIAH2/SERPINA1/VEGFA/SERPINB9/CSTA/CD44/SERPINB8/NOL3/CDKN2D/TIMP2/SERPINA2/TRIAP1/SERPINE2/PLAUR/TNF/SERPINF2/CST3/HGF/VTN/SERPINF1/CR1/SERPINE1/SORL1/THBS1	28
GO:0050688	regulation of defense response to virus	28/2449	88/12472	0.00444901430109014	0.0235696543982579	0.0158329229851904	IL15/ZC3H12A/LILRA4/TRAF3IP2/TNFAIP3/TKFC/DHX58/MEFV/RAB7B/FGL2/CGAS/TSPAN32/LILRB1/DTX3L/RNF125/MMP12/APOBEC3F/AIM2/SPN/IL12B/PYCARD/PARP9/APOBEC3G/RIGI/TREM2/IL27/IL23A/HERC5	28
GO:0008630	intrinsic apoptotic signaling pathway in response to DNA damage	29/2449	92/12472	0.00445931098015771	0.0235775613126601	0.0158382344575041	MCL1/DYRK2/CLU/PHLDA3/FNIP2/BCL2A1/MUC1/PRKDC/BRCA2/TNFRSF1B/DDIT4/CD74/CHEK2/CD44/DDIAS/CDKN2D/ZNF385A/TRIAP1/TP53/PML/TNF/BCL2/ACKR3/HIPK2/PYCARD/IER3/EPHA2/SNAI1/NUPR1	29
GO:1903305	regulation of regulated secretory pathway	29/2449	92/12472	0.00445931098015771	0.0235775613126601	0.0158382344575041	PFN2/CDK5/RABGEF1/FOXF1/ITGB2/LYN/ZP3/FES/VAMP8/STXBP1/TRPV6/CD84/LGALS9/SYP/SYN1/ITGAM/P2RY1/PRAM1/SLC4A8/ADORA2B/STX1A/CCR2/SCAMP5/DOC2A/SYT1/RAB15/GATA2/CEACAM1/SYT6	29
GO:0002790	peptide secretion	45/2449	158/12472	0.00450329554355384	0.0237866379992844	0.0159786817895433	HIF1A/CD38/SLC9B2/ABAT/PIM3/PFKFB2/CD74/CHRM3/MIDN/HLA-DRB1/PCK2/TM7SF3/ADORA1/F2RL2/NDUFAF2/KLF7/SLC16A1/ACSL4/HADH/CCL5/TNF/EDN1/PLCB1/FFAR2/IL1RN/NR1D1/HFE/TRPM4/IFNG/IRS1/PDE8B/SLC16A10/ACVR1C/UCP2/FFAR3/STX1A/FFAR1/EXOC3L1/FFAR4/LRP5/TRPV4/LEP/CRHBP/PTPRN2/SMPD3	45
GO:0070588	calcium ion transmembrane transport	59/2449	218/12472	0.00452455997182182	0.023875412028648	0.0160383157725559	MCOLN2/CCR7/PPP3CC/PLCB4/CCL19/CACNB3/SLC8A3/ITGAV/PANX1/P2RX4/CALM2/PKD1L1/PLCB2/LYN/NOL3/PDE4B/SLC24A3/RYR1/NCS1/PML/EDN1/BCL2/TRPV6/CABP4/PLCB1/TRPM2/PDE4D/TPCN1/CACNA1A/DMD/GSTM2/CASQ1/TRPM4/PKD2L1/P2RX5/CCL3/CD19/TRPV5/CCR5/CACNA2D3/ANXA9/CACNA1E/SCN8A/ATP1B1/EDNRB/STAC/CEMIP/TMEM37/P2RY6/ITGB3/HTR2B/TSPAN13/CACHD1/FASLG/ITPR3/TRPV4/JPH4/ANK2/CXCL10	59
GO:0001933	negative regulation of protein phosphorylation	64/2449	240/12472	0.00463305902926812	0.0244238820479922	0.016406750685908	PTPN2/ADARB1/SOCS1/CEP85/SLC8A3/PPP1R15B/CEBPA/SOCS3/NCK2/ZC3H12A/GADD45A/PTPN1/DNAJA1/ERRFI1/SEMA4D/NIBAN1/PRKDC/RABGEF1/CALM2/NNT/IMPACT/DUSP7/ZBED3/HHEX/LYN/TRIB1/SAMSN1/GPD1L/INSM1/CNKSR3/PARP14/SPRED2/CDKN2A/MIR146A/DUSP1/HEG1/UCHL1/MLXIPL/PDE4D/PTPRO/DMD/PYCARD/INPP5J/DUSP16/RGS14/HGF/APOE/IFNG/PKIG/EPHB2/DUSP19/DEPTOR/CTDSPL/TRIB2/TFAP4/PPARG/IGFBP3/PTPN13/TRIB3/LRP5/CEACAM1/SORL1/MIR34A/LAX1	64
GO:0010812	negative regulation of cell-substrate adhesion	17/2449	46/12472	0.00467098339420816	0.0245754293314135	0.01650855262269	JAG1/BCL6/RCC2/KANK1/ADAM15/MMP14/GBP1/CDKN2A/MMP12/FZD4/PTPRO/DLC1/ACVRL1/COL1A1/SERPINE1/APOD/THBS1	17
GO:0019884	antigen processing and presentation of exogenous antigen	17/2449	46/12472	0.00467098339420816	0.0245754293314135	0.01650855262269	CTSL/HLA-DMA/HLA-DPB1/HLA-DPA1/HLA-DMB/CD74/FCER1G/HLA-DRB1/CD1D/HLA-DRA/HLA-DQB1/CD1E/HLA-DRB5/LGMN/HLA-DOA/HLA-DOB/HLA-DQB2	17
GO:0050848	regulation of calcium-mediated signaling	21/2449	61/12472	0.00471246139014833	0.0247693260114175	0.0166388027803595	PPP3CC/DYRK2/PDGFRA/P2RX4/CALM2/CD4/CLEC7A/NFAT5/PLEK/GBP1/ADA/TNF/CCL4/PDK2/TREM2/P2RX5/CCL3/LMCD1/PDGFRB/SLA2/TRAT1	21
GO:0001658	branching involved in ureteric bud morphogenesis	11/2449	25/12472	0.00475585039618498	0.0248026628256736	0.0166611967961464	VEGFA/HS3ST3B1/BCL2/GREM1/CTNNBIP1/GLI3/DCHS1/HS3ST3A1/SOX8/LAMA5/LGR4	11
GO:0002363	alpha-beta T cell lineage commitment	11/2449	25/12472	0.00475585039618498	0.0248026628256736	0.0166611967961464	CTSL/BATF/SOCS3/IRF4/BCL2/SPN/LOXL3/IL12B/IL23A/TBX21/LY9	11
GO:0031664	regulation of lipopolysaccharide-mediated signaling pathway	11/2449	25/12472	0.00475585039618498	0.0248026628256736	0.0166611967961464	CARD16/ACOD1/TNFAIP3/TRIB1/SCIMP/BMP6/SASH1/LY86/CD180/CD55/CD36	11
GO:0032691	negative regulation of interleukin-1 beta production	11/2449	25/12472	0.00475585039618498	0.0248026628256736	0.0166611967961464	CARD16/ZC3H12A/TNFAIP3/MEFV/ACP5/PML/TREM2/FFAR1/CX3CR1/FFAR4/NLRP3	11
GO:0032753	positive regulation of interleukin-4 production	11/2449	25/12472	0.00475585039618498	0.0248026628256736	0.0166611967961464	SLC7A5/FCER1G/PRG2/CD86/IRF4/ZP3/IL1RAP/LGALS9/CLECL1P/TNFSF4/NLRP3	11
GO:0043369	CD4-positive or CD8-positive, alpha-beta T cell lineage commitment	11/2449	25/12472	0.00475585039618498	0.0248026628256736	0.0166611967961464	CTSL/BATF/SOCS3/IRF4/BCL2/SPN/LOXL3/IL12B/IL23A/TBX21/LY9	11
GO:0046641	positive regulation of alpha-beta T cell proliferation	11/2449	25/12472	0.00475585039618498	0.0248026628256736	0.0166611967961464	RIPK2/TGFBR2/EBI3/LGALS9/IL12B/CD55/CCR2/IL18/IL23A/TNFSF4/CARD11	11
GO:0072525	pyridine-containing compound biosynthetic process	11/2449	25/12472	0.00475585039618498	0.0248026628256736	0.0166611967961464	IDO1/IDO2/PNPO/NMRK1/NAMPT/NNMT/HAAO/AFMID/PARP10/PARP9/NMNAT2	11
GO:0045766	positive regulation of angiogenesis	37/2449	125/12472	0.00477985827634406	0.0248794178115634	0.016712756982808	HIF1A/ITGA5/BTG1/ZC3H12A/CD40/VEGFA/TGFBR2/IL10/ADM/NINJ1/WNT5A/MDK/HK2/ANXA3/JCAD/CYSLTR1/AKT3/RUNX1/GREM1/ADM2/SPHK1/ITGB8/SASH1/HIPK2/LRG1/ETS1/ACVRL1/CX3CR1/CXCL8/ITGB3/GATA2/EMILIN1/SERPINE1/TJP1/DLL1/THBS1/IL1A	37
GO:1904018	positive regulation of vasculature development	37/2449	125/12472	0.00477985827634406	0.0248794178115634	0.016712756982808	HIF1A/ITGA5/BTG1/ZC3H12A/CD40/VEGFA/TGFBR2/IL10/ADM/NINJ1/WNT5A/MDK/HK2/ANXA3/JCAD/CYSLTR1/AKT3/RUNX1/GREM1/ADM2/SPHK1/ITGB8/SASH1/HIPK2/LRG1/ETS1/ACVRL1/CX3CR1/CXCL8/ITGB3/GATA2/EMILIN1/SERPINE1/TJP1/DLL1/THBS1/IL1A	37
GO:0050804	modulation of chemical synaptic transmission	75/2449	289/12472	0.00488553174387907	0.0254047650681712	0.0170656591727937	ACHE/NEFH/PFN2/RAPGEF2/SLC8A3/CD38/BAIAP2/FLOT1/ACE/CDK5/HMGCR/EPHB1/PLAT/PNKD/CAMK2A/FBXO2/OPHN1/WNT5A/RETN/HRH1/LRP8/ADORA1/SERPINE2/STXBP1/KCNQ3/ADORA2A/UNC13A/BACE1/MAPK8IP2/CDH1/TNF/EDN1/SRGN/HIP1/PLCL1/PLCB1/LILRB2/TUBB2B/SYP/CACNA1A/SYN1/MYOF/AKAP12/ADGRB1/RGS14/SYNGR1/P2RY1/APOE/EPHB2/SLC4A8/KCNJ10/LGMN/ADORA2B/CCL2/CLSTN3/NTNG2/DNM1/STX1A/APBA1/CCR2/RASGRF1/ADORA3/SYT1/CX3CR1/GFAP/ITPKA/MME/PDE9A/RASGRF2/NGFR/SLC7A11/ITPR3/CA2/DBN1/JPH4	75
GO:0046394	carboxylic acid biosynthetic process	65/2449	245/12472	0.0049335326061382	0.025629486555263	0.0172166159046203	IDO1/INSIG2/DSE/PTGES/CASP1/STARD4/ABAT/FADS3/ABHD2/HSD3B7/MTAP/UROS/HACD3/APOC2/CBR1/MGST2/CYP7B1/CD74/PNPLA8/MTHFD1/ASS1/ELOVL7/SCP2/GGTA1/AKR1B1/PTGS1/ALDH1A1/INSIG1/EDN1/GATM/ACSS1/HAAO/LTA4H/GSTM4/OSBPL3/AASS/APOC1/MLXIPL/NR1D1/UPB1/DHRS9/PYCARD/SLC27A2/GSTM2/LOC102724560/CBS/MECR/FASN/OSBPL1A/ACSM5/PHGDH/SHMT1/BCAT1/ELOVL6/GSTM1/GGT5/FADS2/LIPG/ALOX15/ACACB/ALOX5AP/SDS/TRIB3/CEACAM1/PLOD2	65
GO:0043583	ear development	35/2449	117/12472	0.0049563476546989	0.0257230601148908	0.0172794739736443	INSIG2/ECE1/JAG1/CEBPA/MAPKAPK2/LRP10/GJB2/CECR2/SDC4/FZD6/WNT5A/NTN1/HPN/INSIG1/DDR1/TSHZ1/EDN1/DCANP1/BCL2/MYCL/TIFAB/GLI3/KCNQ4/EPHB2/DCHS1/HES1/KCNQ1/HOXA1/CTHRC1/CDH23/GATA2/MAF/ZEB1/ATP8B1/DLL1	35
GO:0072577	endothelial cell apoptotic process	15/2449	39/12472	0.00499513920121572	0.025899289023922	0.0173978558004334	MAP3K5/ICAM1/TNFAIP3/CD40/IL10/TNIP2/TNF/CCL2/ECSCR/ITGB3/ITGA4/GATA2/FASLG/SERPINE1/THBS1	15
GO:0090257	regulation of muscle system process	41/2449	142/12472	0.00501618568526071	0.0259832597004414	0.0174542631296153	KCNJ2/FOXO3/SLC8A3/ABAT/BMP10/ZC3H12A/P2RX4/CALM2/NR4A3/TNFRSF1B/GTF2IRD1/CHRM3/PDE4B/ADORA1/TNNT2/ADA/DOCK4/EDN1/DCANP1/TIFAB/SPHK1/PDE4D/CTTN/FGF13/DMD/GSTM2/MYBPH/CASQ1/TRPM4/ADORA2B/LMCD1/ATP1B1/KCNQ1/ITGA2/PROK2/PPARG/PDE9A/DSP/TRPV4/NR4A1/ANK2	41
GO:2000630	positive regulation of miRNA metabolic process	18/2449	50/12472	0.00504468710216654	0.0261056464919845	0.017536476496522	HIF1A/RELA/MRTFB/FOXO3/ZC3H12A/NR3C1/IL10/NEAT1/NFKB1/TP53/TNF/FOSL1/ATOH8/ETS1/KLF5/PPARG/GATA2/NGFR	18
GO:0019229	regulation of vasoconstriction	13/2449	32/12472	0.00508998150945493	0.0262134047736929	0.0176088631572034	ECE1/CD38/ACE/ADM/CHRM3/HRH1/CYSLTR1/DOCK4/EDN1/TRPM4/HRH2/LEP/MMP2	13
GO:0070498	interleukin-1-mediated signaling pathway	13/2449	32/12472	0.00508998150945493	0.0262134047736929	0.0176088631572034	RELA/NFKBIA/TNIP2/IL1R2/VRK2/IRAK2/IL1RAP/MIR146A/PLCB1/IL1RN/IL1RL2/ZBP1/ST18	13
GO:0090278	negative regulation of peptide hormone secretion	13/2449	32/12472	0.00508998150945493	0.0262134047736929	0.0176088631572034	PIM3/MIDN/NDUFAF2/KLF7/HADH/FFAR2/IRS1/PDE8B/ACVR1C/UCP2/FFAR4/LEP/CRHBP	13
GO:1903307	positive regulation of regulated secretory pathway	13/2449	32/12472	0.00508998150945493	0.0262134047736929	0.0176088631572034	CDK5/ITGB2/ZP3/VAMP8/STXBP1/ITGAM/SLC4A8/ADORA2B/STX1A/SCAMP5/SYT1/RAB15/GATA2	13
GO:2000406	positive regulation of T cell migration	13/2449	32/12472	0.00508998150945493	0.0262134047736929	0.0176088631572034	CXCL13/WNT5A/ABL2/CCL5/SPN/ADAM8/PYCARD/ASCL2/AIF1/CCR2/ITGB3/ITGA4/CXCL10	13
GO:0032355	response to estradiol	24/2449	73/12472	0.00513498820391932	0.0264197856101747	0.0177474995510352	SSTR2/EZH2/STRN3/SOCS2/CD38/CFLAR/GPI/CASP3/GJB2/IL10/ASS1/SRD5A1/STXBP1/NQO1/FAM210B/CAT/SSTR3/ZNF703/ITGA2/COL1A1/AREG/LEP/CRHBP/MMP2	24
GO:0007249	canonical NF-kappaB signal transduction	71/2449	272/12472	0.00522023334695147	0.026832600581835	0.0180248081421155	CCR7/RELA/CCL19/RIPK2/NFKBIA/CASP1/TBK1/CARD16/TRIM25/CFLAR/CUL1/NFKB2/ZC3H12A/CARD9/TRAF3IP2/TNFAIP3/TLE1/CD40/SLC39A8/PELI1/TNIP1/TANK/HACD3/APOL3/RELB/CD4/CD74/OPTN/NFKB1/TNIP2/PIM2/WNT5A/IFIT5/CLEC7A/RHOH/HLA-DRB1/TIFA/TRAF1/IRAK2/TNF/EDN1/TNIP3/TMEM106A/TRAF5/LGALS9/OTUD7B/TLR2/TIFAB/BIRC3/NR1D1/PYCARD/S100A4/TREM2/GPRC5B/FAIM/CD36/TLR7/RHOC/EDNRB/NDFIP2/PPM1N/EDA2R/CX3CR1/GBP7/HTR2B/DEFB124/FASLG/CARD11/LURAP1/S100A12/IL1A	71
GO:0051346	negative regulation of hydrolase activity	44/2449	155/12472	0.00526455622025888	0.0269658778990227	0.0181143372231555	RFFL/LAMP3/CPEB2/CARD16/DNAJB6/SIAH2/RCC2/ABCE1/SERPINA1/SEMA4D/VEGFA/SLC39A14/RDX/SERPINB9/CSTA/CAMK2A/CD44/SERPINB8/NOL3/CDKN2D/TIMP2/RASA4/SERPINA2/TRIAP1/SORT1/SERPINE2/PPP1R15A/PLAUR/TNF/PLA2R1/APOC1/SERPINF2/CST3/HGF/VTN/PPP4R4/SERPINF1/CR1/PTX3/HDAC9/SERPINE1/SORL1/GCHFR/THBS1	44
GO:0001910	regulation of leukocyte mediated cytotoxicity	27/2449	85/12472	0.00529257109798614	0.0269658778990227	0.0181143372231555	ICAM1/RASGRP1/NECTIN2/IL7R/SERPINB9/PVR/MICA/HLA-DRB1/CD1D/HLA-DRA/LILRB1/LGALS9/CD1E/IL12B/CD226/LAG3/HFE/CXCL6/ITGAM/NCR1/CX3CR1/STAP1/IL23A/IL18RAP/CEACAM1/LEP/KLRC1	27
GO:0030203	glycosaminoglycan metabolic process	27/2449	85/12472	0.00529257109798614	0.0269658778990227	0.0181143372231555	NDST2/DSE/PXYLP1/ST3GAL3/GUSB/FUCA1/CHST2/CD44/ST3GAL4/NFKB1/CEMIP2/CHST15/HS3ST3B1/CHST13/TNFAIP6/CHST3/EXT1/B3GNT7/CHPF/EDNRB/HS3ST3A1/ITIH3/CEMIP/HS3ST2/ITIH1/HAS1/SMPD3	27
GO:0014808	release of sequestered calcium ion into cytosol by sarcoplasmic reticulum	10/2449	22/12472	0.00531664806971023	0.0269658778990227	0.0181143372231555	CALM2/NOL3/RYR1/PDE4D/DMD/GSTM2/CASQ1/CCL3/CCR5/ANK2	10
GO:0019359	nicotinamide nucleotide biosynthetic process	10/2449	22/12472	0.00531664806971023	0.0269658778990227	0.0181143372231555	IDO1/IDO2/NMRK1/NAMPT/NNMT/HAAO/AFMID/PARP10/PARP9/NMNAT2	10
GO:0019363	pyridine nucleotide biosynthetic process	10/2449	22/12472	0.00531664806971023	0.0269658778990227	0.0181143372231555	IDO1/IDO2/NMRK1/NAMPT/NNMT/HAAO/AFMID/PARP10/PARP9/NMNAT2	10
GO:0021952	central nervous system projection neuron axonogenesis	10/2449	22/12472	0.00531664806971023	0.0269658778990227	0.0181143372231555	ADARB1/SCN1B/EPHB1/PRDM8/EPHB2/SPTBN4/DRAXIN/PLXNA4/EPHB3/NR4A2	10
GO:0030194	positive regulation of blood coagulation	10/2449	22/12472	0.00531664806971023	0.0269658778990227	0.0181143372231555	ENPP4/PLAT/ST3GAL4/SERPINF2/VTN/CD36/THBD/EMILIN1/SERPINE1/THBS1	10
GO:0042398	cellular modified amino acid biosynthetic process	10/2449	22/12472	0.00531664806971023	0.0269658778990227	0.0181143372231555	CKB/MTHFS/GCH1/PLSCR1/GATM/SLC27A1/ALDH7A1/ATIC/CHDH/PLOD2	10
GO:0045591	positive regulation of regulatory T cell differentiation	10/2449	22/12472	0.00531664806971023	0.0269658778990227	0.0181143372231555	SOCS1/FOXO3/BCL6/HLA-DRB1/HLA-DRA/VSIR/LGALS9/LILRB2/IFNG/CR1	10
GO:0045672	positive regulation of osteoclast differentiation	10/2449	22/12472	0.00531664806971023	0.0269658778990227	0.0181143372231555	SLC9B2/PPARGC1B/TNF/IL12B/TREM2/IFNG/NEDD9/OCSTAMP/IL23A/CSF1	10
GO:1900016	negative regulation of cytokine production involved in inflammatory response	10/2449	22/12472	0.00531664806971023	0.0269658778990227	0.0181143372231555	EZH2/ZC3H12A/MEFV/CHID1/IL1R2/MIR146A/PYCARD/TREM2/EPHB2/APOD	10
GO:1900048	positive regulation of hemostasis	10/2449	22/12472	0.00531664806971023	0.0269658778990227	0.0181143372231555	ENPP4/PLAT/ST3GAL4/SERPINF2/VTN/CD36/THBD/EMILIN1/SERPINE1/THBS1	10
GO:1901381	positive regulation of potassium ion transmembrane transport	10/2449	22/12472	0.00531664806971023	0.0269658778990227	0.0181143372231555	KCNJ2/KCNE5/KCNMB1/ATP1B2/TREM2/KCNE1/ATP1B1/KCNN4/KCNQ1/ANK2	10
GO:0099177	regulation of trans-synaptic signaling	75/2449	290/12472	0.00535188086904906	0.0271188968161086	0.0182171277303288	ACHE/NEFH/PFN2/RAPGEF2/SLC8A3/CD38/BAIAP2/FLOT1/ACE/CDK5/HMGCR/EPHB1/PLAT/PNKD/CAMK2A/FBXO2/OPHN1/WNT5A/RETN/HRH1/LRP8/ADORA1/SERPINE2/STXBP1/KCNQ3/ADORA2A/UNC13A/BACE1/MAPK8IP2/CDH1/TNF/EDN1/SRGN/HIP1/PLCL1/PLCB1/LILRB2/TUBB2B/SYP/CACNA1A/SYN1/MYOF/AKAP12/ADGRB1/RGS14/SYNGR1/P2RY1/APOE/EPHB2/SLC4A8/KCNJ10/LGMN/ADORA2B/CCL2/CLSTN3/NTNG2/DNM1/STX1A/APBA1/CCR2/RASGRF1/ADORA3/SYT1/CX3CR1/GFAP/ITPKA/MME/PDE9A/RASGRF2/NGFR/SLC7A11/ITPR3/CA2/DBN1/JPH4	75
GO:0031663	lipopolysaccharide-mediated signaling pathway	19/2449	54/12472	0.00536043366739861	0.0271365621196474	0.0182289944037095	RIPK2/NFKBIA/CARD16/ACOD1/TNFAIP3/HCK/LYN/TRIB1/IRAK2/SCIMP/TLR2/TIFAB/BMP6/SASH1/SCARB1/LY86/CD180/CD55/CD36	19
GO:0051017	actin filament bundle assembly	38/2449	130/12472	0.00539368712358046	0.0272533851263179	0.0183074702963238	SYNPO2/PFN2/BAIAP2/PTGER4/MARCKS/SDC4/RDX/PAK1/BAIAP2L1/PDXP/CGNL1/PLEK/FRMD7/CALD1/SORBS3/PHACTR1/LIMK1/EVL/FSCN1/FHDC1/MTSS1/SERPINF2/FERMT2/SYNPO/AIF1/ARHGEF5/MYO1B/DLC1/RHOC/NEDD9/SORBS1/PLS3/ITGB5/TJP1/MET/ESPNL/SPIRE2/FAM171A1	38
GO:0051606	detection of stimulus	38/2449	130/12472	0.00539368712358046	0.0272533851263179	0.0183074702963238	TLR1/CALM2/PKD1L1/EPHB1/FOXF1/PLCB2/PAK1/CLEC7A/HLA-DRB1/HPN/CD1D/ADORA1/SERPINE2/FECH/BACE1/NR2F6/TNF/RTP4/KCNMB1/TLR2/CABP4/OR2I1P/SCARB1/GNGT2/PKD2L1/TREM2/KCNQ1/ITGA2/OR5B21/SYT1/FFAR4/NGFR/OR6N1/NR4A1/OR52N4/GUCY2F/NLRP3/TTN	38
GO:0016053	organic acid biosynthetic process	65/2449	246/12472	0.00544866600884069	0.0274802874556307	0.0184598920096195	IDO1/INSIG2/DSE/PTGES/CASP1/STARD4/ABAT/FADS3/ABHD2/HSD3B7/MTAP/UROS/HACD3/APOC2/CBR1/MGST2/CYP7B1/CD74/PNPLA8/MTHFD1/ASS1/ELOVL7/SCP2/GGTA1/AKR1B1/PTGS1/ALDH1A1/INSIG1/EDN1/GATM/ACSS1/HAAO/LTA4H/GSTM4/OSBPL3/AASS/APOC1/MLXIPL/NR1D1/UPB1/DHRS9/PYCARD/SLC27A2/GSTM2/LOC102724560/CBS/MECR/FASN/OSBPL1A/ACSM5/PHGDH/SHMT1/BCAT1/ELOVL6/GSTM1/GGT5/FADS2/LIPG/ALOX15/ACACB/ALOX5AP/SDS/TRIB3/CEACAM1/PLOD2	65
GO:0048589	developmental growth	108/2449	439/12472	0.00544885460752051	0.0274802874556307	0.0184598920096195	ADARB1/ULK2/PLAC8/SLC1A2/CLIC4/BASP1/NBN/EZH2/SOCS2/GPAT4/CFLAR/SEMA4B/NRP2/SEMA3C/RASAL2/LPAR3/BMP10/HLX/SEMA4D/ARID5B/CDK5/VEGFA/TGFBR2/BRCA2/FOSL2/ADM/NINJ1/PTGFRN/SMURF1/ADAM15/IMPACT/MAPK11/WNT5A/DIPK2A/ZP3/CPNE9/NTN1/MDK/FES/GPAM/AGRN/TP53/MAP3K13/RUNX1/DDR1/GINS1/UNC13A/TNFAIP6/CDH1/FMN1/EDN1/FXN/BCL2/PIM1/PLCB1/HEG1/LIMK1/PLXNA1/PELO/SEMA4C/CTTN/GLI3/FGF13/EPB41L5/VCL/RASAL1/NRCAM/SEMA3A/EXT1/RTN4R/APOE/IL7/MFSD2A/WASF1/CD9/ACVR1C/LGMN/DDR2/SEMA3B/NEDD4L/SPTBN4/SEMA6B/APBA1/SEMA6A/KLF5/ACACB/DRAXIN/SYT1/SLC12A5/EREG/EVC/OLFM1/LHX2/COBL/PLXNA4/ITGA4/PTX3/CPNE5/GLI1/AREG/LRP4/DLL1/APOD/LEP/CDK1/PHLDA2/CSF1/SMPD3	108
GO:0086001	cardiac muscle cell action potential	16/2449	43/12472	0.00553898250191597	0.0279085515336425	0.0187475785429012	SCN1B/KCNJ2/KCNE5/GPD1L/FGF13/DMD/TRPM4/KCNJ5/KCNE1/NEDD4L/ANK3/ATP1B1/KCNQ1/SCN4B/DSP/ANK2	16
GO:0002702	positive regulation of production of molecular mediator of immune response	35/2449	118/12472	0.00574472467167321	0.0284823970065151	0.0191330594253898	SLC7A5/RIPK2/PANX1/SLAMF1/MAPKAPK2/CARD9/MAD2L2/GPI/CD40/NR4A3/IL10/CD74/PHB1/CD86/WNT5A/CLEC7A/LILRB1/SCIMP/CLCF1/FFAR2/RSAD2/PYCARD/CD226/RIGI/GPRC5B/CD55/EPHB2/CD36/TLR7/FFAR3/IL18/TNFSF4/TBX21/NLRP3/IL18R1	35
GO:0007009	plasma membrane organization	35/2449	118/12472	0.00574472467167321	0.0284823970065151	0.0191330594253898	UGCG/A4GALT/NDRG1/BAIAP2/CLU/FLOT1/XKR8/PALS1/MICALL1/GSN/SPACA6/BAIAP2L1/PLSCR1/PLSCR2/MTSS1/FNBP1L/FOLR2/MYOF/MTSS2/CD9/S100A9/TLCD2/FOLR3/PACSIN3/SNX9/ANK3/MYRF/EHD2/SYPL2/CR1/ANO9/FASLG/ATP8B1/ANK2/COLEC12	35
GO:0071375	cellular response to peptide hormone stimulus	61/2449	229/12472	0.005748452320236	0.0284823970065151	0.0191330594253898	PTPN2/SOCS1/RELA/INSIG2/CPEB2/SNX5/JAK3/SOCS2/BAIAP2/CFLAR/SOCS3/KANK1/RAB13/PTPN1/PRKDC/SLC39A14/GJB2/EEF2K/NR4A3/EPRS1/SESN3/CAMK2A/ASS1/ERFE/NFKB1/FBP1/LYN/GCLC/ZDHHC7/SRD5A1/MYO1C/PCK2/INSIG1/EDN1/ADCY6/PLCB1/SLC27A1/GRB10/FUT7/PDK2/GPT2/SLC2A8/IRS1/DDR2/UCP2/FFAR3/INHBA/SORBS1/PPARG/ITGB3/BRIP1/TRIB3/HDAC9/CA2/CEACAM1/LEP/NR4A1/CRHBP/SORL1/FBN1/NR4A2	61
GO:0001553	luteinization	6/2449	10/12472	0.00576986571173803	0.0284823970065151	0.0191330594253898	PDGFRA/RETN/FZD4/A2M/INHBA/MMP2	6
GO:0002420	natural killer cell mediated cytotoxicity directed against tumor cell target	6/2449	10/12472	0.00576986571173803	0.0284823970065151	0.0191330594253898	NECTIN2/PVR/NKG7/IL12B/CD226/CEACAM1	6
GO:0002423	natural killer cell mediated immune response to tumor cell	6/2449	10/12472	0.00576986571173803	0.0284823970065151	0.0191330594253898	NECTIN2/PVR/NKG7/IL12B/CD226/CEACAM1	6
GO:0002604	regulation of dendritic cell antigen processing and presentation	6/2449	10/12472	0.00576986571173803	0.0284823970065151	0.0191330594253898	CCR7/CCL19/FGL2/CD74/SLC11A1/THBS1	6
GO:0002887	negative regulation of myeloid leukocyte mediated immunity	6/2449	10/12472	0.00576986571173803	0.0284823970065151	0.0191330594253898	RABGEF1/FOXF1/CD84/LGALS9/CCR2/CX3CR1	6
GO:0006534	cysteine metabolic process	6/2449	10/12472	0.00576986571173803	0.0284823970065151	0.0191330594253898	GCLM/MTHFD1/GCLC/LOC102724560/CBS/SLC7A11	6
GO:0009159	deoxyribonucleoside monophosphate catabolic process	6/2449	10/12472	0.00576986571173803	0.0284823970065151	0.0191330594253898	DNPH1/DPYS/UPP1/PNP/ADA/UPB1	6
GO:0009214	cyclic nucleotide catabolic process	6/2449	10/12472	0.00576986571173803	0.0284823970065151	0.0191330594253898	CNP/PDE4B/PDE4D/PDE8B/PDE9A/PDE2A	6
GO:0014819	regulation of skeletal muscle contraction	6/2449	10/12472	0.00576986571173803	0.0284823970065151	0.0191330594253898	KCNJ2/SLC8A3/DMD/GSTM2/CASQ1/NR4A1	6
GO:0030201	heparan sulfate proteoglycan metabolic process	6/2449	10/12472	0.00576986571173803	0.0284823970065151	0.0191330594253898	NDST2/HS3ST3B1/HS6ST1/SULF2/HS3ST3A1/HS3ST2	6
GO:0030949	positive regulation of vascular endothelial growth factor receptor signaling pathway	6/2449	10/12472	0.00576986571173803	0.0284823970065151	0.0191330594253898	HIF1A/ITGA5/GRB10/VTN/ROBO1/ITGB3	6
GO:0032621	interleukin-18 production	6/2449	10/12472	0.00576986571173803	0.0284823970065151	0.0191330594253898	CASP1/IL10/TNF/CD84/TLR2/GBP5	6
GO:0032661	regulation of interleukin-18 production	6/2449	10/12472	0.00576986571173803	0.0284823970065151	0.0191330594253898	CASP1/IL10/TNF/CD84/TLR2/GBP5	6
GO:0033690	positive regulation of osteoblast proliferation	6/2449	10/12472	0.00576986571173803	0.0284823970065151	0.0191330594253898	ITGAV/TMEM119/CTHRC1/ITGB3/SOX8/LRP5	6
GO:0072672	neutrophil extravasation	6/2449	10/12472	0.00576986571173803	0.0284823970065151	0.0191330594253898	MDK/JAML/PECAM1/ADAM8/FUT7/RIPOR2	6
GO:0090557	establishment of endothelial intestinal barrier	6/2449	10/12472	0.00576986571173803	0.0284823970065151	0.0191330594253898	RAP2C/RAPGEF2/AFDN/TJP2/FASN/TJP1	6
GO:0098856	intestinal lipid absorption	6/2449	10/12472	0.00576986571173803	0.0284823970065151	0.0191330594253898	UGCG/NPC1/LDLR/SCARB1/CD36/LEP	6
GO:0098885	modification of postsynaptic actin cytoskeleton	6/2449	10/12472	0.00576986571173803	0.0284823970065151	0.0191330594253898	PFN2/BAIAP2/CTTNBP2/WASF1/ITPKA/WASF3	6
GO:1903977	positive regulation of glial cell migration	6/2449	10/12472	0.00576986571173803	0.0284823970065151	0.0191330594253898	P2RX4/TREM2/CCL3/CCR2/CX3CR1/CSF1	6
GO:0044403	biological process involved in symbiotic interaction	66/2449	251/12472	0.00577850554472837	0.0284987805686604	0.0191440650885738	STOM/CD80/DDB1/CTSL/ITGA5/ITGAV/ICAM1/TRIM25/SLC1A5/SAP30/SLAMF1/ZC3H12A/CARD9/NECTIN2/NPC1/CIITA/GSN/ZDHHC9/CD4/LDLR/DYNLT1/CD74/PVR/PHB1/DPP4/CD86/HLA-DRB1/HPN/PLSCR1/VAMP8/CCL5/CCL4/IFI27/LGALS9/TPCN1/APOL1/IFITM1/TYRO3/SCARB1/TREM1/FCN1/CCL8/CXCL6/FASN/CD55/APOE/CCL3/NECTIN3/CSF1R/EPHA2/CCR5/IFITM3/ITGA2/TFAP4/CH25H/CX3CR1/CXCL8/CR1/ITGB3/PTX3/ITGB5/GPR15/CR2/CLEC4M/CDK1/IFIT1	66
GO:0009162	deoxyribonucleoside monophosphate metabolic process	9/2449	19/12472	0.00582949280442005	0.0285595782011957	0.0191849059179448	ADK/DNPH1/DPYS/UPP1/PNP/ADA/TK2/UPB1/SHMT1	9
GO:0010463	mesenchymal cell proliferation	9/2449	19/12472	0.00582949280442005	0.0285595782011957	0.0191849059179448	TGFBR2/FOXF1/WNT5A/PDGFA/CTNNBIP1/SHOX2/DCHS1/LRP5/ZEB1	9
GO:0046885	regulation of hormone biosynthetic process	9/2449	19/12472	0.00582949280442005	0.0285595782011957	0.0191849059179448	HIF1A/NR3C1/ADM/NFKB1/CYP27B1/BMP6/PDE8B/FFAR3/DKK3	9
GO:0048843	negative regulation of axon extension involved in axon guidance	9/2449	19/12472	0.00582949280442005	0.0285595782011957	0.0191849059179448	SEMA4B/SEMA3C/SEMA4D/WNT5A/SEMA4C/SEMA3A/SEMA3B/SEMA6B/SEMA6A	9
GO:0061036	positive regulation of cartilage development	9/2449	19/12472	0.00582949280442005	0.0285595782011957	0.0191849059179448	RUNX2/BMP10/WNT5A/MDK/ZNF219/BMP6/GLI3/SOX5/ACVRL1	9
GO:0070242	thymocyte apoptotic process	9/2449	19/12472	0.00582949280442005	0.0285595782011957	0.0191849059179448	HIF1A/JAK3/CHEK2/WNT5A/TP53/ADA/PTCRA/ADAM8/GLI3	9
GO:0086005	ventricular cardiac muscle cell action potential	9/2449	19/12472	0.00582949280442005	0.0285595782011957	0.0191849059179448	KCNE5/GPD1L/TRPM4/KCNJ5/KCNE1/NEDD4L/KCNQ1/DSP/ANK2	9
GO:0046209	nitric oxide metabolic process	21/2449	62/12472	0.00583349114117029	0.0285595782011957	0.0191849059179448	CYB5R3/CLU/ZC3H12A/P2RX4/IL10/GCH1/ASS1/ACP5/CLEC7A/TNF/EDN1/TMEM106A/NQO1/TLR2/MTARC1/IFNG/CD36/CX3CR1/PTX3/ARG2/GCHFR	21
GO:0048662	negative regulation of smooth muscle cell proliferation	14/2449	36/12472	0.00588165703140881	0.0286821510289715	0.0192672442547511	PTGIR/TNFAIP3/IL10/TRIB1/IL12B/MIR4632/CTNNBIP1/AIF1/APOE/IFNG/PPARG/IGFBP3/APOD/MIR34A	14
GO:0061333	renal tubule morphogenesis	14/2449	36/12472	0.00588165703140881	0.0286821510289715	0.0192672442547511	VEGFA/HS3ST3B1/FMN1/BCL2/GREM1/CTNNBIP1/MTSS1/GLI3/DCHS1/HES1/HS3ST3A1/SOX8/LAMA5/LGR4	14
GO:0072028	nephron morphogenesis	14/2449	36/12472	0.00588165703140881	0.0286821510289715	0.0192672442547511	VEGFA/HS3ST3B1/FMN1/BCL2/GREM1/CTNNBIP1/GLI3/DCHS1/HES1/HS3ST3A1/LIF/SOX8/LAMA5/LGR4	14
GO:0072088	nephron epithelium morphogenesis	14/2449	36/12472	0.00588165703140881	0.0286821510289715	0.0192672442547511	VEGFA/HS3ST3B1/FMN1/BCL2/GREM1/CTNNBIP1/GLI3/DCHS1/HES1/HS3ST3A1/LIF/SOX8/LAMA5/LGR4	14
GO:0030857	negative regulation of epithelial cell differentiation	12/2449	29/12472	0.00590136863964275	0.0286821510289715	0.0192672442547511	JAG1/EZH2/VEGFA/SPRED3/SPRED2/IFNG/HES1/ACVRL1/S1PR3/ZEB1/DLL1/IL1A	12
GO:0032330	regulation of chondrocyte differentiation	12/2449	29/12472	0.00590136863964275	0.0286821510289715	0.0192672442547511	RUNX2/MBOAT2/MDK/ZNF219/GREM1/BMP6/GLI3/SHOX2/SOX5/ACVRL1/MAF/SCIN	12
GO:1902624	positive regulation of neutrophil migration	12/2449	29/12472	0.00590136863964275	0.0286821510289715	0.0192672442547511	CCR7/CCL19/CD74/CAMK1D/MDK/EDN1/ADAM8/FUT7/RIPOR2/CXCL8/IL23A/IL1A	12
GO:2000316	regulation of T-helper 17 type immune response	12/2449	29/12472	0.00590136863964275	0.0286821510289715	0.0192672442547511	IL27RA/BATF/ZC3H12A/CARD9/CLEC7A/NFKBIZ/LOXL3/IL12B/ASCL2/EPHB2/IL23A/TBX21	12
GO:0050954	sensory perception of mechanical stimulus	33/2449	110/12472	0.00595090734085031	0.028896699653304	0.0194113673627202	CCDC50/CASP3/P2RX4/GJB2/PGAP1/CDKN2D/HPN/SERPINE2/KCNQ3/BACE1/TNF/FZD4/KCNQ4/THRB/ALDH7A1/RIPOR2/OTOA/KCNE1/USP53/SPTBN4/KCNQ1/ITGA2/HOXA1/COL1A1/MYO7B/CEMIP/CDH23/CRYM/SLC26A4/ATP8B1/COCH/ESPNL/LOXHD1	33
GO:1902532	negative regulation of intracellular signal transduction	111/2449	454/12472	0.00597720379976599	0.0289981010430676	0.0194794837791763	PTPN2/HIF1A/GRINA/RFFL/RELA/DYRK2/BCL6/TBK1/FIGNL1/DUSP5/CLU/PHLDA3/PHLPP1/KANK1/ZC3H12A/PTPN1/HDAC7/DNAJA1/MUC1/TNFAIP3/TLE1/NPC1/RABGEF1/SLC39A8/IL10/TNIP1/TANK/DDIT4/SESN3/BMT2/CD74/CD44/RASA2/PHB1/SPRED3/OPTN/DUSP7/PPIF/DDIAS/FBP1/LYN/NOL3/CDKN2D/RASA4/DYRK3/ZNF385A/ABL2/RASA4B/RHOH/UACA/SESN2/TRIAP1/GPD1L/MAP2K3/CNKSR3/CGNL1/TBC1D7/TBC1D7-LOC100130357/PLEK/GBP1/PLAUR/TRAP1/SPRED2/TNIP3/BCL2/DUSP4/OTUD7B/MIR146A/AIM2/ACKR3/DUSP1/HEG1/UCHL1/PDE4D/NR1D1/DLG5/PYCARD/CASTOR1/RASAL1/DUSP16/RGS14/DUSP2/RIPOR2/TREM2/PEBP1/APOE/EPHB2/EPHA2/DUSP19/ATF3/IVNS1ABP/DLC1/SNAI1/DEPTOR/SEMA6A/BANK1/PPM1N/NLRP2/ITGA3/PPARG/LIF/EMILIN1/PDE2A/SLA2/DUSP8/SORL1/MET/NLRP3/THBS1/MIR34A/LAX1	111
GO:0034142	toll-like receptor 4 signaling pathway	17/2449	47/12472	0.00600353644963063	0.0290731837470359	0.0195299206099148	RELA/RIPK2/NFKBIA/ACOD1/PIK3AP1/TNFAIP3/PELI1/NINJ1/RAB7B/LYN/ZNRF1/IRAK2/TNIP3/SCIMP/MIR146A/NR1D1/TREM2	17
GO:0061082	myeloid leukocyte cytokine production	17/2449	47/12472	0.00600353644963063	0.0290731837470359	0.0195299206099148	RIPK2/BCL6/PANX1/MAPKAPK2/CARD9/RABGEF1/NR4A3/CD74/ACP5/PRG2/WNT5A/LILRB1/PYCARD/RIGI/GPRC5B/CD36/TLR7	17
GO:0042391	regulation of membrane potential	62/2449	234/12472	0.00611892534676237	0.0296052070074609	0.0198873074076297	SCN1B/KCNJ2/CACNB3/SLC8A3/BAIAP2/ABAT/GCLM/CDK5/P2RX4/KCNE5/SLC39A8/NNT/KCNK6/GNA15/CHCHD10/POPDC2/NDP/PMAIP1/GCLC/ADORA1/GPD1L/GABRR2/KCNK5/KCNQ3/ADORA2A/MAPK8IP2/TNF/KCNH3/EDN1/KCNMA1/BCL2/NEDD4/ABCB5/MTLN/FGF13/DMD/NRCAM/ATP1B2/TRPM4/TREM2/P2RX5/HSH2D/KCNJ5/SLC4A8/SLC29A1/CD36/KCNE1/KCNJ10/UCP2/NEDD4L/USP53/ANK3/SCN8A/ATP1B1/LIPA/KCNN4/KCNQ1/STX1A/SCN4B/ATP1A4/DSP/ANK2	62
GO:1904950	negative regulation of establishment of protein localization	30/2449	98/12472	0.00619085762911045	0.0296844688411822	0.019940551570135	PIM3/DNAJA1/CD200/CDK5/CYP51A1/HMGCR/SUFU/ADTRP/TXN/MIDN/NDUFAF2/INSIG1/KLF7/HADH/MIR146A/FFAR2/IL12B/RHBDF1/RSAD2/FRMD4A/APOE/PKIG/IRS1/PDE8B/CD36/KCNE1/ACVR1C/UCP2/NDFIP2/APOD	30
GO:0009163	nucleoside biosynthetic process	8/2449	16/12472	0.00620181490539262	0.0296844688411822	0.019940551570135	ADK/MTAP/PGM2/PNP/ADA/TK2/APRT/ADA2	8
GO:0019400	alditol metabolic process	8/2449	16/12472	0.00620181490539262	0.0296844688411822	0.019940551570135	GPD2/GK5/TKFC/GK/SORD/PCK2/DGAT2/LEP	8
GO:0030449	regulation of complement activation	8/2449	16/12472	0.00620181490539262	0.0296844688411822	0.019940551570135	PHB1/A2M/TREM2/CD55/CR1/CFH/VSIG4/CR2	8
GO:0034404	nucleobase-containing small molecule biosynthetic process	8/2449	16/12472	0.00620181490539262	0.0296844688411822	0.019940551570135	ADK/MTAP/PGM2/PNP/ADA/TK2/APRT/ADA2	8
GO:0042454	ribonucleoside catabolic process	8/2449	16/12472	0.00620181490539262	0.0296844688411822	0.019940551570135	ENPP4/UPP1/PNP/ADA/APOBEC3F/ADA2/APOBEC3G/CDA	8
GO:0044539	long-chain fatty acid import into cell	8/2449	16/12472	0.00620181490539262	0.0296844688411822	0.019940551570135	EPRS1/ACSL1/FABP3/ACSL5/SLC27A1/SLC27A2/CD36/THBS1	8
GO:0061437	renal system vasculature development	8/2449	16/12472	0.00620181490539262	0.0296844688411822	0.019940551570135	CFLAR/PDGFRA/ACTA2/NOTCH3/PECAM1/HES1/ITGB3/PDGFRB	8
GO:0061440	kidney vasculature development	8/2449	16/12472	0.00620181490539262	0.0296844688411822	0.019940551570135	CFLAR/PDGFRA/ACTA2/NOTCH3/PECAM1/HES1/ITGB3/PDGFRB	8
GO:0061687	detoxification of inorganic compound	8/2449	16/12472	0.00620181490539262	0.0296844688411822	0.019940551570135	SLC39A8/TXN/CAT/MT1F/MT2A/SLC11A1/MT1M/MT1E	8
GO:0071294	cellular response to zinc ion	8/2449	16/12472	0.00620181490539262	0.0296844688411822	0.019940551570135	P2RX4/MTF1/ZNF658/HVCN1/MT1F/MT2A/MT1M/MT1E	8
GO:0072540	T-helper 17 cell lineage commitment	8/2449	16/12472	0.00620181490539262	0.0296844688411822	0.019940551570135	BATF/SOCS3/IRF4/LOXL3/IL12B/IL23A/TBX21/LY9	8
GO:0043271	negative regulation of monoatomic ion transport	25/2449	78/12472	0.00627073650004429	0.0298069671252561	0.0200228398321853	PPP3CC/ACE/KCNE5/CALM2/PPIF/SERPINE2/LILRB1/BCL2/NEDD4/KEL/LILRB2/HAMP/GSTM2/TCAF2/EPHB2/KCNE1/HES1/NEDD4L/PACSIN3/ANK3/KCNAB1/HECW2/ANO9/MAOB/MIR34A	25
GO:0001768	establishment of T cell polarity	7/2449	13/12472	0.00627237840123053	0.0298069671252561	0.0200228398321853	CCR7/CCL19/TRAF3IP2/GSN/ABL2/FLOT2/RIPOR2	7
GO:0003081	regulation of systemic arterial blood pressure by renin-angiotensin	7/2449	13/12472	0.00627237840123053	0.0298069671252561	0.0200228398321853	NDST2/ATP6AP2/ACE/RPS6KA2/SERPINF2/EDNRB/SUCNR1	7
GO:0003338	metanephros morphogenesis	7/2449	13/12472	0.00627237840123053	0.0298069671252561	0.0200228398321853	BASP1/FMN1/GREM1/HES1/LIF/SOX8/LGR4	7
GO:0022010	central nervous system myelination	7/2449	13/12472	0.00627237840123053	0.0298069671252561	0.0200228398321853	CLU/B4GALT5/TLR2/KCNJ10/MYRF/ABCA2/B4GALT6	7
GO:0032291	axon ensheathment in central nervous system	7/2449	13/12472	0.00627237840123053	0.0298069671252561	0.0200228398321853	CLU/B4GALT5/TLR2/KCNJ10/MYRF/ABCA2/B4GALT6	7
GO:0070243	regulation of thymocyte apoptotic process	7/2449	13/12472	0.00627237840123053	0.0298069671252561	0.0200228398321853	HIF1A/JAK3/WNT5A/TP53/ADA/PTCRA/ADAM8	7
GO:0086019	cell-cell signaling involved in cardiac conduction	7/2449	13/12472	0.00627237840123053	0.0298069671252561	0.0200228398321853	SCN1B/KCNE5/TRPM4/KCNJ5/KCNQ1/SCN4B/ANK2	7
GO:0035725	sodium ion transmembrane transport	28/2449	90/12472	0.00628305935108553	0.0298069671252561	0.0200228398321853	SCN1B/SLC8A3/SLC9B2/SLC9A8/SLC41A1/SLC9A7/SLC24A3/GPD1L/SLC4A5/NEDD4/TRPM2/SLC38A5/TPCN1/FGF13/DMD/SLC6A7/ATP1B2/TRPM4/PKD2L1/FGF11/SLC4A8/NEDD4L/ANK3/SCN8A/ATP1B1/HECW2/SCN4B/ATP1A4	28
GO:0046887	positive regulation of hormone secretion	28/2449	90/12472	0.00628305935108553	0.0298069671252561	0.0200228398321853	HIF1A/CD38/ABAT/PFKFB2/CHRM3/RETN/HLA-DRB1/PCK2/TM7SF3/VAMP8/F2RL2/ACSL4/EDN1/PLCB1/FFAR2/BMP6/C1QTNF1/HFE/TRPM4/P2RY1/HCAR2/NKX3-1/INHBA/FFAR1/PPARG/FFAR4/LEP/NMB	28
GO:0006109	regulation of carbohydrate metabolic process	42/2449	148/12472	0.00633667214631487	0.0300347044386393	0.0201758224463011	PTPN2/HIF1A/DDB1/EPM2AIP1/DYRK2/RUBCNL/NR3C1/PPP1R3B/DDIT4/SLC2A6/CBFA2T3/ERFE/NLN/NFKB1/FBP1/PMAIP1/HRH1/MIDN/SESN2/TP53/PLEK/NNMT/SDHAF3/MLXIPL/PDK2/IER3/C1QTNF1/P2RY1/GPT2/IFNG/IRS1/SORBS1/ACACB/GCKR/P2RY6/KHK/IGFBP3/IGFBP4/NUPR1/LEP/PHLDA2/SMPD3	42
GO:0046890	regulation of lipid biosynthetic process	37/2449	127/12472	0.00634268479240973	0.0300366222353196	0.020177110726843	INSIG2/STARD4/NR3C1/FITM2/ADM/APOC2/LDLR/CD74/NFKB1/FABP3/PDGFA/CYP27B1/INSIG1/AVIL/TNF/SPHK1/APOC1/MLXIPL/SLC27A1/BMP6/NR1D1/SCARB1/APOE/IFNG/MFSD2A/PDE8B/IGFBP7/SNAI1/ABCA2/SORBS1/DKK3/SEC14L2/HTR2B/TRIB3/CEACAM1/LEP/IL1A	37
GO:0043954	cellular component maintenance	18/2449	51/12472	0.00639259478207028	0.0302462346755905	0.020317917951568	CHCHD10/OPHN1/SORT1/PLEKHA7/KIFC3/MTSS1/CTTN/FERMT2/TANC1/TREM2/APOE/CSF1R/NEDD9/ITGA3/ITPKA/ITGB3/PLXNA4/TJP1	18
GO:0019724	B cell mediated immunity	41/2449	144/12472	0.006522716218452	0.0308074674303606	0.0206949262365812	IL27RA/NBN/BATF/C1RL/BCL6/CLU/CARD9/MAD2L2/TRAF3IP2/NECTIN2/CD40/IL10/CD74/FCER1G/IRF7/INPP5D/NFKBIZ/ZP3/C5/C1S/C1R/TNF/CLCF1/CD70/CD226/TREM2/CD55/CD19/CSF2RB/GAPT/LTA/CCR6/C1QC/C1QA/CR1/TNFSF4/C2/SLA2/TBX21/CR2/IL2RB	41
GO:0050792	regulation of viral process	41/2449	144/12472	0.006522716218452	0.0308074674303606	0.0206949262365812	ADARB1/STOM/DDB1/LAMP3/N4BP1/TRIM25/NECTIN2/TNIP1/HACD3/CIITA/GSN/CD4/DYNLT1/ISG20/CD74/IFIT5/HLA-DRB1/PLSCR1/ZNFX1/CCL5/TNF/BCL2/APOBEC3F/LGALS9/RSAD2/IFITM1/TYRO3/IFIH1/APOBEC3G/EIF2AK2/FCN1/OASL/ZFP36/IFITM3/MX1/CH25H/CXCL8/ISG15/GBP7/PTX3/IFIT1	41
GO:0042593	glucose homeostasis	45/2449	161/12472	0.00654277554166534	0.0308749830847221	0.0207402798992925	PTPN2/HIF1A/ICAM1/CEBPA/SLC9B2/ACE/PRCP/PIM3/CRTC2/GPI/GCLM/SLC39A14/FOSL2/SESN3/GCLC/HLA-DRB1/SESN2/PCK2/HK2/NDUFAF2/KLF7/SLC16A1/MIR146A/ADISSP/FFAR2/MLXIPL/NR1D1/PDK2/TRPM4/TREM2/IRS1/SLC29A1/PDE8B/UCP2/SERPINF1/FFAR1/GCKR/HK3/PPARG/NGFR/LRP5/TRPV4/LEP/SUCNR1/PTPRN2	45
GO:0051055	negative regulation of lipid biosynthetic process	15/2449	40/12472	0.00656689441500502	0.0309615197946892	0.020798410962275	INSIG2/NFKB1/PDGFA/CYP27B1/INSIG1/SPHK1/APOC1/SLC27A1/APOE/PDE8B/SNAI1/ABCA2/DKK3/TRIB3/CEACAM1	15
GO:0035924	cellular response to vascular endothelial growth factor stimulus	19/2449	55/12472	0.0067116219901967	0.0316160487066786	0.0212380909711543	RELA/NRP2/MAPKAPK2/PDGFRA/VEGFA/ADGRA2/DLL4/MYO1C/MAP2K3/JCAD/SPHK1/IL12B/PTP4A3/ROBO1/SEMA6A/PDGFRB/EMILIN1/DLL1/NR4A1	19
GO:0003007	heart morphogenesis	44/2449	157/12472	0.00675391727868204	0.0317594213736795	0.0213344016067051	HIF1A/JAG1/DNAAF1/NRP2/SEMA3C/BMP10/OVOL2/VEGFA/TGFBR2/CCM2L/DLL4/IFT172/FOXF1/ADAM15/SUFU/FLRT2/CCDC103/WNT5A/TAB1/RYR1/TP53/TNNT2/BBS5/MICAL2/EDN1/IFT57/PIM1/HEG1/VANGL2/EXT1/SHOX2/DCHS1/HES1/DLC1/ROBO1/ACVRL1/SNAI1/OLFM1/HTR2B/DHRS3/HEY1/DSP/DLL1/TTN	44
GO:0006006	glucose metabolic process	44/2449	157/12472	0.00675391727868204	0.0317594213736795	0.0213344016067051	PTPN2/DDB1/EPM2AIP1/DYRK2/CRTC2/NR3C1/GPI/SLC39A14/PFKFB2/PGM2/ERFE/NLN/SORD/FBP1/PMAIP1/G6PC3/DCXR/MIDN/SESN2/PCK2/TP53/HK2/TNF/NNMT/GDPGP1/SDHAF3/GALM/PDK2/C1QTNF1/GPT2/IRS1/ATF3/LIPA/KCNQ1/SORBS1/ACACB/GCKR/HK3/IGFBP3/SDS/IGFBP4/LRP5/APOD/LEP	44
GO:0001783	B cell apoptotic process	11/2449	26/12472	0.0068017883349893	0.0317891608396184	0.0213543791025934	BCL6/TRAF3IP2/IL10/CD74/SLC39A10/LYN/NFKBIZ/ADA/BCL2/HSH2D/PDCD1	11
GO:0035272	exocrine system development	11/2449	26/12472	0.0068017883349893	0.0317891608396184	0.0213543791025934	TWSG1/SEMA3C/TGM2/PDGFA/TNF/PLXNA1/HGF/TFCP2L1/NKX3-1/IGSF3/LAMA5	11
GO:0042311	vasodilation	11/2449	26/12472	0.0068017883349893	0.0317891608396184	0.0213543791025934	GCH1/ADORA1/ADORA2A/TNF/KCNMA1/KCNMB1/EXT1/APOE/ADORA2B/EDNRB/ITGA1	11
GO:0043094	cellular metabolic compound salvage	11/2449	26/12472	0.0068017883349893	0.0317891608396184	0.0213543791025934	ADK/MTAP/PGM2/AMPD3/UPP1/PNP/ADA/TK2/AMPD2/APRT/CDA	11
GO:0043268	positive regulation of potassium ion transport	11/2449	26/12472	0.0068017883349893	0.0317891608396184	0.0213543791025934	KCNJ2/KCNE5/ADORA1/KCNMB1/ATP1B2/TREM2/KCNE1/ATP1B1/KCNN4/KCNQ1/ANK2	11
GO:0045776	negative regulation of blood pressure	11/2449	26/12472	0.0068017883349893	0.0317891608396184	0.0213543791025934	KL/SNX5/ABAT/PRCP/KCNK6/GCH1/ADORA1/TNF/ADM2/IER3/FFAR3	11
GO:1901889	negative regulation of cell junction assembly	11/2449	26/12472	0.0068017883349893	0.0317891608396184	0.0213543791025934	RCC2/ACE/MMP14/WNT5A/TNF/TLR2/DLC1/ACVRL1/PTPN13/APOD/THBS1	11
GO:0051701	biological process involved in interaction with host	47/2449	170/12472	0.00689924524573499	0.0321155926483207	0.0215736597759444	CD80/DDB1/CTSL/ITGA5/ITGAV/ICAM1/TRIM25/SLC1A5/SLAMF1/NECTIN2/NPC1/CIITA/GSN/CD4/LDLR/DYNLT1/CD74/PVR/PHB1/DPP4/CD86/HLA-DRB1/PLSCR1/VAMP8/LGALS9/TPCN1/IFITM1/TYRO3/SCARB1/FCN1/CD55/NECTIN3/EPHA2/CCR5/IFITM3/ITGA2/CH25H/CXCL8/CR1/ITGB3/PTX3/ITGB5/GPR15/CR2/CLEC4M/CDK1/IFIT1	47
GO:0002701	negative regulation of production of molecular mediator of immune response	13/2449	33/12472	0.00691360685651864	0.0321155926483207	0.0215736597759444	BCL6/JAK3/SLAMF1/RABGEF1/IL10/ACP5/PRG2/LILRB1/TNF/HFE/CR1/TBX21/CD96	13
GO:0010043	response to zinc ion	13/2449	33/12472	0.00691360685651864	0.0321155926483207	0.0215736597759444	P2RX4/MTF1/ALAD/ASS1/ZNF658/HVCN1/HAAO/LTA4H/MT1F/MT2A/KHK/MT1M/MT1E	13
GO:0019432	triglyceride biosynthetic process	13/2449	33/12472	0.00691360685651864	0.0321155926483207	0.0215736597759444	GPAT4/GK/FITM2/LDLR/ACSL1/GPAM/PCK2/SLC27A1/SCARB1/MFSD2A/DGAT2/GPAT2/GPAT3	13
GO:0035987	endodermal cell differentiation	13/2449	33/12472	0.00691360685651864	0.0321155926483207	0.0215736597759444	LAMA3/ITGA5/ITGAV/ITGB2/MMP14/LAMB3/COL6A1/LAMB1/VTN/INHBA/ITGA4/ITGB5/MMP2	13
GO:0045124	regulation of bone resorption	13/2449	33/12472	0.00691360685651864	0.0321155926483207	0.0215736597759444	GPR137B/CD38/TNFAIP3/PPARGC1B/INPP5D/TNFRSF11B/ADAM8/HAMP/CSF1R/TMEM119/SIGLEC15/DCSTAMP/ITGB3	13
GO:0071715	icosanoid transport	13/2449	33/12472	0.00691360685651864	0.0321155926483207	0.0215736597759444	PTGES/ACE/P2RX4/PNPLA8/EDN1/PLA2R1/ABCC11/SLCO4A1/ABCC3/LEP/SLCO2B1/NMB/IL1A	13
GO:0007589	body fluid secretion	20/2449	59/12472	0.00696682205034358	0.032315941900848	0.0217082444512988	HIF1A/SOCS2/GPAT4/TRAF3IP2/VEGFA/FOSL2/CHRM3/HK2/VAMP8/ADORA1/SLC4A5/DDR1/ADA/EDN1/DCANP1/NME1/TIFAB/SLC29A1/KCNN4/CELSR2	20
GO:0030072	peptide hormone secretion	43/2449	153/12472	0.00696880375195659	0.032315941900848	0.0217082444512988	HIF1A/CD38/SLC9B2/ABAT/PIM3/PFKFB2/CHRM3/MIDN/HLA-DRB1/PCK2/TM7SF3/F2RL2/NDUFAF2/KLF7/SLC16A1/ACSL4/HADH/CCL5/TNF/EDN1/PLCB1/FFAR2/IL1RN/NR1D1/HFE/TRPM4/IFNG/IRS1/PDE8B/SLC16A10/ACVR1C/UCP2/FFAR3/STX1A/FFAR1/EXOC3L1/FFAR4/LRP5/TRPV4/LEP/CRHBP/PTPRN2/SMPD3	43
GO:0050679	positive regulation of epithelial cell proliferation	38/2449	132/12472	0.00708550671340681	0.0328286971946426	0.0220526879861815	HIF1A/B4GALT1/RUNX2/CFLAR/NRP2/HLX/TNFAIP3/VEGFA/NR4A3/IL10/CYP7B1/NEAT1/WNT5A/MDK/HPN/TGFA/JCAD/AKT3/JAML/TNF/NME1/MMP12/MIR146A/LAMB1/BMP6/LRG1/ZNF703/HSPG2/ACVRL1/PPP1R16B/ST8SIA1/ITGB3/HTR2B/ITGA4/GATA2/IQGAP3/AREG/NR4A1	38
GO:0006949	syncytium formation	16/2449	44/12472	0.00714716511514308	0.0330571816551868	0.0222061724966449	CFLAR/FLOT1/PTGFRN/EHD1/SBNO2/CAMK1/TANC1/ADGRB1/RIPOR2/TREM2/CD9/EHD2/OCSTAMP/DCSTAMP/NFATC2/CXCL10	16
GO:0045682	regulation of epidermis development	16/2449	44/12472	0.00714716511514308	0.0330571816551868	0.0222061724966449	EZH2/NAB1/ERRFI1/OVOL2/MAFG/NAB2/PRKCH/CYP27B1/KLF7/MYCL/ZFP36/HES1/MAFF/PTCH2/ZBED2/DLL1	16
GO:2001057	reactive nitrogen species metabolic process	21/2449	63/12472	0.00716457470747911	0.0331091131434496	0.0222410574907258	CYB5R3/CLU/ZC3H12A/P2RX4/IL10/GCH1/ASS1/ACP5/CLEC7A/TNF/EDN1/TMEM106A/NQO1/TLR2/MTARC1/IFNG/CD36/CX3CR1/PTX3/ARG2/GCHFR	21
GO:0002040	sprouting angiogenesis	30/2449	99/12472	0.00725105013056132	0.0334798487062814	0.02249009922528	E2F7/ITGA5/HDAC7/VEGFA/ADGRA2/IL10/DLL4/ADTRP/CEMIP2/JCAD/AKT3/GREM1/MIR146A/IL12B/MIR22/STARD13/EPHA2/ROBO1/ACVRL1/PPP1R16B/SEMA6A/GATA2/NGFR/HDAC9/TJP1/CEACAM1/DLL1/NR4A1/THBS1/MIR34A	30
GO:0009746	response to hexose	37/2449	128/12472	0.00727234826688044	0.0335492655619394	0.0225367300205788	HIF1A/TXN2/ICAM1/SLC9B2/ACE/RASAL2/PIM3/GCLM/CASP3/SLC39A14/PFKFB2/EIF2B3/ZBED3/GCLC/GPAM/HLA-DRB1/SESN2/PCK2/NDUFAF2/KLF7/TNF/MIR146A/MLXIPL/NR1D1/TRPM4/TREM2/SLC29A1/PDE8B/ACVR1C/UCP2/SERPINF1/GCKR/KHK/COL6A3/LRP5/THBS1/PTPRN2	37
GO:0030100	regulation of endocytosis	60/2449	227/12472	0.00730381759171191	0.0336411309035728	0.0225984405936111	IL15/PPP3CC/IL15RA/CCL19/ITGAV/CLU/FLOT1/PPT1/PTPN1/HCK/VEGFA/RABGEF1/EEF2K/FPR2/VAC14/APOC2/FCER1G/CAMK1D/OPHN1/WNT5A/CLEC7A/TGM2/ABL2/PLSCR1/LILRB1/TNF/GREM1/HIP1/TLR2/SPHK1/APOC1/SCARB1/STON2/PYCARD/FCN1/HFE/VTN/TREM2/APOE/IFNG/CD36/FCN2/NEDD4L/PACSIN3/CCL2/SNX9/ABCA2/ITGA2/SCAMP5/ALOX15/SLC11A1/STAP1/ITGB3/C2/PTX3/GATA2/DNAJC6/SERPINE1/DLL1/IL2RB	60
GO:0030330	DNA damage response, signal transduction by p53 class mediator	22/2449	67/12472	0.0073111046250483	0.0336411309035728	0.0225984405936111	E2F7/NBN/BATF/NDRG1/MUC1/BRCA2/CD74/CHEK2/CD44/PMAIP1/DYRK3/ZNF385A/SESN2/TRIAP1/TP53/PLK3/PML/SPRED2/PLA2R1/HIPK2/SNAI1/TFAP4	22
GO:0035023	regulation of Rho protein signal transduction	22/2449	67/12472	0.0073111046250483	0.0336411309035728	0.0225984405936111	BCL6/FLOT1/KANK1/OPHN1/ABL2/F2RL2/ARHGDIB/HEG1/PRAG1/STARD13/RIPOR2/LPAR6/RTN4R/APOE/DLC1/ROBO1/ITGA3/ARHGAP20/MET/EPS8L1/MCF2L/LPAR4	22
GO:0033500	carbohydrate homeostasis	45/2449	162/12472	0.00737596571489451	0.0339104483853863	0.0227793546993535	PTPN2/HIF1A/ICAM1/CEBPA/SLC9B2/ACE/PRCP/PIM3/CRTC2/GPI/GCLM/SLC39A14/FOSL2/SESN3/GCLC/HLA-DRB1/SESN2/PCK2/HK2/NDUFAF2/KLF7/SLC16A1/MIR146A/ADISSP/FFAR2/MLXIPL/NR1D1/PDK2/TRPM4/TREM2/IRS1/SLC29A1/PDE8B/UCP2/SERPINF1/FFAR1/GCKR/HK3/PPARG/NGFR/LRP5/TRPV4/LEP/SUCNR1/PTPRN2	45
GO:0098742	cell-cell adhesion via plasma-membrane adhesion molecules	36/2449	124/12472	0.00745737566299346	0.0342553207984502	0.0230110228546643	ITGA5/ICAM1/NECTIN2/TGFBR2/IL10/ITGB2/PVR/PTPRF/AMIGO2/SCARF1/JAML/CDH1/IL1RAP/CD84/PECAM1/IL1RN/MDGA1/MPZL2/ITGAM/NECTIN3/DCHS1/PALLD/ROBO1/CLSTN3/NTNG2/NEXN/LRFN4/ITGA3/CDH23/SDK1/CELSR2/CLDN7/CEACAM1/ESAM/PCDH9/SELL	36
GO:0019751	polyol metabolic process	26/2449	83/12472	0.00749602435784805	0.0343921687918342	0.023102950538597	GPD2/SLC5A3/GK5/TKFC/GK/NAAA/GCH1/PLPP1/SORD/HRH1/PCK2/CYP27B1/PLEK/DEGS2/PLCB1/SPHK1/SGPP2/INPP5J/P2RY1/DGAT2/ABCA2/P2RY6/ITPKA/IMPA2/LEP/INPP4B	26
GO:0045069	regulation of viral genome replication	25/2449	79/12472	0.00750000992323792	0.0343921687918342	0.023102950538597	ADARB1/DDB1/N4BP1/TNIP1/HACD3/ISG20/IFIT5/PLSCR1/ZNFX1/CCL5/TNF/BCL2/APOBEC3F/RSAD2/IFITM1/IFIH1/APOBEC3G/EIF2AK2/OASL/IFITM3/MX1/CXCL8/ISG15/GBP7/IFIT1	25
GO:0031100	animal organ regeneration	17/2449	48/12472	0.00762841222322268	0.0348496104813509	0.0234102371418689	SLC7A5/EZH2/ACE/NR4A3/IL10/ADM/ANXA3/TNF/SULF2/NNMT/HFE/VTN/ATIC/HSPG2/UCP2/GLI1/CDK1	17
GO:0060993	kidney morphogenesis	17/2449	48/12472	0.00762841222322268	0.0348496104813509	0.0234102371418689	BASP1/VEGFA/GCNT4/HS3ST3B1/FMN1/BCL2/GREM1/PRKX/CTNNBIP1/GLI3/DCHS1/HES1/HS3ST3A1/LIF/SOX8/LAMA5/LGR4	17
GO:0061900	glial cell activation	17/2449	48/12472	0.00762841222322268	0.0348496104813509	0.0234102371418689	CLU/LDLR/ITGB2/ADORA2A/TNF/TLR2/TAFA3/SPHK1/NR1D1/AIF1/ITGAM/TREM2/IFNG/CCL3/C1QA/CX3CR1/STAP1	17
GO:0072080	nephron tubule development	17/2449	48/12472	0.00762841222322268	0.0348496104813509	0.0234102371418689	JAG1/VEGFA/HS3ST3B1/FMN1/BCL2/GREM1/CTNNBIP1/MTSS1/GLI3/DCHS1/HES1/HS3ST3A1/LIF/SOX8/DLL1/LAMA5/LGR4	17
GO:0008361	regulation of cell size	40/2449	141/12472	0.00763229893476935	0.0348496104813509	0.0234102371418689	VAV2/ULK2/SEMA4B/SEMA3C/LPAR3/SEMA4D/CDK5/VEGFA/IL7R/SMURF1/RDX/WNT5A/NTN1/MAP3K13/PLEK/AKT3/CDH1/EDN1/KCNMA1/KEL/LIMK1/SEMA4C/CTTN/FGF13/NRCAM/SEMA3A/PRR16/RTN4R/APOE/SEMA3B/DEPTOR/KCNN4/SEMA6B/SEMA6A/DRAXIN/SLC12A5/OLFM1/PLXNA4/IQGAP3/TRPV4	40
GO:0071560	cellular response to transforming growth factor beta stimulus	53/2449	197/12472	0.00777324168207552	0.0351172087890848	0.0235899963918659	SINHCAF/TWSG1/CFLAR/SAP30/NR3C1/OVOL2/PALS1/TGFBR2/CDKN2B/SMURF1/ZFP36L2/SPRED3/ACTA2/NDP/WNT5A/TAB1/NFKBIZ/SNX25/TP53/BAMBI/PML/CTSK/EDN1/SPRED2/CLEC3B/ADISSP/ITGB8/HIPK2/EPB41L5/FERMT2/LRG1/ZNF703/DDR2/NREP/SOX5/ACVRL1/VASN/COL1A1/HTRA4/CX3CR1/DKK3/HTRA3/ITGA3/DCSTAMP/PPARG/ITGB5/EMILIN1/PDE2A/ZEB1/YES1/PTPRK/FBN1/THBS1	53
GO:0006775	fat-soluble vitamin metabolic process	10/2449	23/12472	0.00777415546363334	0.0351172087890848	0.0235899963918659	AIFM2/CBR1/NFKB1/CYP27B1/TNF/NQO1/IFNG/LGMN/LIPA/SNAI1	10
GO:0010758	regulation of macrophage chemotaxis	10/2449	23/12472	0.00777415546363334	0.0351172087890848	0.0235899963918659	SLAMF1/C5/MDK/CCL5/SLAMF8/CSF1R/STAP1/TRPV4/THBS1/CSF1	10
GO:0019098	reproductive behavior	10/2449	23/12472	0.00777415546363334	0.0351172087890848	0.0235899963918659	ABAT/NR3C1/THRA/SERPINE2/ADA/MAPK8IP2/THRB/P2RY1/EDNRB/PI3	10
GO:0031954	positive regulation of protein autophosphorylation	10/2449	23/12472	0.00777415546363334	0.0351172087890848	0.0235899963918659	RAP2C/NBN/ACE/VEGFA/CALM2/PDGFA/GREM1/PDGFC/RAP2B/GPNMB	10
GO:0042401	biogenic amine biosynthetic process	10/2449	23/12472	0.00777415546363334	0.0351172087890848	0.0235899963918659	KL/SAT1/AZIN1/GCH1/OAZ3/SMOX/INSM1/SRM/HDC/NR4A2	10
GO:0043373	CD4-positive, alpha-beta T cell lineage commitment	10/2449	23/12472	0.00777415546363334	0.0351172087890848	0.0235899963918659	CTSL/BATF/SOCS3/IRF4/SPN/LOXL3/IL12B/IL23A/TBX21/LY9	10
GO:0046164	alcohol catabolic process	10/2449	23/12472	0.00777415546363334	0.0351172087890848	0.0235899963918659	GPD2/SRD5A3/GK5/TKFC/GK/SORD/SCARF1/SCARB1/APOE/ALDH1B1	10
GO:0070233	negative regulation of T cell apoptotic process	10/2449	23/12472	0.00777415546363334	0.0351172087890848	0.0235899963918659	HIF1A/IDO1/JAK3/IL7R/GPAM/ADA/CCL5/PTCRA/BCL2/ARG2	10
GO:0097066	response to thyroid hormone	10/2449	23/12472	0.00777415546363334	0.0351172087890848	0.0235899963918659	CTSL/ACE/GCLM/RDX/CRLS1/GCLC/HPN/THRB/HES1/C2	10
GO:1902042	negative regulation of extrinsic apoptotic signaling pathway via death domain receptors	10/2449	23/12472	0.00777415546363334	0.0351172087890848	0.0235899963918659	RFFL/TMBIM1/ICAM1/CFLAR/TNFAIP3/ITPRIP/FAIM2/HGF/FAIM/SERPINE1	10
GO:0002673	regulation of acute inflammatory response	14/2449	37/12472	0.00778269731752122	0.0351172087890848	0.0235899963918659	CCR7/PTGES/ZP3/ADORA1/OSM/TNF/SPN/FFAR2/ADAM8/FUT7/FFAR3/EDNRB/ALOX5AP/NLRP3	14
GO:0030851	granulocyte differentiation	14/2449	37/12472	0.00778269731752122	0.0351172087890848	0.0235899963918659	CEBPA/CSF2/EVI2B/FOSL2/CBFA2T3/LYN/TRIB1/INPP5D/RUNX1/FASN/CEBPE/C1QC/GATA2/CEACAM1	14
GO:0032733	positive regulation of interleukin-10 production	14/2449	37/12472	0.00778269731752122	0.0351172087890848	0.0235899963918659	CD274/CD83/CLEC7A/IRF4/LILRA5/LGALS9/TLR2/IL12B/PYCARD/HGF/TREM2/ISG15/IL23A/TNFSF4	14
GO:0046434	organophosphate catabolic process	34/2449	116/12472	0.00781757126678002	0.0352152327206676	0.0236558439996938	PLBD1/PLD1/DNPH1/FITM2/CNP/ENTPD7/AMPD3/APOC2/DPYS/LDLR/PNPLA8/UPP1/PDE4B/PNP/NUDT19/PDXP/GPD1L/ENPP2/ADA/PLCB1/PLB1/APOC1/PDE4D/UPB1/SCARB1/PDE8B/GDPD1/NTHL1/VNN1/LIPG/SMPDL3A/PDE9A/PDE2A/SMPD3	34
GO:0071466	cellular response to xenobiotic stimulus	34/2449	116/12472	0.00781757126678002	0.0352152327206676	0.0236558439996938	VAV2/SLC29A3/CBR1/SUFU/FBP1/PDE4B/ACSL1/SMOX/TP53/GSTO2/ADA/KCNQ3/EPHX1/EDN1/NQO1/AIM2/GSTM4/UCHL1/CYP3A7/GSTM2/AOC2/SLC29A1/CES3/ABCC3/NKX3-1/GSTM1/KCNQ1/CMBL/CD69/ITGB3/ALDH3A1/CRHBP/SLCO2B1/S100A12	34
GO:0002886	regulation of myeloid leukocyte mediated immunity	18/2449	52/12472	0.00801874377034473	0.0360607822283513	0.0242238421556748	RABGEF1/FOXF1/ITGB2/LYN/FES/VAMP8/STXBP1/CD84/LGALS9/RIGI/CXCL6/ITGAM/PRAM1/ADORA2B/CCR2/CX3CR1/STAP1/GATA2	18
GO:0045453	bone resorption	18/2449	52/12472	0.00801874377034473	0.0360607822283513	0.0242238421556748	GPR137B/SNX10/CD38/TNFAIP3/PPARGC1B/ACP5/INPP5D/CTSK/TNFRSF11B/ADAM8/HAMP/EXT1/IL7/CSF1R/TMEM119/SIGLEC15/DCSTAMP/ITGB3	18
GO:0001953	negative regulation of cell-matrix adhesion	12/2449	30/12472	0.00810727512729359	0.0362458811200204	0.0243481823961774	JAG1/BCL6/RCC2/ADAM15/MMP14/CDKN2A/MMP12/DLC1/ACVRL1/SERPINE1/APOD/THBS1	12
GO:0006584	catecholamine metabolic process	12/2449	30/12472	0.00810727512729359	0.0362458811200204	0.0243481823961774	KL/ABAT/PNKD/GCH1/ITGB2/INSM1/MAOA/AOC2/ITGAM/HDC/MAOB/NR4A2	12
GO:0009712	catechol-containing compound metabolic process	12/2449	30/12472	0.00810727512729359	0.0362458811200204	0.0243481823961774	KL/ABAT/PNKD/GCH1/ITGB2/INSM1/MAOA/AOC2/ITGAM/HDC/MAOB/NR4A2	12
GO:0019755	one-carbon compound transport	12/2449	30/12472	0.00810727512729359	0.0362458811200204	0.0243481823961774	SLC26A9/AQP9/SLC39A14/SLC39A8/CYB5RL/SLC39A10/SLC4A5/CYB5R2/SLC4A8/CA2/SLC26A4/RHCG	12
GO:0021955	central nervous system neuron axonogenesis	12/2449	30/12472	0.00810727512729359	0.0362458811200204	0.0243481823961774	ADARB1/SCN1B/B4GALT5/EPHB1/PRDM8/EPHB2/SPTBN4/DRAXIN/PLXNA4/B4GALT6/EPHB3/NR4A2	12
GO:0055094	response to lipoprotein particle	12/2449	30/12472	0.00810727512729359	0.0362458811200204	0.0243481823961774	NPC1/LDLR/ITGB2/FCER1G/ADTRP/MIR146A/TREM2/APOE/CD36/CD9/PPARG/SMPD3	12
GO:1903670	regulation of sprouting angiogenesis	12/2449	30/12472	0.00810727512729359	0.0362458811200204	0.0243481823961774	ITGA5/VEGFA/IL10/CEMIP2/JCAD/PPP1R16B/SEMA6A/TJP1/CEACAM1/DLL1/THBS1/MIR34A	12
GO:0009952	anterior/posterior pattern specification	32/2449	108/12472	0.00815552183883231	0.0364311717838081	0.0244726514596627	ATP6AP2/BASP1/TDRD7/ETS2/SEMA3C/PRKDC/PGAP1/FOXF1/HHEX/WNT5A/TP53/BHLHE40/PBX3/TSHZ1/DCANP1/PCGF2/TIFAB/TDRKH/CTNNBIP1/GLI3/HIPK2/EPB41L5/HES1/NKX3-1/COBL/HES4/CELSR2/HEY1/LRP5/DLL1/GDF11/PCSK6	32
GO:0032956	regulation of actin cytoskeleton organization	69/2449	268/12472	0.0081650194503302	0.0364432034799738	0.0244807337554637	DNAI3/CRACD/CCR7/SYNPO2/PFN2/BAIAP2/PTGER4/KANK1/NCK2/BMP10/HCK/PDGFRA/PLEKHG2/CDC42EP2/CYRIA/CDC42EP4/SDC4/GSN/RDX/PAK1/BAIAP2L1/ARHGAP18/COTL1/ABL2/PDGFA/TMOD1/PDXP/CGNL1/PLEK/IQGAP2/AVIL/FRMD7/FMN1/ARPIN/EDN1/SORBS3/VILL/TRPM2/LIMK1/EVL/FSCN1/MTSS1/SERPINF2/CTTN/PYCARD/FERMT2/CDC42EP3/SYNPO/WASF1/CSF1R/ARHGEF5/SIGLEC15/DLC1/RHOC/SNX9/SPTBN4/NEDD9/NCKAP1/DIXDC1/ALOX15/ITGB3/PDGFRB/CDC42EP5/TJP1/ESAM/MET/SCIN/WASF3/IL1A	69
GO:0007611	learning or memory	45/2449	163/12472	0.00829645220147235	0.0369989991599383	0.0248540896837131	HIF1A/SLC11A2/ITGA5/SLC8A3/PPT1/GPI/CASP3/CDK5/HMGCR/LDLR/HRH1/TAFA2/ZNF385A/MDK/THRA/MAPK8IP2/FOSL1/GATM/DCANP1/TLR2/PLCB1/TIFAB/LILRB2/FGF13/TANC1/RGS14/TREM2/APOE/NRXN2/EPHB2/PDE8B/LGMN/NEDD9/SERPINF1/SGK1/RASGRF1/CX3CR1/SLC12A5/ITGA3/MME/CCND2/SLC7A11/ITPR3/JPH4/CRHBP	45
GO:0050852	T cell receptor signaling pathway	37/2449	129/12472	0.00831305582453975	0.0370161863422235	0.0248656351789867	PTPN2/BTN2A1/CCR7/RFTN1/RELA/RIPK2/CACNB3/PHPT1/LCP2/ZC3H12A/NECTIN2/HLA-DPB1/FOSL2/EIF2B3/TRGC1/PDE4B/INPP5D/NFKBIZ/SHB/HLA-DRB1/GBP1/ADA/HLA-DQB1/PDE4D/TESPA1/CD226/TRGC2/PRAM1/LAT/LIPA/KCNN4/HHLA2/SLA2/CEACAM1/TRAT1/ITK/CARD11	37
GO:0071559	response to transforming growth factor beta	54/2449	202/12472	0.00831412848575333	0.0370161863422235	0.0248656351789867	SINHCAF/TWSG1/CFLAR/SAP30/NR3C1/OVOL2/PALS1/TGFBR2/CDKN2B/SMURF1/ZFP36L2/SPRED3/ACTA2/NDP/WNT5A/TAB1/NFKBIZ/SNX25/TP53/BAMBI/PML/CTSK/EDN1/SPRED2/CLEC3B/ADISSP/ITGB8/HIPK2/EPB41L5/FERMT2/LRG1/FNDC4/ZNF703/DDR2/NREP/SOX5/ACVRL1/VASN/COL1A1/HTRA4/CX3CR1/DKK3/HTRA3/ITGA3/DCSTAMP/PPARG/ITGB5/EMILIN1/PDE2A/ZEB1/YES1/PTPRK/FBN1/THBS1	54
GO:0035904	aorta development	15/2449	41/12472	0.00851155442731384	0.0377071013339065	0.0253297575486994	JAG1/TGFBR2/DLL4/SUFU/TAB1/MYLK/HES1/ROBO1/ACVRL1/NKX3-1/PDGFRB/NGFR/HEY1/PDE2A/LEP	15
GO:0043300	regulation of leukocyte degranulation	15/2449	41/12472	0.00851155442731384	0.0377071013339065	0.0253297575486994	RABGEF1/FOXF1/ITGB2/LYN/FES/VAMP8/STXBP1/CD84/LGALS9/ITGAM/PRAM1/ADORA2B/CCR2/GATA2/CEACAM1	15
GO:0046580	negative regulation of Ras protein signal transduction	15/2449	41/12472	0.00851155442731384	0.0377071013339065	0.0253297575486994	BCL6/KANK1/RABGEF1/RASA2/FBP1/RASA4/ABL2/RASA4B/HEG1/RASAL1/RIPOR2/EPHB2/DLC1/ITGA3/MET	15
GO:1902622	regulation of neutrophil migration	15/2449	41/12472	0.00851155442731384	0.0377071013339065	0.0253297575486994	CCR7/CCL19/CD74/DPP4/CAMK1D/MDK/TNFAIP6/EDN1/ADAM8/FUT7/RIPOR2/SLAMF8/CXCL8/IL23A/IL1A	15
GO:1902895	positive regulation of miRNA transcription	15/2449	41/12472	0.00851155442731384	0.0377071013339065	0.0253297575486994	HIF1A/RELA/MRTFB/FOXO3/NR3C1/IL10/TP53/TNF/FOSL1/ATOH8/ETS1/KLF5/PPARG/GATA2/NGFR	15
GO:1904888	cranial skeletal system development	15/2449	41/12472	0.00851155442731384	0.0377071013339065	0.0253297575486994	SLC39A1/INSIG2/RUNX2/FOXN3/PDGFRA/TGFBR2/MMP14/MTHFD1/INSIG1/DCANP1/TIFAB/GLI3/EXT1/HOXA1/IRF6	15
GO:0090276	regulation of peptide hormone secretion	36/2449	125/12472	0.00854041640366064	0.037772477504547	0.0253736740125273	HIF1A/CD38/SLC9B2/ABAT/PIM3/PFKFB2/CHRM3/MIDN/HLA-DRB1/PCK2/TM7SF3/F2RL2/NDUFAF2/KLF7/SLC16A1/ACSL4/HADH/CCL5/TNF/PLCB1/FFAR2/NR1D1/HFE/TRPM4/IFNG/IRS1/PDE8B/ACVR1C/UCP2/FFAR3/STX1A/FFAR1/FFAR4/LRP5/LEP/CRHBP	36
GO:2001236	regulation of extrinsic apoptotic signaling pathway	36/2449	125/12472	0.00854041640366064	0.037772477504547	0.0253736740125273	BCL2L14/RFFL/RELA/MCL1/TMBIM1/ITGAV/ICAM1/CFLAR/SIAH2/CSF2/TNFAIP3/GCLM/NOL3/PMAIP1/GCLC/G0S2/PML/TRAF1/ITPRIP/TNF/BCL2/FAIM2/CTTN/PYCARD/HGF/FAIM/IL7/ATF3/TMC8/ITGA6/DEPTOR/INHBA/SERPINE1/IL19/THBS1/IL1A	36
GO:0006023	aminoglycan biosynthetic process	20/2449	60/12472	0.00856237000691218	0.0378383281823611	0.025417909226703	NDST2/DSE/PXYLP1/ST3GAL3/B4GALT5/CHST2/ST3GAL4/NFKB1/CHST15/HS3ST3B1/CHST13/CHST3/EXT1/B3GNT7/CHPF/HS3ST3A1/CEMIP/HS3ST2/HAS1/SMPD3	20
GO:0051224	negative regulation of protein transport	29/2449	96/12472	0.00858917378486888	0.0379254862256865	0.0254764576705704	PIM3/CD200/CDK5/CYP51A1/HMGCR/SUFU/ADTRP/TXN/MIDN/NDUFAF2/INSIG1/KLF7/HADH/MIR146A/FFAR2/IL12B/RHBDF1/RSAD2/FRMD4A/APOE/PKIG/IRS1/PDE8B/CD36/KCNE1/ACVR1C/UCP2/NDFIP2/APOD	29
GO:0022898	regulation of transmembrane transporter activity	40/2449	142/12472	0.00865822569928252	0.0381988936123206	0.0256601191712023	SCN1B/CACNB3/KCNE5/CALM2/CHRM3/PPIF/PDE4B/GPD1L/MAPK8IP2/EDN1/BCL2/NEDD4/CABP4/PIM1/PDE4D/FGF13/DMD/GSTM2/CASQ1/TCAF2/ATP1B2/TREM2/FGF11/IFNG/EPHB2/KCNE1/NEDD4L/CCL2/ANK3/ATP1B1/CCR2/STAC/KCNAB1/P2RY6/HECW2/SCN4B/ANO9/JPH4/CRHBP/ANK2	40
GO:0048675	axon extension	28/2449	92/12472	0.00870476754264043	0.0383410649328801	0.0257556228018914	ULK2/SEMA4B/NRP2/SEMA3C/SEMA4D/CDK5/VEGFA/SMURF1/WNT5A/NTN1/MAP3K13/CDH1/EDN1/LIMK1/SEMA4C/CTTN/VCL/NRCAM/SEMA3A/RTN4R/APOE/SEMA3B/SEMA6B/SEMA6A/DRAXIN/OLFM1/LHX2/PLXNA4	28
GO:0060041	retina development in camera-type eye	28/2449	92/12472	0.00870476754264043	0.0383410649328801	0.0257556228018914	HIF1A/ACHE/CLIC4/PDGFRA/FJX1/DLL4/RDH13/NDP/ZHX2/SLC4A5/NFIA/CABP4/FZD4/HIPK2/THRB/MFSD2A/NECTIN3/HES1/ACVRL1/SERPINF1/NPHP1/LHX2/PDGFRB/SDK1/SOX8/LRP5/DLL1/GDF11	28
GO:0048709	oligodendrocyte differentiation	21/2449	64/12472	0.008733183649874	0.0383426964273591	0.0257567187588368	SLC8A3/CLU/CDK5/B4GALT5/TNFRSF1B/CNP/EIF2B3/LYN/MDK/TLR2/PRDM8/GLI3/VTN/KCNJ10/HES1/MYRF/ZNF365/ABCA2/B4GALT6/SOX8/WASF3	21
GO:0002295	T-helper cell lineage commitment	9/2449	20/12472	0.00877672625465688	0.0383426964273591	0.0257567187588368	BATF/SOCS3/IRF4/SPN/LOXL3/IL12B/IL23A/TBX21/LY9	9
GO:0002902	regulation of B cell apoptotic process	9/2449	20/12472	0.00877672625465688	0.0383426964273591	0.0257567187588368	BCL6/IL10/CD74/SLC39A10/LYN/ADA/BCL2/HSH2D/PDCD1	9
GO:0007617	mating behavior	9/2449	20/12472	0.00877672625465688	0.0383426964273591	0.0257567187588368	ABAT/THRA/SERPINE2/ADA/MAPK8IP2/THRB/P2RY1/EDNRB/PI3	9
GO:0031639	plasminogen activation	9/2449	20/12472	0.00877672625465688	0.0383426964273591	0.0257567187588368	PLAT/HPN/SERPINE2/RUNX1/PLAUR/CLEC3B/SERPINF2/SERPINE1/THBS1	9
GO:0035994	response to muscle stretch	9/2449	20/12472	0.00877672625465688	0.0383426964273591	0.0257567187588368	RELA/NFKBIA/GPI/GSN/NFKB1/EDN1/DMD/DDR2/TTN	9
GO:0042537	benzene-containing compound metabolic process	9/2449	20/12472	0.00877672625465688	0.0383426964273591	0.0257567187588368	IDO1/IDO2/HAAO/AFMID/GSTM4/GSTM2/GSTM1/EPHX2/TDO2	9
GO:0043931	ossification involved in bone maturation	9/2449	20/12472	0.00877672625465688	0.0383426964273591	0.0257567187588368	SNX10/SEMA4D/RYR1/PLXNB1/GREM1/EXT1/DCHS1/PHOSPHO1/LEP	9
GO:0060252	positive regulation of glial cell proliferation	9/2449	20/12472	0.00877672625465688	0.0383426964273591	0.0257567187588368	SLC7A5/LYN/NTN1/PRKCH/CYSLTR1/TNF/ETV5/LTA/GFAP	9
GO:0060306	regulation of membrane repolarization	9/2449	20/12472	0.00877672625465688	0.0383426964273591	0.0257567187588368	SCN1B/KCNJ2/CACNB3/KCNE5/KCNE1/NEDD4L/KCNQ1/SCN4B/ANK2	9
GO:0043299	leukocyte degranulation	22/2449	68/12472	0.00884747906074905	0.0386202916457799	0.0259431934368295	RASGRP1/HCK/RABGEF1/NR4A3/FOXF1/ITGB2/LYN/FES/VAMP8/ANXA3/STXBP1/NKG7/CD84/LGALS9/ITGAM/PRAM1/CCL3/ADORA2B/LAT/CCR2/GATA2/CEACAM1	22
GO:0098773	skin epidermis development	23/2449	72/12472	0.00891251979446161	0.038842983070061	0.0260927864733046	UGCG/RELA/FZD6/ACVR1B/WNT5A/NFKBIZ/PDGFA/TNF/APCDD1/BCL2/INTU/EXT1/SNAI1/INHBA/LHX2/IL18/NGFR/TGM3/LRP4/DLL1/MET/LAMA5/LGR4	23
GO:0006885	regulation of pH	25/2449	80/12472	0.00892033593382977	0.038842983070061	0.0260927864733046	ATP6AP2/CLIC4/PPT1/SLC9A8/CREG1/TM9SF4/CCDC115/SLC9A7/SLC4A5/HVCN1/EDN1/TMEM175/BCL2/PDK2/SLAMF8/SLC4A8/ATP6V0E2/EDNRB/SLC11A1/SLC12A5/ATP1A4/FASLG/CA2/SLC26A4/RHCG	25
GO:0043535	regulation of blood vessel endothelial cell migration	25/2449	80/12472	0.00892033593382977	0.038842983070061	0.0260927864733046	HIF1A/ATP5F1A/PRCP/GADD45A/HDAC7/CD40/P2RX4/VEGFA/DLL4/VASH1/MAP2K3/JCAD/AKT3/TNF/MIR146A/MIR22/STARD13/APOE/EPHA2/ETS1/ACVRL1/PPARG/GATA2/HDAC9/THBS1	25
GO:0001959	regulation of cytokine-mediated signaling pathway	39/2449	138/12472	0.00892750413727504	0.038842983070061	0.0260927864733046	PTPN2/HIF1A/CASP4/RFFL/RIPK2/CASP1/TBK1/CARD16/MAPKAPK2/PTPN1/TNFAIP3/RABGEF1/CD74/IRF7/WNT5A/IL1R2/VRK2/NLRC5/IRAK2/USP27X/PARP14/IL36RN/CCL5/EDN1/USP18/MMP12/SPHK1/IL1RN/PYCARD/PARP9/TREM2/IL7/ZBP1/ROBO1/ISG15/PPARG/STAP1/BIRC7/CSF1	39
GO:0060627	regulation of vesicle-mediated transport	99/2449	405/12472	0.00910654165793194	0.039538448122904	0.0265599653480771	IL15/RAB12/PPP3CC/IL15RA/PFN2/CCL19/ITGAV/PLD1/CLU/FLOT1/PPT1/DENND10/SLAMF1/RAB13/PTPN1/HCK/CDK5/VEGFA/RABGEF1/EEF2K/FPR2/SDC4/VAC14/RDX/APOC2/PGAP1/FOXF1/ITGB2/FCER1G/LYN/CAMK1D/OPHN1/WNT5A/CLEC7A/TGM2/EHD1/ZP3/ABL2/FES/PLSCR1/VAMP8/LILRB1/STXBP1/TNF/GREM1/HIP1/TRPV6/CD84/LGALS9/TLR2/SPHK1/APOC1/SYP/SCARB1/STON2/PYCARD/SYN1/FCN1/HFE/ITGAM/VTN/P2RY1/TREM2/APOE/IFNG/PRAM1/SLC4A8/CD36/FCN2/ADORA2B/NEDD4L/PACSIN3/CCL2/SNX9/EHD2/STX1A/ABCA2/CCR2/ITGA2/SCAMP5/ALOX15/SLC11A1/DOC2A/SYT1/RAB15/STAP1/ITGB3/C2/SEPTIN4/PTX3/GATA2/DNAJC6/SERPINE1/CEACAM1/DLL1/SORL1/SYT6/IL2RB/SMPD3	99
GO:0031295	T cell costimulation	16/2449	45/12472	0.00910949308880947	0.039538448122904	0.0265599653480771	CD80/CCR7/MAP3K8/CCL19/CD274/DPP4/LYN/CD86/LILRB2/SPN/PDCD1LG2/ICOS/TNFSF4/HHLA2/YES1/CARD11	16
GO:0042698	ovulation cycle	16/2449	45/12472	0.00910949308880947	0.039538448122904	0.0265599653480771	CASP3/PDGFRA/RETN/ZP3/MDK/TNFAIP6/FZD4/CA12/TYRO3/A2M/SERPINF1/INHBA/EREG/PTX3/LEP/MMP2	16
GO:0061572	actin filament bundle organization	38/2449	134/12472	0.00919984810991023	0.0397201396077746	0.0266820166619578	SYNPO2/PFN2/BAIAP2/PTGER4/MARCKS/SDC4/RDX/PAK1/BAIAP2L1/PDXP/CGNL1/PLEK/FRMD7/CALD1/SORBS3/PHACTR1/LIMK1/EVL/FSCN1/FHDC1/MTSS1/SERPINF2/FERMT2/SYNPO/AIF1/ARHGEF5/MYO1B/DLC1/RHOC/NEDD9/SORBS1/PLS3/ITGB5/TJP1/MET/ESPNL/SPIRE2/FAM171A1	38
GO:0010934	macrophage cytokine production	13/2449	34/12472	0.00921809812032559	0.0397201396077746	0.0266820166619578	RIPK2/PANX1/MAPKAPK2/CARD9/CD74/ACP5/PRG2/WNT5A/LILRB1/PYCARD/GPRC5B/CD36/TLR7	13
GO:0010935	regulation of macrophage cytokine production	13/2449	34/12472	0.00921809812032559	0.0397201396077746	0.0266820166619578	RIPK2/PANX1/MAPKAPK2/CARD9/CD74/ACP5/PRG2/WNT5A/LILRB1/PYCARD/GPRC5B/CD36/TLR7	13
GO:0021575	hindbrain morphogenesis	13/2449	34/12472	0.00921809812032559	0.0397201396077746	0.0266820166619578	CDK5/OPHN1/SERPINE2/FAIM2/LOC102724560/TTLL1/CBS/HES1/DLC1/ZNF365/KIF14/GLI1/DLL1	13
GO:0060042	retina morphogenesis in camera-type eye	13/2449	34/12472	0.00921809812032559	0.0397201396077746	0.0266820166619578	FJX1/RDH13/NDP/ZHX2/CABP4/HIPK2/THRB/MFSD2A/NECTIN3/SDK1/SOX8/LRP5/DLL1	13
GO:0071825	protein-lipid complex organization	13/2449	34/12472	0.00921809812032559	0.0397201396077746	0.0266820166619578	PLAGL2/APOC2/SOAT1/FECH/ABCA5/APOC1/SCARB1/APOE/MFSD2A/SNX9/LIPG/MPO/PCSK6	13
GO:0072078	nephron tubule morphogenesis	13/2449	34/12472	0.00921809812032559	0.0397201396077746	0.0266820166619578	VEGFA/HS3ST3B1/FMN1/BCL2/GREM1/CTNNBIP1/GLI3/DCHS1/HES1/HS3ST3A1/SOX8/LAMA5/LGR4	13
GO:2000179	positive regulation of neural precursor cell proliferation	13/2449	34/12472	0.00921809812032559	0.0397201396077746	0.0266820166619578	HIF1A/HAPLN3/VEGFA/DLL4/VCAN/LYN/MDK/INSM1/GLI3/CX3CR1/LHX2/HAPLN4/GLI1	13
GO:2000351	regulation of endothelial cell apoptotic process	13/2449	34/12472	0.00921809812032559	0.0397201396077746	0.0266820166619578	ICAM1/TNFAIP3/CD40/TNIP2/TNF/CCL2/ECSCR/ITGB3/ITGA4/GATA2/FASLG/SERPINE1/THBS1	13
GO:0050796	regulation of insulin secretion	32/2449	109/12472	0.00942230949723311	0.0405674354237786	0.0272511879011193	HIF1A/CD38/SLC9B2/ABAT/PIM3/PFKFB2/CHRM3/MIDN/HLA-DRB1/PCK2/TM7SF3/F2RL2/NDUFAF2/KLF7/SLC16A1/ACSL4/HADH/CCL5/TNF/PLCB1/FFAR2/NR1D1/TRPM4/IFNG/IRS1/PDE8B/ACVR1C/UCP2/STX1A/FFAR1/LRP5/LEP	32
GO:0060688	regulation of morphogenesis of a branching structure	11/2449	27/12472	0.00947518450233419	0.0407296052925376	0.0273601255630466	VEGFA/WNT5A/MDK/PDGFA/MAP3K13/TNF/GREM1/HGF/SHOX2/SOX8/LGR4	11
GO:1902230	negative regulation of intrinsic apoptotic signaling pathway in response to DNA damage	11/2449	27/12472	0.00947518450233419	0.0407296052925376	0.0273601255630466	CLU/MUC1/CD74/CD44/DDIAS/CDKN2D/ZNF385A/TRIAP1/BCL2/ACKR3/SNAI1	11
GO:0010810	regulation of cell-substrate adhesion	44/2449	160/12472	0.00964220941789881	0.0414143333137659	0.0278200918333501	CCR7/JAG1/ITGA5/BCL6/RCC2/KANK1/RIN2/VEGFA/SDC4/FOXF1/ADAM15/MMP14/CDK6/MDK/PDPN/GBP1/DDR1/FMN1/BCL2/GREM1/CDKN2A/MMP12/FZD4/PTPRO/EPB41L5/FERMT2/VCL/VTN/CD36/DLC1/CCDC80/ACVRL1/ITGA6/NEDD9/ALOX15/COL1A1/ITGA3/ITGB3/EMILIN1/SERPINE1/CASS4/APOD/THBS1/CSF1	44
GO:0010560	positive regulation of glycoprotein biosynthetic process	8/2449	17/12472	0.009722354078517	0.0415254612795351	0.0278947420803921	IL15/CCR7/CCL19/PXYLP1/SOAT1/PLCB1/ABCA2/RAMP1	8
GO:0010885	regulation of cholesterol storage	8/2449	17/12472	0.009722354078517	0.0415254612795351	0.0278947420803921	EHD1/MIR146A/TTC39B/SCARB1/TREM2/CD36/PPARG/MSR1	8
GO:0034368	protein-lipid complex remodeling	8/2449	17/12472	0.009722354078517	0.0415254612795351	0.0278947420803921	APOC2/ABCA5/APOC1/SCARB1/APOE/LIPG/MPO/PCSK6	8
GO:0034369	plasma lipoprotein particle remodeling	8/2449	17/12472	0.009722354078517	0.0415254612795351	0.0278947420803921	APOC2/ABCA5/APOC1/SCARB1/APOE/LIPG/MPO/PCSK6	8
GO:0045623	negative regulation of T-helper cell differentiation	8/2449	17/12472	0.009722354078517	0.0415254612795351	0.0278947420803921	BCL6/JAK3/ZC3H12A/HLX/LOXL3/ASCL2/TNFSF4/TBX21	8
GO:0045940	positive regulation of steroid metabolic process	8/2449	17/12472	0.009722354078517	0.0415254612795351	0.0278947420803921	STARD4/ADM/TNF/BMP6/NR1D1/APOE/IFNG/IL1A	8
GO:1901739	regulation of myoblast fusion	8/2449	17/12472	0.009722354078517	0.0415254612795351	0.0278947420803921	CFLAR/FLOT1/EHD1/ADGRB1/RIPOR2/EHD2/NFATC2/CXCL10	8
GO:0001101	response to acid chemical	30/2449	101/12472	0.00982410521889692	0.0419266195636748	0.0281642202878504	SOCS1/SLC1A2/RELA/SLC7A5/BAIAP2/RRAGC/GCLM/CASP3/PDGFRA/VEGFA/SESN3/BMT2/ALAD/ASS1/LRP11/LYN/CRLS1/GCLC/SESN2/TNF/EDN1/BCL2/NQO1/PDGFC/COL6A1/CASTOR1/PKD2L1/COL1A1/ZEB1/MMP2	30
GO:0051282	regulation of sequestering of calcium ion	29/2449	97/12472	0.0100076847453768	0.0426760824014635	0.0286676721921706	MCOLN2/CCR7/PLCB4/CCL19/CALM2/PLCB2/LYN/NOL3/RYR1/PLCB1/TRPM2/MTLN/PDE4D/TPCN1/DMD/GSTM2/CASQ1/CCL3/CD19/CCR5/CEMIP/P2RY6/ITGB3/HTR2B/FASLG/ITPR3/JPH4/ANK2/CXCL10	29
GO:0038061	non-canonical NF-kappaB signal transduction	35/2449	122/12472	0.0100272454464571	0.0427254786087701	0.0287008541104469	RELA/CCL19/NFKBIA/CARD14/NFKB2/ZC3H12A/HDAC7/RELB/PHB1/NFKB1/CD86/UACA/NFAT5/TNF/EDN1/GREM1/LGALS9/MIR146A/TLR2/SPHK1/ALK/ADISSP/BIRC3/IL12B/SASH1/PTP4A3/PYCARD/EIF2AK2/TREM2/TLR7/NLRP2/IL18/IL23A/NLRP3/IL18R1	35
GO:0031334	positive regulation of protein-containing complex assembly	46/2449	169/12472	0.0100570821068669	0.042818546712543	0.0287633726393365	CRACD/CCR7/PFN2/CLIP1/BAIAP2/CLU/FNIP2/NCK2/CXCL13/CSF2/TOGARAM1/HCK/VEGFA/CDC42EP2/CDC42EP4/PDE4DIP/PAK1/TRIM65/BAIAP2L1/CLEC7A/FES/TP53/PLEK/GBP2/FMN1/TNF/EVL/PSRC1/FSCN1/MTLN/CTTN/PYCARD/FERMT2/CDC42EP3/IFNG/CD36/ARHGEF5/RHOC/SNX9/NAV3/NCKAP1/GBP5/ALOX15/ISG15/CDC42EP5/MET	46
GO:0009620	response to fungus	14/2449	38/12472	0.0101395694052494	0.0429988390613741	0.028884484083129	CARD9/COTL1/CLEC7A/IL36RN/SCIMP/IL17RC/HAMP/S100A9/ZBP1/CLEC4E/CX3CR1/MPO/PTX3/S100A12	14
GO:0030890	positive regulation of B cell proliferation	14/2449	38/12472	0.0101395694052494	0.0429988390613741	0.028884484083129	BCL6/CD38/CD40/PELI1/CD74/SLC39A10/ADA/BCL2/CLCF1/GPR183/IL7/EPHB2/NFATC2/CARD11	14
GO:0043506	regulation of JUN kinase activity	14/2449	38/12472	0.0101395694052494	0.0429988390613741	0.028884484083129	CCL19/MAP3K4/MAP3K5/PTPN1/DNAJA1/PAK1/WNT5A/MAP3K13/TNF/EDN1/SASH1/DUSP16/ARHGEF5/DUSP19	14
GO:0046460	neutral lipid biosynthetic process	14/2449	38/12472	0.0101395694052494	0.0429988390613741	0.028884484083129	GPAT4/GK/FITM2/LDLR/ACSL1/GPAM/PCK2/AVIL/SLC27A1/SCARB1/MFSD2A/DGAT2/GPAT2/GPAT3	14
GO:0046463	acylglycerol biosynthetic process	14/2449	38/12472	0.0101395694052494	0.0429988390613741	0.028884484083129	GPAT4/GK/FITM2/LDLR/ACSL1/GPAM/PCK2/AVIL/SLC27A1/SCARB1/MFSD2A/DGAT2/GPAT2/GPAT3	14
GO:0045670	regulation of osteoclast differentiation	19/2449	57/12472	0.0102418169602887	0.0433980788285651	0.0291526735262048	GPR137B/SLC9B2/MITF/PPARGC1B/ERFE/INPP5D/LILRB1/TNFAIP6/TNF/TNFRSF11B/IL12B/TREM2/IFNG/CCL3/NEDD9/OCSTAMP/IL23A/FBN1/CSF1	19
GO:0007043	cell-cell junction assembly	27/2449	89/12472	0.01032550578164	0.0436833339966298	0.0293442937778548	ACE/RAB13/TLN2/HDAC7/GJB2/PRKCH/MYO1C/CDH1/TNF/PECAM1/FSCN1/AFDN/PTPRO/DLG5/VCL/EPHB2/CD9/EPHA2/ZNF703/RHOC/SNAI1/NPHP1/TJP1/CLDN7/TRPV4/ESAM/ANK2	27
GO:0043281	regulation of cysteine-type endopeptidase activity involved in apoptotic process	38/2449	135/12472	0.0104386237600992	0.0436833339966298	0.0293442937778548	RFFL/LAMP3/CASP1/MAP3K5/CARD16/DNAJB6/SIAH2/CARD9/VEGFA/FAM162A/GSN/CD44/NOL3/CDKN2D/PMAIP1/CLEC7A/ST20/UACA/TRIAP1/PLAUR/TNF/HIP1/IFT57/LGALS9/PYCARD/HGF/S100A9/ACVR1C/DLC1/ROBO1/NKX3-1/NLRP2/PPARG/ST18/NGFR/FASLG/NLRP3/THBS1	38
GO:0001767	establishment of lymphocyte polarity	7/2449	14/12472	0.0104396317243626	0.0436833339966298	0.0293442937778548	CCR7/CCL19/TRAF3IP2/GSN/ABL2/FLOT2/RIPOR2	7
GO:0006071	glycerol metabolic process	7/2449	14/12472	0.0104396317243626	0.0436833339966298	0.0293442937778548	GPD2/GK5/TKFC/GK/PCK2/DGAT2/LEP	7
GO:0009125	nucleoside monophosphate catabolic process	7/2449	14/12472	0.0104396317243626	0.0436833339966298	0.0293442937778548	DNPH1/AMPD3/DPYS/UPP1/PNP/ADA/UPB1	7
GO:0010893	positive regulation of steroid biosynthetic process	7/2449	14/12472	0.0104396317243626	0.0436833339966298	0.0293442937778548	STARD4/ADM/TNF/BMP6/NR1D1/IFNG/IL1A	7
GO:0018149	peptide cross-linking	7/2449	14/12472	0.0104396317243626	0.0436833339966298	0.0293442937778548	CSTA/TGM2/F13A1/PI3/TGM3/DSP/THBS1	7
GO:0021983	pituitary gland development	7/2449	14/12472	0.0104396317243626	0.0436833339966298	0.0293442937778548	WNT5A/SRD5A1/CDH1/HES1/GATA2/GLI1/PITX1	7
GO:0032700	negative regulation of interleukin-17 production	7/2449	14/12472	0.0104396317243626	0.0436833339966298	0.0293442937778548	IL27RA/IL36RN/VSIR/IL12B/IFNG/TNFSF4/ARG2	7
GO:0051044	positive regulation of membrane protein ectodomain proteolysis	7/2449	14/12472	0.0104396317243626	0.0436833339966298	0.0293442937778548	TNFRSF1B/TNF/ADAM8/APOE/IFNG/PACSIN3/SNX9	7
GO:0060444	branching involved in mammary gland duct morphogenesis	7/2449	14/12472	0.0104396317243626	0.0436833339966298	0.0293442937778548	WNT5A/PML/DDR1/EPHA2/LRP5/AREG/CSF1	7
GO:0072537	fibroblast activation	7/2449	14/12472	0.0104396317243626	0.0436833339966298	0.0293442937778548	GCLM/ACTA2/GCLC/AKAP12/CYGB/DDR2/LEP	7
GO:0099625	ventricular cardiac muscle cell membrane repolarization	7/2449	14/12472	0.0104396317243626	0.0436833339966298	0.0293442937778548	SCN1B/KCNE5/KCNJ5/KCNE1/KCNQ1/SCN4B/ANK2	7
GO:0150078	positive regulation of neuroinflammatory response	7/2449	14/12472	0.0104396317243626	0.0436833339966298	0.0293442937778548	TNF/TAFA3/TREM2/CCL3/IL18/STAP1/NUPR1	7
GO:1902285	semaphorin-plexin signaling pathway involved in neuron projection guidance	7/2449	14/12472	0.0104396317243626	0.0436833339966298	0.0293442937778548	ECE1/NRP2/PLXNB1/EDN1/PLXNA1/SEMA3A/PLXNA4	7
GO:2000774	positive regulation of cellular senescence	7/2449	14/12472	0.0104396317243626	0.0436833339966298	0.0293442937778548	CGAS/TP53/MIR146A/ABI3/MIR22/ARG2/MIR34A	7
GO:0032411	positive regulation of transporter activity	21/2449	65/12472	0.0105683301530217	0.0438353704414406	0.0294464243089587	SCN1B/CACNB3/CALM2/EDN1/FGF13/DMD/GSTM2/CASQ1/ATP1B2/TREM2/IFNG/EPHB2/CCL2/ANK3/ATP1B1/SGK1/CCR2/SYNGR3/STAC/P2RY6/ANK2	21
GO:0003085	negative regulation of systemic arterial blood pressure	6/2449	11/12472	0.0105987312773834	0.0438353704414406	0.0294464243089587	KL/PRCP/KCNK6/ADORA1/TNF/IER3	6
GO:0007620	copulation	6/2449	11/12472	0.0105987312773834	0.0438353704414406	0.0294464243089587	ABAT/SERPINE2/ADA/P2RY1/EDNRB/PI3	6
GO:0009158	ribonucleoside monophosphate catabolic process	6/2449	11/12472	0.0105987312773834	0.0438353704414406	0.0294464243089587	AMPD3/DPYS/UPP1/PNP/ADA/UPB1	6
GO:0014821	phasic smooth muscle contraction	6/2449	11/12472	0.0105987312773834	0.0438353704414406	0.0294464243089587	SSTR2/EDN1/DCANP1/TIFAB/EDNRB/HTR2B	6
GO:0030223	neutrophil differentiation	6/2449	11/12472	0.0105987312773834	0.0438353704414406	0.0294464243089587	CSF2/EVI2B/FOSL2/TRIB1/INPP5D/FASN	6
GO:0030656	regulation of vitamin metabolic process	6/2449	11/12472	0.0105987312773834	0.0438353704414406	0.0294464243089587	NFKB1/CYP27B1/TNF/CLYBL/IFNG/SNAI1	6
GO:0032332	positive regulation of chondrocyte differentiation	6/2449	11/12472	0.0105987312773834	0.0438353704414406	0.0294464243089587	RUNX2/ZNF219/BMP6/GLI3/SOX5/ACVRL1	6
GO:0035723	interleukin-15-mediated signaling pathway	6/2449	11/12472	0.0105987312773834	0.0438353704414406	0.0294464243089587	IL15/IL15RA/JAK3/CD4/PLCB1/IL2RB	6
GO:0042359	vitamin D metabolic process	6/2449	11/12472	0.0105987312773834	0.0438353704414406	0.0294464243089587	NFKB1/CYP27B1/TNF/IFNG/LGMN/SNAI1	6
GO:0070206	protein trimerization	6/2449	11/12472	0.0105987312773834	0.0438353704414406	0.0294464243089587	SLC1A2/SLC1A5/MLKL/CD74/CLYBL/ALOX5AP	6
GO:0071350	cellular response to interleukin-15	6/2449	11/12472	0.0105987312773834	0.0438353704414406	0.0294464243089587	IL15/IL15RA/JAK3/CD4/PLCB1/IL2RB	6
GO:0099560	synaptic membrane adhesion	6/2449	11/12472	0.0105987312773834	0.0438353704414406	0.0294464243089587	PTPRF/IL1RAP/MDGA1/NTNG2/LRFN4/ITGA3	6
GO:1902033	regulation of hematopoietic stem cell proliferation	6/2449	11/12472	0.0105987312773834	0.0438353704414406	0.0294464243089587	CEBPA/ACE/WNT5A/TSC22D1/PIM1/EIF2AK2	6
GO:1905522	negative regulation of macrophage migration	6/2449	11/12472	0.0105987312773834	0.0438353704414406	0.0294464243089587	CD200/C5/SLAMF8/CD200R1/STAP1/EMILIN1	6
GO:0030282	bone mineralization	24/2449	77/12472	0.0106203172538446	0.0438569153520368	0.0294608971096383	HIF1A/KL/SNX10/TUFT1/FOSL2/FAM20C/SLC24A3/SBNO2/CYP27B1/GREM1/SRGN/CLEC3B/BMP6/TRPM4/CCL3/TMEM119/DDR2/PHOSPHO1/ALPL/ALOX15/ISG15/LEP/LGR4/SMPD3	24
GO:0097581	lamellipodium organization	24/2449	77/12472	0.0106203172538446	0.0438569153520368	0.0294608971096383	VAV2/PARVB/KANK1/NCK2/PHPT1/CD44/PDPN/ENPP2/AVIL/FRMD7/ARPIN/FSCN1/ABI3/SPATA13/PTPRO/CTTN/VCL/WASF1/MTSS2/EPHA2/ABLIM3/NCKAP1/ABLIM1/WASF3	24
GO:0003014	renal system process	22/2449	69/12472	0.0106353918937046	0.0438787594235774	0.0294755708717793	ADM/GSN/MLLT6/ADORA1/AKR1B1/SLC4A5/ADORA2A/EDN1/ADCY6/KCNMA1/SULF2/BCL2/SERPINF2/PTPRO/TRPV5/LGMN/ABCG2/EDNRB/SGK1/KCNQ1/ITGA3/SUCNR1	22
GO:0002062	chondrocyte differentiation	23/2449	73/12472	0.010650184326111	0.0438787594235774	0.0294755708717793	HIF1A/TWSG1/RUNX2/SLC39A14/TGFBR2/FOSL2/MBOAT2/WNT5B/MDK/ZNF219/RUNX1/SULF2/GREM1/BMP6/TGFBI/GLI3/EXT1/SHOX2/SOX5/ACVRL1/MAF/SCIN/SMPD3	23
GO:0120162	positive regulation of cold-induced thermogenesis	23/2449	73/12472	0.010650184326111	0.0438787594235774	0.0294755708717793	PLAC8/ACHE/GADD45G/PPARGC1B/VEGFA/ACSL1/IRF4/G0S2/PEMT/THRA/HADH/GATM/PDGFC/GRB10/CD36/ELOVL6/UCP2/CCR2/ALPL/IL18/FFAR4/LEP/LCN2	23
GO:0002753	cytosolic pattern recognition receptor signaling pathway	37/2449	131/12472	0.010766895271486	0.0443255119708523	0.029775677040284	RFTN1/RELA/RIPK2/NFKBIA/TBK1/TRIM25/FLOT1/PIK3AP1/LILRA4/TNFAIP3/TKFC/PELI1/DHX58/MEFV/RAB7B/CGAS/PHB1/TNIP2/IRF7/TIFA/GBP2/RNF125/TNF/SCIMP/BIRC3/RSAD2/IFIH1/PYCARD/EIF2AK2/RIGI/OASL/TREM2/CD36/TLR7/GBP5/COLEC12/NLRP3	37
GO:0009988	cell-cell recognition	15/2449	42/12472	0.0108863564064315	0.0446322649627977	0.0299817384620971	B4GALT1/CCR7/CCL19/NCK2/EPHB1/ZP3/CLGN/FOLR2/ASTL/CD9/FOLR3/NEDD9/PRF1/CLEC4M/PCSK4	15
GO:0036230	granulocyte activation	15/2449	42/12472	0.0108863564064315	0.0446322649627977	0.0299817384620971	IL15/TRAF3IP2/ITGB2/FCER1G/ANXA3/CCL5/TNF/CXCL6/ITGAM/PRAM1/CCL3/CCR2/CXCL8/IL18/IL18RAP	15
GO:0050856	regulation of T cell receptor signaling pathway	15/2449	42/12472	0.0108863564064315	0.0446322649627977	0.0299817384620971	PTPN2/CCR7/RELA/PHPT1/NECTIN2/GBP1/ADA/TESPA1/CD226/LIPA/KCNN4/SLA2/CEACAM1/TRAT1/CARD11	15
GO:0052372	modulation by symbiont of entry into host	15/2449	42/12472	0.0108863564064315	0.0446322649627977	0.0299817384620971	ITGAV/TRIM25/NECTIN2/CIITA/GSN/CD4/CD74/HLA-DRB1/LGALS9/IFITM1/FCN1/IFITM3/CH25H/CXCL8/PTX3	15
GO:0002431	Fc receptor mediated stimulatory signaling pathway	12/2449	31/12472	0.010908072224851	0.0446322649627977	0.0299817384620971	VAV2/MYO1G/HCK/RABGEF1/NR4A3/FCER1G/LYN/PAK1/PLSCR1/LIMK1/CD226/YES1	12
GO:0022602	ovulation cycle process	12/2449	31/12472	0.010908072224851	0.0446322649627977	0.0299817384620971	CASP3/PDGFRA/RETN/ZP3/TNFAIP6/FZD4/A2M/INHBA/EREG/PTX3/LEP/MMP2	12
GO:0071827	plasma lipoprotein particle organization	12/2449	31/12472	0.010908072224851	0.0446322649627977	0.0299817384620971	PLAGL2/APOC2/SOAT1/FECH/ABCA5/APOC1/SCARB1/APOE/MFSD2A/LIPG/MPO/PCSK6	12
GO:0072539	T-helper 17 cell differentiation	12/2449	31/12472	0.010908072224851	0.0446322649627977	0.0299817384620971	BATF/SOCS3/ZC3H12A/ENTPD7/NFKBIZ/IRF4/LOXL3/IL12B/ASCL2/IL23A/TBX21/LY9	12
GO:0051090	regulation of DNA-binding transcription factor activity	80/2449	321/12472	0.0110067208937056	0.044852418962552	0.0301296269828235	RELA/RIPK2/NFKBIA/CARD16/TRIM25/CARD14/CFLAR/PSMA6/CLU/FLOT1/ACOD1/ZC3H12A/CRTC2/CARD9/MAD2L2/TNFAIP3/ARID5B/HCK/PPARGC1B/CD200/CD40/IL10/RAB7B/FZD6/CAMK2A/SUFU/CAMK1D/TRIB1/WNT5A/CLEC7A/PRKCH/MAP3K13/NLRC5/LRP8/RHEBL1/ANXA3/ID2/TRAF1/BHLHE40/IRAK2/TNF/FLOT2/EDN1/PARP10/TRAF5/CDKN2A/IL1RAP/LGALS9/AIM2/TLR2/PIM1/FZD4/SPHK1/ALK/CTNNBIP1/ADAM8/HIPK2/PYCARD/EIF2AK2/RIGI/CD36/S100A9/ARHGEF5/HES1/DDR2/SGK1/EDA2R/ADORA3/CX3CR1/IL18/PPARG/NFAM1/TNFSF4/IL18RAP/NUPR1/TMIGD3/CARD11/NLRP3/S100A12/IL18R1	80
GO:0002068	glandular epithelial cell development	10/2449	24/12472	0.0110204972656308	0.044852418962552	0.0301296269828235	HIF1A/GPAT4/CDK6/WNT5A/INSM1/BMP6/FASN/GATA2/DLL1/GDF11	10
GO:0008299	isoprenoid biosynthetic process	10/2449	24/12472	0.0110204972656308	0.044852418962552	0.0301296269828235	PDSS1/SRD5A3/LSS/HMGCS1/IDI1/HMGCR/FDPS/MVD/MVK/DHRS9	10
GO:0009309	amine biosynthetic process	10/2449	24/12472	0.0110204972656308	0.044852418962552	0.0301296269828235	KL/SAT1/AZIN1/GCH1/OAZ3/SMOX/INSM1/SRM/HDC/NR4A2	10
GO:0050820	positive regulation of coagulation	10/2449	24/12472	0.0110204972656308	0.044852418962552	0.0301296269828235	ENPP4/PLAT/ST3GAL4/SERPINF2/VTN/CD36/THBD/EMILIN1/SERPINE1/THBS1	10
GO:0050892	intestinal absorption	10/2449	24/12472	0.0110204972656308	0.044852418962552	0.0301296269828235	UGCG/NPC1/LDLR/HAMP/SCARB1/SLC46A1/TJP2/CD36/KCNQ1/LEP	10
GO:1990573	potassium ion import across plasma membrane	10/2449	24/12472	0.0110204972656308	0.044852418962552	0.0301296269828235	KCNJ2/KCNK5/KCNJ1/ATP1B2/KCNJ5/KCNJ10/ATP1B1/KCNQ1/SLC12A5/ATP1A4	10
GO:0043534	blood vessel endothelial cell migration	30/2449	102/12472	0.0113664969493767	0.0462254803803049	0.031051981435455	HIF1A/ATP5F1A/PRCP/GADD45A/HDAC7/CD40/P2RX4/VEGFA/DLL4/ADTRP/VASH1/MAP2K3/JCAD/AKT3/TNF/GREM1/MIR146A/SCARB1/MIR22/STARD13/APOE/EPHA2/ETS1/ROBO1/ACVRL1/PPARG/GATA2/HDAC9/NR4A1/THBS1	30
GO:0010952	positive regulation of peptidase activity	39/2449	140/12472	0.0114296318537171	0.0464279299665746	0.031187977010682	RIPK2/CTSL/CASP1/MAP3K5/TBC1D10A/CARD9/FAM162A/TANK/GSN/MEFV/LYN/PMAIP1/CLEC7A/ST20/UACA/CTSK/TNF/VSIR/HIP1/IFT57/LGALS9/AIM2/PERP/PYCARD/S100A9/ACVR1C/LGMN/DLC1/ROBO1/NKX3-1/NLRP2/CR1/PPARG/EFNA3/ST18/NGFR/FASLG/NLRP3/SEMG2	39
GO:0009749	response to glucose	35/2449	123/12472	0.0114336145679447	0.0464279299665746	0.031187977010682	HIF1A/TXN2/ICAM1/SLC9B2/ACE/RASAL2/PIM3/GCLM/CASP3/SLC39A14/PFKFB2/EIF2B3/ZBED3/GCLC/GPAM/HLA-DRB1/SESN2/PCK2/NDUFAF2/KLF7/MIR146A/MLXIPL/NR1D1/TRPM4/TREM2/SLC29A1/PDE8B/ACVR1C/UCP2/SERPINF1/KHK/COL6A3/LRP5/THBS1/PTPRN2	35
GO:0006826	iron ion transport	16/2449	46/12472	0.0114766982592635	0.0464971224482718	0.0312344570826998	SLC25A28/SLC11A2/SLC41A2/SLC39A14/SLC39A8/FXN/HAMP/SLC25A37/SLC46A1/HFE/SLC48A1/IFNG/SLC11A1/CYBRD1/SLC40A1/LCN2	16
GO:0031294	lymphocyte costimulation	16/2449	46/12472	0.0114766982592635	0.0464971224482718	0.0312344570826998	CD80/CCR7/MAP3K8/CCL19/CD274/DPP4/LYN/CD86/LILRB2/SPN/PDCD1LG2/ICOS/TNFSF4/HHLA2/YES1/CARD11	16
GO:0043903	regulation of biological process involved in symbiotic interaction	16/2449	46/12472	0.0114766982592635	0.0464971224482718	0.0312344570826998	ITGAV/TRIM25/NECTIN2/CIITA/GSN/CD4/CD74/HLA-DRB1/LGALS9/IFITM1/FCN1/CXCL6/IFITM3/CH25H/CXCL8/PTX3	16
GO:0001909	leukocyte mediated cytotoxicity	34/2449	119/12472	0.0117699580775628	0.0476492029202011	0.0320083675133146	RNF19B/ICAM1/RASGRP1/NECTIN2/IL7R/SERPINB9/PVR/MICA/SLAMF7/HLA-DRB1/CD1D/HLA-DRA/LILRB1/NKG7/LGALS9/CD1E/IL12B/CD226/LAG3/TREM1/HFE/CXCL6/ITGAM/GZMB/NCR1/PRF1/CX3CR1/IL18/STAP1/IL23A/IL18RAP/CEACAM1/LEP/KLRC1	34
GO:0051209	release of sequestered calcium ion into cytosol	28/2449	94/12472	0.0118435337029159	0.0479108508404968	0.0321841295886203	MCOLN2/CCR7/PLCB4/CCL19/CALM2/PLCB2/LYN/NOL3/RYR1/PLCB1/TRPM2/PDE4D/TPCN1/DMD/GSTM2/CASQ1/CCL3/CD19/CCR5/CEMIP/P2RY6/ITGB3/HTR2B/FASLG/ITPR3/JPH4/ANK2/CXCL10	28
GO:0061326	renal tubule development	17/2449	50/12472	0.0119294359507538	0.0481855648206918	0.0323686687939005	JAG1/VEGFA/HS3ST3B1/FMN1/BCL2/GREM1/CTNNBIP1/MTSS1/GLI3/DCHS1/HES1/HS3ST3A1/LIF/SOX8/DLL1/LAMA5/LGR4	17
GO:0097009	energy homeostasis	17/2449	50/12472	0.0119294359507538	0.0481855648206918	0.0323686687939005	PRCP/RASAL2/NR4A3/IGF2BP2/AMPD2/ALK/MLXIPL/APOE/MFSD2A/CD36/ACVR1C/LIPA/ACACB/TRPV4/DLL1/LEP/SORL1	17
GO:0042542	response to hydrogen peroxide	27/2449	90/12472	0.0120579828233062	0.0485093900460375	0.0325861984940365	RELA/MAP1LC3A/EZH2/PPP1R15B/MAP3K5/STK26/OSER1/TNFAIP3/CASP3/IL18BP/PPIF/TXN/FOSL1/EDN1/FXN/BCL2/NQO1/PCGF2/SPHK1/TRPM2/CAT/COL1A1/IL18RAP/AREG/CDK1/MMP2/SMPD3	27
GO:0043200	response to amino acid	27/2449	90/12472	0.0120579828233062	0.0485093900460375	0.0325861984940365	SOCS1/SLC1A2/RELA/SLC7A5/BAIAP2/RRAGC/GCLM/CASP3/PDGFRA/SESN3/BMT2/ALAD/ASS1/LYN/CRLS1/GCLC/SESN2/TNF/EDN1/BCL2/NQO1/PDGFC/COL6A1/CASTOR1/COL1A1/ZEB1/MMP2	27
GO:0002347	response to tumor cell	13/2449	35/12472	0.0120820624199802	0.0485093900460375	0.0325861984940365	RELA/CD274/NECTIN2/ADAM15/PVR/MICA/HLA-DRB1/NKG7/IL12B/ABI3/CD226/PRF1/CEACAM1	13
GO:0019674	NAD metabolic process	13/2449	35/12472	0.0120820624199802	0.0485093900460375	0.0325861984940365	IDO1/IDO2/CD38/ME1/NMRK1/GPD1L/NAMPT/NNMT/HAAO/AFMID/PARP10/PARP9/NMNAT2	13
GO:0031952	regulation of protein autophosphorylation	13/2449	35/12472	0.0120820624199802	0.0485093900460375	0.0325861984940365	RAP2C/NBN/ACE/ERRFI1/VEGFA/CALM2/EEF2K/IMPACT/PDGFA/GREM1/PDGFC/RAP2B/GPNMB	13
GO:0043616	keratinocyte proliferation	13/2449	35/12472	0.0120820624199802	0.0485093900460375	0.0325861984940365	OVOL2/IFT172/NFKBIZ/MDK/IFT57/INTU/LRG1/ZFP36/IRF6/EREG/ZEB1/AREG/PTPRK	13
GO:0061005	cell differentiation involved in kidney development	13/2449	35/12472	0.0120820624199802	0.0485093900460375	0.0325861984940365	BASP1/JAG1/ACTA2/GREM1/PRKX/MTSS1/PTPRO/GLI3/EXT1/HES1/EDNRB/LIF/LGR4	13
GO:0061081	positive regulation of myeloid leukocyte cytokine production involved in immune response	13/2449	35/12472	0.0120820624199802	0.0485093900460375	0.0325861984940365	RIPK2/PANX1/MAPKAPK2/CARD9/NR4A3/CD74/WNT5A/LILRB1/PYCARD/RIGI/GPRC5B/CD36/TLR7	13
GO:2000241	regulation of reproductive process	33/2449	115/12472	0.0121065480748759	0.0485712895048953	0.0326277794755969	DDB1/B4GALT1/JAG1/VEGFA/PLAT/RPS6KA2/ACVR1B/WNT5A/RETN/ZP3/SHB/RAD51AP1/STXBP1/ADA/ARHGDIB/UNC5C/PLCB1/PLB1/DUSP1/P2RY1/ASTL/ACVR1C/CCR6/EDNRB/SERPINF1/NKX3-1/SNAI1/INHBA/ITGB3/LIF/NUPR1/IL1A/SEMG2	33
GO:0001961	positive regulation of cytokine-mediated signaling pathway	18/2449	54/12472	0.012262554849014	0.0491603621042807	0.0330234891852583	HIF1A/CASP4/RIPK2/CASP1/TBK1/CD74/IRF7/WNT5A/NLRC5/USP27X/PARP14/EDN1/MMP12/PARP9/TREM2/IL7/ZBP1/CSF1	18
GO:0106106	cold-induced thermogenesis	32/2449	111/12472	0.0124417729468688	0.0498415376988999	0.0334810691118352	IL15/PLAC8/ACHE/GADD45G/PGAM5/PPARGC1B/VEGFA/ACSL1/IRF4/G0S2/PEMT/THRA/IGF2BP2/ALDH1A1/HADH/GATM/PLCL1/PDGFC/NR1D1/GRB10/ACOT11/CD36/ELOVL6/UCP2/CCR2/ALPL/IL18/FFAR4/LEP/LCN2/IL18R1/LGR4	32
GO:0006024	glycosaminoglycan biosynthetic process	19/2449	58/12472	0.012492535040477	0.0498956134800858	0.0335173945353825	NDST2/DSE/PXYLP1/ST3GAL3/CHST2/ST3GAL4/NFKB1/CHST15/HS3ST3B1/CHST13/CHST3/EXT1/B3GNT7/CHPF/HS3ST3A1/CEMIP/HS3ST2/HAS1/SMPD3	19
GO:0006809	nitric oxide biosynthetic process	19/2449	58/12472	0.012492535040477	0.0498956134800858	0.0335173945353825	CYB5R3/CLU/ZC3H12A/P2RX4/IL10/GCH1/ASS1/ACP5/CLEC7A/TNF/EDN1/NQO1/MTARC1/IFNG/CD36/CX3CR1/PTX3/ARG2/GCHFR	19
GO:0032414	positive regulation of ion transmembrane transporter activity	19/2449	58/12472	0.012492535040477	0.0498956134800858	0.0335173945353825	SCN1B/CACNB3/CALM2/EDN1/FGF13/DMD/GSTM2/CASQ1/ATP1B2/TREM2/IFNG/EPHB2/CCL2/ANK3/ATP1B1/CCR2/STAC/P2RY6/ANK2	19
GO:2000177	regulation of neural precursor cell proliferation	19/2449	58/12472	0.012492535040477	0.0498956134800858	0.0335173945353825	HIF1A/HAPLN3/VEGFA/DLL4/VCAN/LYN/WNT5A/MDK/TP53/ID2/INSM1/TAFA3/GLI3/CX3CR1/LHX2/HAPLN4/PDE9A/GATA2/GLI1	19
